path,size,expected,status
/mnt/mrdr/mc02/t1487_mrral_35n183_0327_4.img,631365120,631365120,OK
/mnt/mrdr/mc02/t1487_mrrde_35n183_0327_4.img,166610240,166610240,OK
/mnt/mrdr/mc02/t1487_mrrsu_35n183_0327_4.img,526137600,526137600,OK
/mnt/mrdr/mc02/t1488_mrral_35n188_0327_4.img,631365120,631365120,OK
/mnt/mrdr/mc02/t1488_mrrde_35n188_0327_4.img,166610240,166610240,OK
/mnt/mrdr/mc02/t1488_mrrsu_35n188_0327_4.img,526137600,526137600,OK
/mnt/mrdr/mc02/t1489_mrral_35n193_0327_4.img,631365120,631365120,OK
/mnt/mrdr/mc02/t1489_mrrde_35n193_0327_4.img,166610240,166610240,OK
/mnt/mrdr/mc02/t1489_mrrsu_35n193_0327_4.img,526137600,526137600,OK
/mnt/mrdr/mc02/t1490_mrral_35n198_0327_4.img,631365120,631365120,OK
/mnt/mrdr/mc02/t1490_mrrde_35n198_0327_4.img,166610240,166610240,OK
/mnt/mrdr/mc02/t1490_mrrsu_35n198_0327_4.img,526137600,526137600,OK
/mnt/mrdr/mc02/t1491_mrral_35n203_0327_4.img,631836288,631836288,OK
/mnt/mrdr/mc02/t1491_mrrde_35n203_0327_4.img,166734576,166734576,OK
/mnt/mrdr/mc02/t1491_mrrsu_35n203_0327_4.img,526530240,526530240,OK
/mnt/mrdr/mc02/t1492_mrral_35n208_0327_4.img,631836288,631836288,OK
/mnt/mrdr/mc02/t1492_mrrde_35n208_0327_4.img,166734576,166734576,OK
/mnt/mrdr/mc02/t1492_mrrsu_35n208_0327_4.img,526530240,526530240,OK
/mnt/mrdr/mc02/t1493_mrral_35n213_0327_4.img,631365120,631365120,OK
/mnt/mrdr/mc02/t1493_mrrde_35n213_0327_4.img,166610240,166610240,OK
/mnt/mrdr/mc02/t1493_mrrsu_35n213_0327_4.img,526137600,526137600,OK
/mnt/mrdr/mc02/t1494_mrral_35n218_0327_4.img,631836288,631836288,OK
/mnt/mrdr/mc02/t1494_mrrde_35n218_0327_4.img,166734576,166734576,OK
/mnt/mrdr/mc02/t1494_mrrsu_35n218_0327_4.img,526530240,526530240,OK
/mnt/mrdr/mc02/t1495_mrral_35n223_0327_4.img,631836288,631836288,OK
/mnt/mrdr/mc02/t1495_mrrde_35n223_0327_4.img,166734576,166734576,OK
/mnt/mrdr/mc02/t1495_mrrsu_35n223_0327_4.img,526530240,526530240,OK
/mnt/mrdr/mc02/t1496_mrral_35n228_0327_4.img,631365120,631365120,OK
/mnt/mrdr/mc02/t1496_mrrde_35n228_0327_4.img,166610240,166610240,OK
/mnt/mrdr/mc02/t1496_mrrsu_35n228_0327_4.img,526137600,526137600,OK
/mnt/mrdr/mc02/t1497_mrral_35n233_0327_4.img,631365120,631365120,OK
/mnt/mrdr/mc02/t1497_mrrde_35n233_0327_4.img,166610240,166610240,OK
/mnt/mrdr/mc02/t1497_mrrsu_35n233_0327_4.img,526137600,526137600,OK
/mnt/mrdr/mc02/t1498_mrral_35n238_0327_4.img,631365120,631365120,OK
/mnt/mrdr/mc02/t1498_mrrde_35n238_0327_4.img,166610240,166610240,OK
/mnt/mrdr/mc02/t1498_mrrsu_35n238_0327_4.img,526137600,526137600,OK
/mnt/mrdr/mc02/t1559_mrral_40n183_0327_4.img,590844672,590844672,OK
/mnt/mrdr/mc02/t1559_mrrde_40n183_0327_4.img,155917344,155917344,OK
/mnt/mrdr/mc02/t1559_mrrsu_40n183_0327_4.img,492370560,492370560,OK
/mnt/mrdr/mc02/t1560_mrral_40n188_0327_4.img,590844672,590844672,OK
/mnt/mrdr/mc02/t1560_mrrde_40n188_0327_4.img,155917344,155917344,OK
/mnt/mrdr/mc02/t1560_mrrsu_40n188_0327_4.img,492370560,492370560,OK
/mnt/mrdr/mc02/t1561_mrral_40n193_0327_4.img,590373504,590373504,OK
/mnt/mrdr/mc02/t1561_mrrde_40n193_0327_4.img,155793008,155793008,OK
/mnt/mrdr/mc02/t1561_mrrsu_40n193_0327_4.img,491977920,491977920,OK
/mnt/mrdr/mc02/t1562_mrral_40n198_0327_4.img,590373504,590373504,OK
/mnt/mrdr/mc02/t1562_mrrde_40n198_0327_4.img,155793008,155793008,OK
/mnt/mrdr/mc02/t1562_mrrsu_40n198_0327_4.img,491977920,491977920,OK
/mnt/mrdr/mc02/t1563_mrral_40n203_0327_4.img,590373504,590373504,OK
/mnt/mrdr/mc02/t1563_mrrde_40n203_0327_4.img,155793008,155793008,OK
/mnt/mrdr/mc02/t1563_mrrsu_40n203_0327_4.img,491977920,491977920,OK
/mnt/mrdr/mc02/t1564_mrral_40n208_0327_4.img,590844672,590844672,OK
/mnt/mrdr/mc02/t1564_mrrde_40n208_0327_4.img,155917344,155917344,OK
/mnt/mrdr/mc02/t1564_mrrsu_40n208_0327_4.img,492370560,492370560,OK
/mnt/mrdr/mc02/t1565_mrral_40n213_0327_4.img,590844672,590844672,OK
/mnt/mrdr/mc02/t1565_mrrde_40n213_0327_4.img,155917344,155917344,OK
/mnt/mrdr/mc02/t1565_mrrsu_40n213_0327_4.img,492370560,492370560,OK
/mnt/mrdr/mc02/t1566_mrral_40n218_0327_4.img,590844672,590844672,OK
/mnt/mrdr/mc02/t1566_mrrde_40n218_0327_4.img,155917344,155917344,OK
/mnt/mrdr/mc02/t1566_mrrsu_40n218_0327_4.img,492370560,492370560,OK
/mnt/mrdr/mc02/t1567_mrral_40n223_0327_4.img,590844672,590844672,OK
/mnt/mrdr/mc02/t1567_mrrde_40n223_0327_4.img,155917344,155917344,OK
/mnt/mrdr/mc02/t1567_mrrsu_40n223_0327_4.img,492370560,492370560,OK
/mnt/mrdr/mc02/t1568_mrral_40n228_0327_4.img,590373504,590373504,OK
/mnt/mrdr/mc02/t1568_mrrde_40n228_0327_4.img,155793008,155793008,OK
/mnt/mrdr/mc02/t1568_mrrsu_40n228_0327_4.img,491977920,491977920,OK
/mnt/mrdr/mc02/t1569_mrral_40n233_0327_4.img,590373504,590373504,OK
/mnt/mrdr/mc02/t1569_mrrde_40n233_0327_4.img,155793008,155793008,OK
/mnt/mrdr/mc02/t1569_mrrsu_40n233_0327_4.img,491977920,491977920,OK
/mnt/mrdr/mc02/t1570_mrral_40n238_0327_4.img,590844672,590844672,OK
/mnt/mrdr/mc02/t1570_mrrde_40n238_0327_4.img,155917344,155917344,OK
/mnt/mrdr/mc02/t1570_mrrsu_40n238_0327_4.img,492370560,492370560,OK
/mnt/mrdr/mc02/t1631_mrral_45n183_0327_4.img,545141376,545141376,OK
/mnt/mrdr/mc02/t1631_mrrde_45n183_0327_4.img,143856752,143856752,OK
/mnt/mrdr/mc02/t1631_mrrsu_45n183_0327_4.img,454284480,454284480,OK
/mnt/mrdr/mc02/t1632_mrral_45n188_0327_4.img,545141376,545141376,OK
/mnt/mrdr/mc02/t1632_mrrde_45n188_0327_4.img,143856752,143856752,OK
/mnt/mrdr/mc02/t1632_mrrsu_45n188_0327_4.img,454284480,454284480,OK
/mnt/mrdr/mc02/t1633_mrral_45n193_0327_4.img,545141376,545141376,OK
/mnt/mrdr/mc02/t1633_mrrde_45n193_0327_4.img,143856752,143856752,OK
/mnt/mrdr/mc02/t1633_mrrsu_45n193_0327_4.img,454284480,454284480,OK
/mnt/mrdr/mc02/t1634_mrral_45n198_0327_4.img,545141376,545141376,OK
/mnt/mrdr/mc02/t1634_mrrde_45n198_0327_4.img,143856752,143856752,OK
/mnt/mrdr/mc02/t1634_mrrsu_45n198_0327_4.img,454284480,454284480,OK
/mnt/mrdr/mc02/t1635_mrral_45n203_0327_4.img,545141376,545141376,OK
/mnt/mrdr/mc02/t1635_mrrde_45n203_0327_4.img,143856752,143856752,OK
/mnt/mrdr/mc02/t1635_mrrsu_45n203_0327_4.img,454284480,454284480,OK
/mnt/mrdr/mc02/t1636_mrral_45n208_0327_4.img,545141376,545141376,OK
/mnt/mrdr/mc02/t1636_mrrde_45n208_0327_4.img,143856752,143856752,OK
/mnt/mrdr/mc02/t1636_mrrsu_45n208_0327_4.img,454284480,454284480,OK
/mnt/mrdr/mc02/t1637_mrral_45n213_0327_4.img,545141376,545141376,OK
/mnt/mrdr/mc02/t1637_mrrde_45n213_0327_4.img,143856752,143856752,OK
/mnt/mrdr/mc02/t1637_mrrsu_45n213_0327_4.img,454284480,454284480,OK
/mnt/mrdr/mc02/t1638_mrral_45n218_0327_4.img,545141376,545141376,OK
/mnt/mrdr/mc02/t1638_mrrde_45n218_0327_4.img,143856752,143856752,OK
/mnt/mrdr/mc02/t1638_mrrsu_45n218_0327_4.img,454284480,454284480,OK
/mnt/mrdr/mc02/t1639_mrral_45n223_0327_4.img,545141376,545141376,OK
/mnt/mrdr/mc02/t1639_mrrde_45n223_0327_4.img,143856752,143856752,OK
/mnt/mrdr/mc02/t1639_mrrsu_45n223_0327_4.img,454284480,454284480,OK
/mnt/mrdr/mc02/t1640_mrral_45n228_0327_4.img,545141376,545141376,OK
/mnt/mrdr/mc02/t1640_mrrde_45n228_0327_4.img,143856752,143856752,OK
/mnt/mrdr/mc02/t1640_mrrsu_45n228_0327_4.img,454284480,454284480,OK
/mnt/mrdr/mc02/t1641_mrral_45n233_0327_4.img,545141376,545141376,OK
/mnt/mrdr/mc02/t1641_mrrde_45n233_0327_4.img,143856752,143856752,OK
/mnt/mrdr/mc02/t1641_mrrsu_45n233_0327_4.img,454284480,454284480,OK
/mnt/mrdr/mc02/t1642_mrral_45n238_0327_4.img,545141376,545141376,OK
/mnt/mrdr/mc02/t1642_mrrde_45n238_0327_4.img,143856752,143856752,OK
/mnt/mrdr/mc02/t1642_mrrsu_45n238_0327_4.img,454284480,454284480,OK
/mnt/mrdr/mc02/t1694_mrral_50n183_0327_4.img,661048704,661048704,OK
/mnt/mrdr/mc02/t1694_mrrde_50n183_0327_4.img,174443408,174443408,OK
/mnt/mrdr/mc02/t1694_mrrsu_50n183_0327_4.img,550873920,550873920,OK
/mnt/mrdr/mc02/t1695_mrral_50n190_0327_4.img,661048704,661048704,OK
/mnt/mrdr/mc02/t1695_mrrde_50n190_0327_4.img,174443408,174443408,OK
/mnt/mrdr/mc02/t1695_mrrsu_50n190_0327_4.img,550873920,550873920,OK
/mnt/mrdr/mc02/t1696_mrral_50n197_0327_4.img,660577536,660577536,OK
/mnt/mrdr/mc02/t1696_mrrde_50n197_0327_4.img,174319072,174319072,OK
/mnt/mrdr/mc02/t1696_mrrsu_50n197_0327_4.img,550481280,550481280,OK
/mnt/mrdr/mc02/t1697_mrral_50n203_0327_4.img,660577536,660577536,OK
/mnt/mrdr/mc02/t1697_mrrde_50n203_0327_4.img,174319072,174319072,OK
/mnt/mrdr/mc02/t1697_mrrsu_50n203_0327_4.img,550481280,550481280,OK
/mnt/mrdr/mc02/t1698_mrral_50n210_0327_4.img,660577536,660577536,OK
/mnt/mrdr/mc02/t1698_mrrde_50n210_0327_4.img,174319072,174319072,OK
/mnt/mrdr/mc02/t1698_mrrsu_50n210_0327_4.img,550481280,550481280,OK
/mnt/mrdr/mc02/t1699_mrral_50n217_0327_4.img,660577536,660577536,OK
/mnt/mrdr/mc02/t1699_mrrde_50n217_0327_4.img,174319072,174319072,OK
/mnt/mrdr/mc02/t1699_mrrsu_50n217_0327_4.img,550481280,550481280,OK
/mnt/mrdr/mc02/t1700_mrral_50n223_0327_4.img,660577536,660577536,OK
/mnt/mrdr/mc02/t1700_mrrde_50n223_0327_4.img,174319072,174319072,OK
/mnt/mrdr/mc02/t1700_mrrsu_50n223_0327_4.img,550481280,550481280,OK
/mnt/mrdr/mc02/t1701_mrral_50n230_0327_4.img,660577536,660577536,OK
/mnt/mrdr/mc02/t1701_mrrde_50n230_0327_4.img,174319072,174319072,OK
/mnt/mrdr/mc02/t1701_mrrsu_50n230_0327_4.img,550481280,550481280,OK
/mnt/mrdr/mc02/t1702_mrral_50n237_0327_4.img,660577536,660577536,OK
/mnt/mrdr/mc02/t1702_mrrde_50n237_0327_4.img,174319072,174319072,OK
/mnt/mrdr/mc02/t1702_mrrsu_50n237_0327_4.img,550481280,550481280,OK
/mnt/mrdr/mc02/t1748_mrral_55n183_0327_4.img,589902336,589902336,OK
/mnt/mrdr/mc02/t1748_mrrde_55n183_0327_4.img,155668672,155668672,OK
/mnt/mrdr/mc02/t1748_mrrsu_55n183_0327_4.img,491585280,491585280,OK
/mnt/mrdr/mc02/t1749_mrral_55n190_0327_4.img,589431168,589431168,OK
/mnt/mrdr/mc02/t1749_mrrde_55n190_0327_4.img,155544336,155544336,OK
/mnt/mrdr/mc02/t1749_mrrsu_55n190_0327_4.img,491192640,491192640,OK
/mnt/mrdr/mc02/t1750_mrral_55n197_0327_4.img,589431168,589431168,OK
/mnt/mrdr/mc02/t1750_mrrde_55n197_0327_4.img,155544336,155544336,OK
/mnt/mrdr/mc02/t1750_mrrsu_55n197_0327_4.img,491192640,491192640,OK
/mnt/mrdr/mc02/t1751_mrral_55n203_0327_4.img,589902336,589902336,OK
/mnt/mrdr/mc02/t1751_mrrde_55n203_0327_4.img,155668672,155668672,OK
/mnt/mrdr/mc02/t1751_mrrsu_55n203_0327_4.img,491585280,491585280,OK
/mnt/mrdr/mc02/t1752_mrral_55n210_0327_4.img,589431168,589431168,OK
/mnt/mrdr/mc02/t1752_mrrde_55n210_0327_4.img,155544336,155544336,OK
/mnt/mrdr/mc02/t1752_mrrsu_55n210_0327_4.img,491192640,491192640,OK
/mnt/mrdr/mc02/t1753_mrral_55n217_0327_4.img,589431168,589431168,OK
/mnt/mrdr/mc02/t1753_mrrde_55n217_0327_4.img,155544336,155544336,OK
/mnt/mrdr/mc02/t1753_mrrsu_55n217_0327_4.img,491192640,491192640,OK
/mnt/mrdr/mc02/t1754_mrral_55n223_0327_4.img,589431168,589431168,OK
/mnt/mrdr/mc02/t1754_mrrde_55n223_0327_4.img,155544336,155544336,OK
/mnt/mrdr/mc02/t1754_mrrsu_55n223_0327_4.img,491192640,491192640,OK
/mnt/mrdr/mc02/t1755_mrral_55n230_0327_4.img,589902336,589902336,OK
/mnt/mrdr/mc02/t1755_mrrde_55n230_0327_4.img,155668672,155668672,OK
/mnt/mrdr/mc02/t1755_mrrsu_55n230_0327_4.img,491585280,491585280,OK
/mnt/mrdr/mc02/t1756_mrral_55n237_0327_4.img,589431168,589431168,OK
/mnt/mrdr/mc02/t1756_mrrde_55n237_0327_4.img,155544336,155544336,OK
/mnt/mrdr/mc02/t1756_mrrsu_55n237_0327_4.img,491192640,491192640,OK
/mnt/mrdr/mc02/t1802_mrral_60n183_0327_4.img,514044288,514044288,OK
/mnt/mrdr/mc02/t1802_mrrde_60n183_0327_4.img,135650576,135650576,OK
/mnt/mrdr/mc02/t1802_mrrsu_60n183_0327_4.img,428370240,428370240,OK
/mnt/mrdr/mc02/t1803_mrral_60n190_0327_4.img,514044288,514044288,OK
/mnt/mrdr/mc02/t1803_mrrde_60n190_0327_4.img,135650576,135650576,OK
/mnt/mrdr/mc02/t1803_mrrsu_60n190_0327_4.img,428370240,428370240,OK
/mnt/mrdr/mc02/t1804_mrral_60n197_0327_4.img,514044288,514044288,OK
/mnt/mrdr/mc02/t1804_mrrde_60n197_0327_4.img,135650576,135650576,OK
/mnt/mrdr/mc02/t1804_mrrsu_60n197_0327_4.img,428370240,428370240,OK
/mnt/mrdr/mc02/t1805_mrral_60n203_0327_4.img,514044288,514044288,OK
/mnt/mrdr/mc02/t1805_mrrde_60n203_0327_4.img,135650576,135650576,OK
/mnt/mrdr/mc02/t1805_mrrsu_60n203_0327_4.img,428370240,428370240,OK
/mnt/mrdr/mc02/t1806_mrral_60n210_0327_4.img,514044288,514044288,OK
/mnt/mrdr/mc02/t1806_mrrde_60n210_0327_4.img,135650576,135650576,OK
/mnt/mrdr/mc02/t1806_mrrsu_60n210_0327_4.img,428370240,428370240,OK
/mnt/mrdr/mc02/t1807_mrral_60n217_0327_4.img,514044288,514044288,OK
/mnt/mrdr/mc02/t1807_mrrde_60n217_0327_4.img,135650576,135650576,OK
/mnt/mrdr/mc02/t1807_mrrsu_60n217_0327_4.img,428370240,428370240,OK
/mnt/mrdr/mc02/t1808_mrral_60n223_0327_4.img,514044288,514044288,OK
/mnt/mrdr/mc02/t1808_mrrde_60n223_0327_4.img,135650576,135650576,OK
/mnt/mrdr/mc02/t1808_mrrsu_60n223_0327_4.img,428370240,428370240,OK
/mnt/mrdr/mc02/t1809_mrral_60n230_0327_4.img,514044288,514044288,OK
/mnt/mrdr/mc02/t1809_mrrde_60n230_0327_4.img,135650576,135650576,OK
/mnt/mrdr/mc02/t1809_mrrsu_60n230_0327_4.img,428370240,428370240,OK
/mnt/mrdr/mc02/t1810_mrral_60n237_0327_4.img,514044288,514044288,OK
/mnt/mrdr/mc02/t1810_mrrde_60n237_0327_4.img,135650576,135650576,OK
/mnt/mrdr/mc02/t1810_mrrsu_60n237_0327_4.img,428370240,428370240,OK
/mnt/mrdr/mc02/t1847_mrral_65n185_0327_4.img,651625344,651625344,OK
/mnt/mrdr/mc02/t1847_mrrde_65n185_0327_4.img,171956688,171956688,OK
/mnt/mrdr/mc02/t1847_mrrsu_65n185_0327_4.img,543021120,543021120,OK
/mnt/mrdr/mc02/t1848_mrral_65n195_0327_4.img,651625344,651625344,OK
/mnt/mrdr/mc02/t1848_mrrde_65n195_0327_4.img,171956688,171956688,OK
/mnt/mrdr/mc02/t1848_mrrsu_65n195_0327_4.img,543021120,543021120,OK
/mnt/mrdr/mc02/t1849_mrral_65n205_0327_4.img,651625344,651625344,OK
/mnt/mrdr/mc02/t1849_mrrde_65n205_0327_4.img,171956688,171956688,OK
/mnt/mrdr/mc02/t1849_mrrsu_65n205_0327_4.img,543021120,543021120,OK
/mnt/mrdr/mc02/t1850_mrral_65n215_0327_4.img,651625344,651625344,OK
/mnt/mrdr/mc02/t1850_mrrde_65n215_0327_4.img,171956688,171956688,OK
/mnt/mrdr/mc02/t1850_mrrsu_65n215_0327_4.img,543021120,543021120,OK
/mnt/mrdr/mc02/t1851_mrral_65n225_0327_4.img,651625344,651625344,OK
/mnt/mrdr/mc02/t1851_mrrde_65n225_0327_4.img,171956688,171956688,OK
/mnt/mrdr/mc02/t1851_mrrsu_65n225_0327_4.img,543021120,543021120,OK
/mnt/mrdr/mc02/t1852_mrral_65n235_0327_4.img,651625344,651625344,OK
/mnt/mrdr/mc02/t1852_mrrde_65n235_0327_4.img,171956688,171956688,OK
/mnt/mrdr/mc02/t1852_mrrsu_65n235_0327_4.img,543021120,543021120,OK
/mnt/mrdr/mc03/t1499_mrral_35n243_0327_4.img,631365120,631365120,OK
/mnt/mrdr/mc03/t1499_mrrde_35n243_0327_4.img,166610240,166610240,OK
/mnt/mrdr/mc03/t1499_mrrsu_35n243_0327_4.img,526137600,526137600,OK
/mnt/mrdr/mc03/t1500_mrral_35n248_0327_4.img,631365120,631365120,OK
/mnt/mrdr/mc03/t1500_mrrde_35n248_0327_4.img,166610240,166610240,OK
/mnt/mrdr/mc03/t1500_mrrsu_35n248_0327_4.img,526137600,526137600,OK
/mnt/mrdr/mc03/t1501_mrral_35n253_0327_4.img,631836288,631836288,OK
/mnt/mrdr/mc03/t1501_mrrde_35n253_0327_4.img,166734576,166734576,OK
/mnt/mrdr/mc03/t1501_mrrsu_35n253_0327_4.img,526530240,526530240,OK
/mnt/mrdr/mc03/t1502_mrral_35n258_0327_4.img,631365120,631365120,OK
/mnt/mrdr/mc03/t1502_mrrde_35n258_0327_4.img,166610240,166610240,OK
/mnt/mrdr/mc03/t1502_mrrsu_35n258_0327_4.img,526137600,526137600,OK
/mnt/mrdr/mc03/t1503_mrral_35n263_0327_4.img,631836288,631836288,OK
/mnt/mrdr/mc03/t1503_mrrde_35n263_0327_4.img,166734576,166734576,OK
/mnt/mrdr/mc03/t1503_mrrsu_35n263_0327_4.img,526530240,526530240,OK
/mnt/mrdr/mc03/t1504_mrral_35n268_0327_4.img,631836288,631836288,OK
/mnt/mrdr/mc03/t1504_mrrde_35n268_0327_4.img,166734576,166734576,OK
/mnt/mrdr/mc03/t1504_mrrsu_35n268_0327_4.img,526530240,526530240,OK
/mnt/mrdr/mc03/t1505_mrral_35n273_0327_4.img,631836288,631836288,OK
/mnt/mrdr/mc03/t1505_mrrde_35n273_0327_4.img,166734576,166734576,OK
/mnt/mrdr/mc03/t1505_mrrsu_35n273_0327_4.img,526530240,526530240,OK
/mnt/mrdr/mc03/t1506_mrral_35n278_0327_4.img,631836288,631836288,OK
/mnt/mrdr/mc03/t1506_mrrde_35n278_0327_4.img,166734576,166734576,OK
/mnt/mrdr/mc03/t1506_mrrsu_35n278_0327_4.img,526530240,526530240,OK
/mnt/mrdr/mc03/t1507_mrral_35n283_0327_4.img,631365120,631365120,OK
/mnt/mrdr/mc03/t1507_mrrde_35n283_0327_4.img,166610240,166610240,OK
/mnt/mrdr/mc03/t1507_mrrsu_35n283_0327_4.img,526137600,526137600,OK
/mnt/mrdr/mc03/t1508_mrral_35n288_0327_4.img,631365120,631365120,OK
/mnt/mrdr/mc03/t1508_mrrde_35n288_0327_4.img,166610240,166610240,OK
/mnt/mrdr/mc03/t1508_mrrsu_35n288_0327_4.img,526137600,526137600,OK
/mnt/mrdr/mc03/t1509_mrral_35n293_0327_4.img,631365120,631365120,OK
/mnt/mrdr/mc03/t1509_mrrde_35n293_0327_4.img,166610240,166610240,OK
/mnt/mrdr/mc03/t1509_mrrsu_35n293_0327_4.img,526137600,526137600,OK
/mnt/mrdr/mc03/t1510_mrral_35n298_0327_4.img,631365120,631365120,OK
/mnt/mrdr/mc03/t1510_mrrde_35n298_0327_4.img,166610240,166610240,OK
/mnt/mrdr/mc03/t1510_mrrsu_35n298_0327_4.img,526137600,526137600,OK
/mnt/mrdr/mc03/t1571_mrral_40n243_0327_4.img,590373504,590373504,OK
/mnt/mrdr/mc03/t1571_mrrde_40n243_0327_4.img,155793008,155793008,OK
/mnt/mrdr/mc03/t1571_mrrsu_40n243_0327_4.img,491977920,491977920,OK
/mnt/mrdr/mc03/t1572_mrral_40n248_0327_4.img,590373504,590373504,OK
/mnt/mrdr/mc03/t1572_mrrde_40n248_0327_4.img,155793008,155793008,OK
/mnt/mrdr/mc03/t1572_mrrsu_40n248_0327_4.img,491977920,491977920,OK
/mnt/mrdr/mc03/t1573_mrral_40n253_0327_4.img,590373504,590373504,OK
/mnt/mrdr/mc03/t1573_mrrde_40n253_0327_4.img,155793008,155793008,OK
/mnt/mrdr/mc03/t1573_mrrsu_40n253_0327_4.img,491977920,491977920,OK
/mnt/mrdr/mc03/t1574_mrral_40n258_0327_4.img,590373504,590373504,OK
/mnt/mrdr/mc03/t1574_mrrde_40n258_0327_4.img,155793008,155793008,OK
/mnt/mrdr/mc03/t1574_mrrsu_40n258_0327_4.img,491977920,491977920,OK
/mnt/mrdr/mc03/t1575_mrral_40n263_0327_4.img,590844672,590844672,OK
/mnt/mrdr/mc03/t1575_mrrde_40n263_0327_4.img,155917344,155917344,OK
/mnt/mrdr/mc03/t1575_mrrsu_40n263_0327_4.img,492370560,492370560,OK
/mnt/mrdr/mc03/t1576_mrral_40n268_0327_4.img,590373504,590373504,OK
/mnt/mrdr/mc03/t1576_mrrde_40n268_0327_4.img,155793008,155793008,OK
/mnt/mrdr/mc03/t1576_mrrsu_40n268_0327_4.img,491977920,491977920,OK
/mnt/mrdr/mc03/t1577_mrral_40n273_0327_4.img,590373504,590373504,OK
/mnt/mrdr/mc03/t1577_mrrde_40n273_0327_4.img,155793008,155793008,OK
/mnt/mrdr/mc03/t1577_mrrsu_40n273_0327_4.img,491977920,491977920,OK
/mnt/mrdr/mc03/t1578_mrral_40n278_0327_4.img,590844672,590844672,OK
/mnt/mrdr/mc03/t1578_mrrde_40n278_0327_4.img,155917344,155917344,OK
/mnt/mrdr/mc03/t1578_mrrsu_40n278_0327_4.img,492370560,492370560,OK
/mnt/mrdr/mc03/t1579_mrral_40n283_0327_4.img,590844672,590844672,OK
/mnt/mrdr/mc03/t1579_mrrde_40n283_0327_4.img,155917344,155917344,OK
/mnt/mrdr/mc03/t1579_mrrsu_40n283_0327_4.img,492370560,492370560,OK
/mnt/mrdr/mc03/t1580_mrral_40n288_0327_4.img,590373504,590373504,OK
/mnt/mrdr/mc03/t1580_mrrde_40n288_0327_4.img,155793008,155793008,OK
/mnt/mrdr/mc03/t1580_mrrsu_40n288_0327_4.img,491977920,491977920,OK
/mnt/mrdr/mc03/t1581_mrral_40n293_0327_4.img,590844672,590844672,OK
/mnt/mrdr/mc03/t1581_mrrde_40n293_0327_4.img,155917344,155917344,OK
/mnt/mrdr/mc03/t1581_mrrsu_40n293_0327_4.img,492370560,492370560,OK
/mnt/mrdr/mc03/t1582_mrral_40n298_0327_4.img,590844672,590844672,OK
/mnt/mrdr/mc03/t1582_mrrde_40n298_0327_4.img,155917344,155917344,OK
/mnt/mrdr/mc03/t1582_mrrsu_40n298_0327_4.img,492370560,492370560,OK
/mnt/mrdr/mc03/t1643_mrral_45n243_0327_4.img,545612544,545612544,OK
/mnt/mrdr/mc03/t1643_mrrde_45n243_0327_4.img,143981088,143981088,OK
/mnt/mrdr/mc03/t1643_mrrsu_45n243_0327_4.img,454677120,454677120,OK
/mnt/mrdr/mc03/t1644_mrral_45n248_0327_4.img,545141376,545141376,OK
/mnt/mrdr/mc03/t1644_mrrde_45n248_0327_4.img,143856752,143856752,OK
/mnt/mrdr/mc03/t1644_mrrsu_45n248_0327_4.img,454284480,454284480,OK
/mnt/mrdr/mc03/t1645_mrral_45n253_0327_4.img,545141376,545141376,OK
/mnt/mrdr/mc03/t1645_mrrde_45n253_0327_4.img,143856752,143856752,OK
/mnt/mrdr/mc03/t1645_mrrsu_45n253_0327_4.img,454284480,454284480,OK
/mnt/mrdr/mc03/t1646_mrral_45n258_0327_4.img,545141376,545141376,OK
/mnt/mrdr/mc03/t1646_mrrde_45n258_0327_4.img,143856752,143856752,OK
/mnt/mrdr/mc03/t1646_mrrsu_45n258_0327_4.img,454284480,454284480,OK
/mnt/mrdr/mc03/t1647_mrral_45n263_0327_4.img,545141376,545141376,OK
/mnt/mrdr/mc03/t1647_mrrde_45n263_0327_4.img,143856752,143856752,OK
/mnt/mrdr/mc03/t1647_mrrsu_45n263_0327_4.img,454284480,454284480,OK
/mnt/mrdr/mc03/t1648_mrral_45n268_0327_4.img,545141376,545141376,OK
/mnt/mrdr/mc03/t1648_mrrde_45n268_0327_4.img,143856752,143856752,OK
/mnt/mrdr/mc03/t1648_mrrsu_45n268_0327_4.img,454284480,454284480,OK
/mnt/mrdr/mc03/t1649_mrral_45n273_0327_4.img,545141376,545141376,OK
/mnt/mrdr/mc03/t1649_mrrde_45n273_0327_4.img,143856752,143856752,OK
/mnt/mrdr/mc03/t1649_mrrsu_45n273_0327_4.img,454284480,454284480,OK
/mnt/mrdr/mc03/t1650_mrral_45n278_0327_4.img,545141376,545141376,OK
/mnt/mrdr/mc03/t1650_mrrde_45n278_0327_4.img,143856752,143856752,OK
/mnt/mrdr/mc03/t1650_mrrsu_45n278_0327_4.img,454284480,454284480,OK
/mnt/mrdr/mc03/t1651_mrral_45n283_0327_4.img,545141376,545141376,OK
/mnt/mrdr/mc03/t1651_mrrde_45n283_0327_4.img,143856752,143856752,OK
/mnt/mrdr/mc03/t1651_mrrsu_45n283_0327_4.img,454284480,454284480,OK
/mnt/mrdr/mc03/t1652_mrral_45n288_0327_4.img,545141376,545141376,OK
/mnt/mrdr/mc03/t1652_mrrde_45n288_0327_4.img,143856752,143856752,OK
/mnt/mrdr/mc03/t1652_mrrsu_45n288_0327_4.img,454284480,454284480,OK
/mnt/mrdr/mc03/t1653_mrral_45n293_0327_4.img,545612544,545612544,OK
/mnt/mrdr/mc03/t1653_mrrde_45n293_0327_4.img,143981088,143981088,OK
/mnt/mrdr/mc03/t1653_mrrsu_45n293_0327_4.img,454677120,454677120,OK
/mnt/mrdr/mc03/t1654_mrral_45n298_0327_4.img,545141376,545141376,OK
/mnt/mrdr/mc03/t1654_mrrde_45n298_0327_4.img,143856752,143856752,OK
/mnt/mrdr/mc03/t1654_mrrsu_45n298_0327_4.img,454284480,454284480,OK
/mnt/mrdr/mc03/t1703_mrral_50n243_0327_4.img,660577536,660577536,OK
/mnt/mrdr/mc03/t1703_mrrde_50n243_0327_4.img,174319072,174319072,OK
/mnt/mrdr/mc03/t1703_mrrsu_50n243_0327_4.img,550481280,550481280,OK
/mnt/mrdr/mc03/t1704_mrral_50n250_0327_4.img,660577536,660577536,OK
/mnt/mrdr/mc03/t1704_mrrde_50n250_0327_4.img,174319072,174319072,OK
/mnt/mrdr/mc03/t1704_mrrsu_50n250_0327_4.img,550481280,550481280,OK
/mnt/mrdr/mc03/t1705_mrral_50n257_0327_4.img,660577536,660577536,OK
/mnt/mrdr/mc03/t1705_mrrde_50n257_0327_4.img,174319072,174319072,OK
/mnt/mrdr/mc03/t1705_mrrsu_50n257_0327_4.img,550481280,550481280,OK
/mnt/mrdr/mc03/t1706_mrral_50n263_0327_4.img,661048704,661048704,OK
/mnt/mrdr/mc03/t1706_mrrde_50n263_0327_4.img,174443408,174443408,OK
/mnt/mrdr/mc03/t1706_mrrsu_50n263_0327_4.img,550873920,550873920,OK
/mnt/mrdr/mc03/t1707_mrral_50n270_0327_4.img,660577536,660577536,OK
/mnt/mrdr/mc03/t1707_mrrde_50n270_0327_4.img,174319072,174319072,OK
/mnt/mrdr/mc03/t1707_mrrsu_50n270_0327_4.img,550481280,550481280,OK
/mnt/mrdr/mc03/t1708_mrral_50n277_0327_4.img,660577536,660577536,OK
/mnt/mrdr/mc03/t1708_mrrde_50n277_0327_4.img,174319072,174319072,OK
/mnt/mrdr/mc03/t1708_mrrsu_50n277_0327_4.img,550481280,550481280,OK
/mnt/mrdr/mc03/t1709_mrral_50n283_0327_4.img,660577536,660577536,OK
/mnt/mrdr/mc03/t1709_mrrde_50n283_0327_4.img,174319072,174319072,OK
/mnt/mrdr/mc03/t1709_mrrsu_50n283_0327_4.img,550481280,550481280,OK
/mnt/mrdr/mc03/t1710_mrral_50n290_0327_4.img,660577536,660577536,OK
/mnt/mrdr/mc03/t1710_mrrde_50n290_0327_4.img,174319072,174319072,OK
/mnt/mrdr/mc03/t1710_mrrsu_50n290_0327_4.img,550481280,550481280,OK
/mnt/mrdr/mc03/t1711_mrral_50n297_0327_4.img,660577536,660577536,OK
/mnt/mrdr/mc03/t1711_mrrde_50n297_0327_4.img,174319072,174319072,OK
/mnt/mrdr/mc03/t1711_mrrsu_50n297_0327_4.img,550481280,550481280,OK
/mnt/mrdr/mc03/t1757_mrral_55n243_0327_4.img,589902336,589902336,OK
/mnt/mrdr/mc03/t1757_mrrde_55n243_0327_4.img,155668672,155668672,OK
/mnt/mrdr/mc03/t1757_mrrsu_55n243_0327_4.img,491585280,491585280,OK
/mnt/mrdr/mc03/t1758_mrral_55n250_0327_4.img,589902336,589902336,OK
/mnt/mrdr/mc03/t1758_mrrde_55n250_0327_4.img,155668672,155668672,OK
/mnt/mrdr/mc03/t1758_mrrsu_55n250_0327_4.img,491585280,491585280,OK
/mnt/mrdr/mc03/t1759_mrral_55n257_0327_4.img,589431168,589431168,OK
/mnt/mrdr/mc03/t1759_mrrde_55n257_0327_4.img,155544336,155544336,OK
/mnt/mrdr/mc03/t1759_mrrsu_55n257_0327_4.img,491192640,491192640,OK
/mnt/mrdr/mc03/t1760_mrral_55n263_0327_4.img,589431168,589431168,OK
/mnt/mrdr/mc03/t1760_mrrde_55n263_0327_4.img,155544336,155544336,OK
/mnt/mrdr/mc03/t1760_mrrsu_55n263_0327_4.img,491192640,491192640,OK
/mnt/mrdr/mc03/t1761_mrral_55n270_0327_4.img,589431168,589431168,OK
/mnt/mrdr/mc03/t1761_mrrde_55n270_0327_4.img,155544336,155544336,OK
/mnt/mrdr/mc03/t1761_mrrsu_55n270_0327_4.img,491192640,491192640,OK
/mnt/mrdr/mc03/t1762_mrral_55n277_0327_4.img,589902336,589902336,OK
/mnt/mrdr/mc03/t1762_mrrde_55n277_0327_4.img,155668672,155668672,OK
/mnt/mrdr/mc03/t1762_mrrsu_55n277_0327_4.img,491585280,491585280,OK
/mnt/mrdr/mc03/t1763_mrral_55n283_0327_4.img,589902336,589902336,OK
/mnt/mrdr/mc03/t1763_mrrde_55n283_0327_4.img,155668672,155668672,OK
/mnt/mrdr/mc03/t1763_mrrsu_55n283_0327_4.img,491585280,491585280,OK
/mnt/mrdr/mc03/t1764_mrral_55n290_0327_4.img,589902336,589902336,OK
/mnt/mrdr/mc03/t1764_mrrde_55n290_0327_4.img,155668672,155668672,OK
/mnt/mrdr/mc03/t1764_mrrsu_55n290_0327_4.img,491585280,491585280,OK
/mnt/mrdr/mc03/t1765_mrral_55n297_0327_4.img,589431168,589431168,OK
/mnt/mrdr/mc03/t1765_mrrde_55n297_0327_4.img,155544336,155544336,OK
/mnt/mrdr/mc03/t1765_mrrsu_55n297_0327_4.img,491192640,491192640,OK
/mnt/mrdr/mc03/t1811_mrral_60n243_0327_4.img,514044288,514044288,OK
/mnt/mrdr/mc03/t1811_mrrde_60n243_0327_4.img,135650576,135650576,OK
/mnt/mrdr/mc03/t1811_mrrsu_60n243_0327_4.img,428370240,428370240,OK
/mnt/mrdr/mc03/t1812_mrral_60n250_0327_4.img,514044288,514044288,OK
/mnt/mrdr/mc03/t1812_mrrde_60n250_0327_4.img,135650576,135650576,OK
/mnt/mrdr/mc03/t1812_mrrsu_60n250_0327_4.img,428370240,428370240,OK
/mnt/mrdr/mc03/t1813_mrral_60n257_0327_4.img,514044288,514044288,OK
/mnt/mrdr/mc03/t1813_mrrde_60n257_0327_4.img,135650576,135650576,OK
/mnt/mrdr/mc03/t1813_mrrsu_60n257_0327_4.img,428370240,428370240,OK
/mnt/mrdr/mc03/t1814_mrral_60n263_0327_4.img,514044288,514044288,OK
/mnt/mrdr/mc03/t1814_mrrde_60n263_0327_4.img,135650576,135650576,OK
/mnt/mrdr/mc03/t1814_mrrsu_60n263_0327_4.img,428370240,428370240,OK
/mnt/mrdr/mc03/t1815_mrral_60n270_0327_4.img,514044288,514044288,OK
/mnt/mrdr/mc03/t1815_mrrde_60n270_0327_4.img,135650576,135650576,OK
/mnt/mrdr/mc03/t1815_mrrsu_60n270_0327_4.img,428370240,428370240,OK
/mnt/mrdr/mc03/t1816_mrral_60n277_0327_4.img,514044288,514044288,OK
/mnt/mrdr/mc03/t1816_mrrde_60n277_0327_4.img,135650576,135650576,OK
/mnt/mrdr/mc03/t1816_mrrsu_60n277_0327_4.img,428370240,428370240,OK
/mnt/mrdr/mc03/t1817_mrral_60n283_0327_4.img,514044288,514044288,OK
/mnt/mrdr/mc03/t1817_mrrde_60n283_0327_4.img,135650576,135650576,OK
/mnt/mrdr/mc03/t1817_mrrsu_60n283_0327_4.img,428370240,428370240,OK
/mnt/mrdr/mc03/t1818_mrral_60n290_0327_4.img,514044288,514044288,OK
/mnt/mrdr/mc03/t1818_mrrde_60n290_0327_4.img,135650576,135650576,OK
/mnt/mrdr/mc03/t1818_mrrsu_60n290_0327_4.img,428370240,428370240,OK
/mnt/mrdr/mc03/t1819_mrral_60n297_0327_4.img,514044288,514044288,OK
/mnt/mrdr/mc03/t1819_mrrde_60n297_0327_4.img,135650576,135650576,OK
/mnt/mrdr/mc03/t1819_mrrsu_60n297_0327_4.img,428370240,428370240,OK
/mnt/mrdr/mc03/t1853_mrral_65n245_0327_4.img,651625344,651625344,OK
/mnt/mrdr/mc03/t1853_mrrde_65n245_0327_4.img,171956688,171956688,OK
/mnt/mrdr/mc03/t1853_mrrsu_65n245_0327_4.img,543021120,543021120,OK
/mnt/mrdr/mc03/t1854_mrral_65n255_0327_4.img,651625344,651625344,OK
/mnt/mrdr/mc03/t1854_mrrde_65n255_0327_4.img,171956688,171956688,OK
/mnt/mrdr/mc03/t1854_mrrsu_65n255_0327_4.img,543021120,543021120,OK
/mnt/mrdr/mc03/t1855_mrral_65n265_0327_4.img,651625344,651625344,OK
/mnt/mrdr/mc03/t1855_mrrde_65n265_0327_4.img,171956688,171956688,OK
/mnt/mrdr/mc03/t1855_mrrsu_65n265_0327_4.img,543021120,543021120,OK
/mnt/mrdr/mc03/t1856_mrral_65n275_0327_4.img,651625344,651625344,OK
/mnt/mrdr/mc03/t1856_mrrde_65n275_0327_4.img,171956688,171956688,OK
/mnt/mrdr/mc03/t1856_mrrsu_65n275_0327_4.img,543021120,543021120,OK
/mnt/mrdr/mc03/t1857_mrral_65n285_0327_4.img,651625344,651625344,OK
/mnt/mrdr/mc03/t1857_mrrde_65n285_0327_4.img,171956688,171956688,OK
/mnt/mrdr/mc03/t1857_mrrsu_65n285_0327_4.img,543021120,543021120,OK
/mnt/mrdr/mc03/t1858_mrral_65n295_0327_4.img,651625344,651625344,OK
/mnt/mrdr/mc03/t1858_mrrde_65n295_0327_4.img,171956688,171956688,OK
/mnt/mrdr/mc03/t1858_mrrsu_65n295_0327_4.img,543021120,543021120,OK
/mnt/mrdr/mc04/t1511_mrral_35n303_0327_4.img,631365120,631365120,OK
/mnt/mrdr/mc04/t1511_mrrde_35n303_0327_4.img,166610240,166610240,OK
/mnt/mrdr/mc04/t1511_mrrsu_35n303_0327_4.img,526137600,526137600,OK
/mnt/mrdr/mc04/t1512_mrral_35n308_0327_4.img,631365120,631365120,OK
/mnt/mrdr/mc04/t1512_mrrde_35n308_0327_4.img,166610240,166610240,OK
/mnt/mrdr/mc04/t1512_mrrsu_35n308_0327_4.img,526137600,526137600,OK
/mnt/mrdr/mc04/t1513_mrral_35n313_0327_4.img,631365120,631365120,OK
/mnt/mrdr/mc04/t1513_mrrde_35n313_0327_4.img,166610240,166610240,OK
/mnt/mrdr/mc04/t1513_mrrsu_35n313_0327_4.img,526137600,526137600,OK
/mnt/mrdr/mc04/t1514_mrral_35n318_0327_4.img,631836288,631836288,OK
/mnt/mrdr/mc04/t1514_mrrde_35n318_0327_4.img,166734576,166734576,OK
/mnt/mrdr/mc04/t1514_mrrsu_35n318_0327_4.img,526530240,526530240,OK
/mnt/mrdr/mc04/t1515_mrral_35n323_0327_4.img,631836288,631836288,OK
/mnt/mrdr/mc04/t1515_mrrde_35n323_0327_4.img,166734576,166734576,OK
/mnt/mrdr/mc04/t1515_mrrsu_35n323_0327_4.img,526530240,526530240,OK
/mnt/mrdr/mc04/t1516_mrral_35n328_0327_4.img,631836288,631836288,OK
/mnt/mrdr/mc04/t1516_mrrde_35n328_0327_4.img,166734576,166734576,OK
/mnt/mrdr/mc04/t1516_mrrsu_35n328_0327_4.img,526530240,526530240,OK
/mnt/mrdr/mc04/t1517_mrral_35n333_0327_4.img,631365120,631365120,OK
/mnt/mrdr/mc04/t1517_mrrde_35n333_0327_4.img,166610240,166610240,OK
/mnt/mrdr/mc04/t1517_mrrsu_35n333_0327_4.img,526137600,526137600,OK
/mnt/mrdr/mc04/t1518_mrral_35n338_0327_4.img,631365120,631365120,OK
/mnt/mrdr/mc04/t1518_mrrde_35n338_0327_4.img,166610240,166610240,OK
/mnt/mrdr/mc04/t1518_mrrsu_35n338_0327_4.img,526137600,526137600,OK
/mnt/mrdr/mc04/t1519_mrral_35n343_0327_4.img,631365120,631365120,OK
/mnt/mrdr/mc04/t1519_mrrde_35n343_0327_4.img,166610240,166610240,OK
/mnt/mrdr/mc04/t1519_mrrsu_35n343_0327_4.img,526137600,526137600,OK
/mnt/mrdr/mc04/t1520_mrral_35n348_0327_4.img,631365120,631365120,OK
/mnt/mrdr/mc04/t1520_mrrde_35n348_0327_4.img,166610240,166610240,OK
/mnt/mrdr/mc04/t1520_mrrsu_35n348_0327_4.img,526137600,526137600,OK
/mnt/mrdr/mc04/t1521_mrral_35n353_0327_4.img,631836288,631836288,OK
/mnt/mrdr/mc04/t1521_mrrde_35n353_0327_4.img,166734576,166734576,OK
/mnt/mrdr/mc04/t1521_mrrsu_35n353_0327_4.img,526530240,526530240,OK
/mnt/mrdr/mc04/t1522_mrral_35n358_0327_4.img,631365120,631365120,OK
/mnt/mrdr/mc04/t1522_mrrde_35n358_0327_4.img,166610240,166610240,OK
/mnt/mrdr/mc04/t1522_mrrsu_35n358_0327_4.img,526137600,526137600,OK
/mnt/mrdr/mc04/t1583_mrral_40n303_0327_4.img,590844672,590844672,OK
/mnt/mrdr/mc04/t1583_mrrde_40n303_0327_4.img,155917344,155917344,OK
/mnt/mrdr/mc04/t1583_mrrsu_40n303_0327_4.img,492370560,492370560,OK
/mnt/mrdr/mc04/t1584_mrral_40n308_0327_4.img,590844672,590844672,OK
/mnt/mrdr/mc04/t1584_mrrde_40n308_0327_4.img,155917344,155917344,OK
/mnt/mrdr/mc04/t1584_mrrsu_40n308_0327_4.img,492370560,492370560,OK
/mnt/mrdr/mc04/t1585_mrral_40n313_0327_4.img,590844672,590844672,OK
/mnt/mrdr/mc04/t1585_mrrde_40n313_0327_4.img,155917344,155917344,OK
/mnt/mrdr/mc04/t1585_mrrsu_40n313_0327_4.img,492370560,492370560,OK
/mnt/mrdr/mc04/t1586_mrral_40n318_0327_4.img,590373504,590373504,OK
/mnt/mrdr/mc04/t1586_mrrde_40n318_0327_4.img,155793008,155793008,OK
/mnt/mrdr/mc04/t1586_mrrsu_40n318_0327_4.img,491977920,491977920,OK
/mnt/mrdr/mc04/t1587_mrral_40n323_0327_4.img,590373504,590373504,OK
/mnt/mrdr/mc04/t1587_mrrde_40n323_0327_4.img,155793008,155793008,OK
/mnt/mrdr/mc04/t1587_mrrsu_40n323_0327_4.img,491977920,491977920,OK
/mnt/mrdr/mc04/t1588_mrral_40n328_0327_4.img,590844672,590844672,OK
/mnt/mrdr/mc04/t1588_mrrde_40n328_0327_4.img,155917344,155917344,OK
/mnt/mrdr/mc04/t1588_mrrsu_40n328_0327_4.img,492370560,492370560,OK
/mnt/mrdr/mc04/t1589_mrral_40n333_0327_4.img,590373504,590373504,OK
/mnt/mrdr/mc04/t1589_mrrde_40n333_0327_4.img,155793008,155793008,OK
/mnt/mrdr/mc04/t1589_mrrsu_40n333_0327_4.img,491977920,491977920,OK
/mnt/mrdr/mc04/t1590_mrral_40n338_0327_4.img,590373504,590373504,OK
/mnt/mrdr/mc04/t1590_mrrde_40n338_0327_4.img,155793008,155793008,OK
/mnt/mrdr/mc04/t1590_mrrsu_40n338_0327_4.img,491977920,491977920,OK
/mnt/mrdr/mc04/t1591_mrral_40n343_0327_4.img,590373504,590373504,OK
/mnt/mrdr/mc04/t1591_mrrde_40n343_0327_4.img,155793008,155793008,OK
/mnt/mrdr/mc04/t1591_mrrsu_40n343_0327_4.img,491977920,491977920,OK
/mnt/mrdr/mc04/t1592_mrral_40n348_0327_4.img,590373504,590373504,OK
/mnt/mrdr/mc04/t1592_mrrde_40n348_0327_4.img,155793008,155793008,OK
/mnt/mrdr/mc04/t1592_mrrsu_40n348_0327_4.img,491977920,491977920,OK
/mnt/mrdr/mc04/t1593_mrral_40n353_0327_4.img,590373504,590373504,OK
/mnt/mrdr/mc04/t1593_mrrde_40n353_0327_4.img,155793008,155793008,OK
/mnt/mrdr/mc04/t1593_mrrsu_40n353_0327_4.img,491977920,491977920,OK
/mnt/mrdr/mc04/t1594_mrral_40n358_0327_4.img,590373504,590373504,OK
/mnt/mrdr/mc04/t1594_mrrde_40n358_0327_4.img,155793008,155793008,OK
/mnt/mrdr/mc04/t1594_mrrsu_40n358_0327_4.img,491977920,491977920,OK
/mnt/mrdr/mc04/t1655_mrral_45n303_0327_4.img,545141376,545141376,OK
/mnt/mrdr/mc04/t1655_mrrde_45n303_0327_4.img,143856752,143856752,OK
/mnt/mrdr/mc04/t1655_mrrsu_45n303_0327_4.img,454284480,454284480,OK
/mnt/mrdr/mc04/t1656_mrral_45n308_0327_4.img,545612544,545612544,OK
/mnt/mrdr/mc04/t1656_mrrde_45n308_0327_4.img,143981088,143981088,OK
/mnt/mrdr/mc04/t1656_mrrsu_45n308_0327_4.img,454677120,454677120,OK
/mnt/mrdr/mc04/t1657_mrral_45n313_0327_4.img,545141376,545141376,OK
/mnt/mrdr/mc04/t1657_mrrde_45n313_0327_4.img,143856752,143856752,OK
/mnt/mrdr/mc04/t1657_mrrsu_45n313_0327_4.img,454284480,454284480,OK
/mnt/mrdr/mc04/t1658_mrral_45n318_0327_4.img,545141376,545141376,OK
/mnt/mrdr/mc04/t1658_mrrde_45n318_0327_4.img,143856752,143856752,OK
/mnt/mrdr/mc04/t1658_mrrsu_45n318_0327_4.img,454284480,454284480,OK
/mnt/mrdr/mc04/t1659_mrral_45n323_0327_4.img,545141376,545141376,OK
/mnt/mrdr/mc04/t1659_mrrde_45n323_0327_4.img,143856752,143856752,OK
/mnt/mrdr/mc04/t1659_mrrsu_45n323_0327_4.img,454284480,454284480,OK
/mnt/mrdr/mc04/t1660_mrral_45n328_0327_4.img,545141376,545141376,OK
/mnt/mrdr/mc04/t1660_mrrde_45n328_0327_4.img,143856752,143856752,OK
/mnt/mrdr/mc04/t1660_mrrsu_45n328_0327_4.img,454284480,454284480,OK
/mnt/mrdr/mc04/t1661_mrral_45n333_0327_4.img,545141376,545141376,OK
/mnt/mrdr/mc04/t1661_mrrde_45n333_0327_4.img,143856752,143856752,OK
/mnt/mrdr/mc04/t1661_mrrsu_45n333_0327_4.img,454284480,454284480,OK
/mnt/mrdr/mc04/t1662_mrral_45n338_0327_4.img,545612544,545612544,OK
/mnt/mrdr/mc04/t1662_mrrde_45n338_0327_4.img,143981088,143981088,OK
/mnt/mrdr/mc04/t1662_mrrsu_45n338_0327_4.img,454677120,454677120,OK
/mnt/mrdr/mc04/t1663_mrral_45n343_0327_4.img,545141376,545141376,OK
/mnt/mrdr/mc04/t1663_mrrde_45n343_0327_4.img,143856752,143856752,OK
/mnt/mrdr/mc04/t1663_mrrsu_45n343_0327_4.img,454284480,454284480,OK
/mnt/mrdr/mc04/t1664_mrral_45n348_0327_4.img,545612544,545612544,OK
/mnt/mrdr/mc04/t1664_mrrde_45n348_0327_4.img,143981088,143981088,OK
/mnt/mrdr/mc04/t1664_mrrsu_45n348_0327_4.img,454677120,454677120,OK
/mnt/mrdr/mc04/t1665_mrral_45n353_0327_4.img,545141376,545141376,OK
/mnt/mrdr/mc04/t1665_mrrde_45n353_0327_4.img,143856752,143856752,OK
/mnt/mrdr/mc04/t1665_mrrsu_45n353_0327_4.img,454284480,454284480,OK
/mnt/mrdr/mc04/t1666_mrral_45n358_0327_4.img,545141376,545141376,OK
/mnt/mrdr/mc04/t1666_mrrde_45n358_0327_4.img,143856752,143856752,OK
/mnt/mrdr/mc04/t1666_mrrsu_45n358_0327_4.img,454284480,454284480,OK
/mnt/mrdr/mc04/t1712_mrral_50n303_0327_4.img,660577536,660577536,OK
/mnt/mrdr/mc04/t1712_mrrde_50n303_0327_4.img,174319072,174319072,OK
/mnt/mrdr/mc04/t1712_mrrsu_50n303_0327_4.img,550481280,550481280,OK
/mnt/mrdr/mc04/t1713_mrral_50n310_0327_4.img,660577536,660577536,OK
/mnt/mrdr/mc04/t1713_mrrde_50n310_0327_4.img,174319072,174319072,OK
/mnt/mrdr/mc04/t1713_mrrsu_50n310_0327_4.img,550481280,550481280,OK
/mnt/mrdr/mc04/t1714_mrral_50n317_0327_4.img,660577536,660577536,OK
/mnt/mrdr/mc04/t1714_mrrde_50n317_0327_4.img,174319072,174319072,OK
/mnt/mrdr/mc04/t1714_mrrsu_50n317_0327_4.img,550481280,550481280,OK
/mnt/mrdr/mc04/t1715_mrral_50n323_0327_4.img,661048704,661048704,OK
/mnt/mrdr/mc04/t1715_mrrde_50n323_0327_4.img,174443408,174443408,OK
/mnt/mrdr/mc04/t1715_mrrsu_50n323_0327_4.img,550873920,550873920,OK
/mnt/mrdr/mc04/t1716_mrral_50n330_0327_4.img,660577536,660577536,OK
/mnt/mrdr/mc04/t1716_mrrde_50n330_0327_4.img,174319072,174319072,OK
/mnt/mrdr/mc04/t1716_mrrsu_50n330_0327_4.img,550481280,550481280,OK
/mnt/mrdr/mc04/t1717_mrral_50n337_0327_4.img,660577536,660577536,OK
/mnt/mrdr/mc04/t1717_mrrde_50n337_0327_4.img,174319072,174319072,OK
/mnt/mrdr/mc04/t1717_mrrsu_50n337_0327_4.img,550481280,550481280,OK
/mnt/mrdr/mc04/t1718_mrral_50n343_0327_4.img,661048704,661048704,OK
/mnt/mrdr/mc04/t1718_mrrde_50n343_0327_4.img,174443408,174443408,OK
/mnt/mrdr/mc04/t1718_mrrsu_50n343_0327_4.img,550873920,550873920,OK
/mnt/mrdr/mc04/t1719_mrral_50n350_0327_4.img,660577536,660577536,OK
/mnt/mrdr/mc04/t1719_mrrde_50n350_0327_4.img,174319072,174319072,OK
/mnt/mrdr/mc04/t1719_mrrsu_50n350_0327_4.img,550481280,550481280,OK
/mnt/mrdr/mc04/t1720_mrral_50n357_0327_4.img,660577536,660577536,OK
/mnt/mrdr/mc04/t1720_mrrde_50n357_0327_4.img,174319072,174319072,OK
/mnt/mrdr/mc04/t1720_mrrsu_50n357_0327_4.img,550481280,550481280,OK
/mnt/mrdr/mc04/t1766_mrral_55n303_0327_4.img,589902336,589902336,OK
/mnt/mrdr/mc04/t1766_mrrde_55n303_0327_4.img,155668672,155668672,OK
/mnt/mrdr/mc04/t1766_mrrsu_55n303_0327_4.img,491585280,491585280,OK
/mnt/mrdr/mc04/t1767_mrral_55n310_0327_4.img,589902336,589902336,OK
/mnt/mrdr/mc04/t1767_mrrde_55n310_0327_4.img,155668672,155668672,OK
/mnt/mrdr/mc04/t1767_mrrsu_55n310_0327_4.img,491585280,491585280,OK
/mnt/mrdr/mc04/t1768_mrral_55n317_0327_4.img,589431168,589431168,OK
/mnt/mrdr/mc04/t1768_mrrde_55n317_0327_4.img,155544336,155544336,OK
/mnt/mrdr/mc04/t1768_mrrsu_55n317_0327_4.img,491192640,491192640,OK
/mnt/mrdr/mc04/t1769_mrral_55n323_0327_4.img,589902336,589902336,OK
/mnt/mrdr/mc04/t1769_mrrde_55n323_0327_4.img,155668672,155668672,OK
/mnt/mrdr/mc04/t1769_mrrsu_55n323_0327_4.img,491585280,491585280,OK
/mnt/mrdr/mc04/t1770_mrral_55n330_0327_4.img,589431168,589431168,OK
/mnt/mrdr/mc04/t1770_mrrde_55n330_0327_4.img,155544336,155544336,OK
/mnt/mrdr/mc04/t1770_mrrsu_55n330_0327_4.img,491192640,491192640,OK
/mnt/mrdr/mc04/t1771_mrral_55n337_0327_4.img,589902336,589902336,OK
/mnt/mrdr/mc04/t1771_mrrde_55n337_0327_4.img,155668672,155668672,OK
/mnt/mrdr/mc04/t1771_mrrsu_55n337_0327_4.img,491585280,491585280,OK
/mnt/mrdr/mc04/t1772_mrral_55n343_0327_4.img,589902336,589902336,OK
/mnt/mrdr/mc04/t1772_mrrde_55n343_0327_4.img,155668672,155668672,OK
/mnt/mrdr/mc04/t1772_mrrsu_55n343_0327_4.img,491585280,491585280,OK
/mnt/mrdr/mc04/t1773_mrral_55n350_0327_4.img,589431168,589431168,OK
/mnt/mrdr/mc04/t1773_mrrde_55n350_0327_4.img,155544336,155544336,OK
/mnt/mrdr/mc04/t1773_mrrsu_55n350_0327_4.img,491192640,491192640,OK
/mnt/mrdr/mc04/t1774_mrral_55n357_0327_4.img,589431168,589431168,OK
/mnt/mrdr/mc04/t1774_mrrde_55n357_0327_4.img,155544336,155544336,OK
/mnt/mrdr/mc04/t1774_mrrsu_55n357_0327_4.img,491192640,491192640,OK
/mnt/mrdr/mc04/t1820_mrral_60n303_0327_4.img,514044288,514044288,OK
/mnt/mrdr/mc04/t1820_mrrde_60n303_0327_4.img,135650576,135650576,OK
/mnt/mrdr/mc04/t1820_mrrsu_60n303_0327_4.img,428370240,428370240,OK
/mnt/mrdr/mc04/t1821_mrral_60n310_0327_4.img,514044288,514044288,OK
/mnt/mrdr/mc04/t1821_mrrde_60n310_0327_4.img,135650576,135650576,OK
/mnt/mrdr/mc04/t1821_mrrsu_60n310_0327_4.img,428370240,428370240,OK
/mnt/mrdr/mc04/t1822_mrral_60n317_0327_4.img,514044288,514044288,OK
/mnt/mrdr/mc04/t1822_mrrde_60n317_0327_4.img,135650576,135650576,OK
/mnt/mrdr/mc04/t1822_mrrsu_60n317_0327_4.img,428370240,428370240,OK
/mnt/mrdr/mc04/t1823_mrral_60n323_0327_4.img,514044288,514044288,OK
/mnt/mrdr/mc04/t1823_mrrde_60n323_0327_4.img,135650576,135650576,OK
/mnt/mrdr/mc04/t1823_mrrsu_60n323_0327_4.img,428370240,428370240,OK
/mnt/mrdr/mc04/t1824_mrral_60n330_0327_4.img,514044288,514044288,OK
/mnt/mrdr/mc04/t1824_mrrde_60n330_0327_4.img,135650576,135650576,OK
/mnt/mrdr/mc04/t1824_mrrsu_60n330_0327_4.img,428370240,428370240,OK
/mnt/mrdr/mc04/t1825_mrral_60n337_0327_4.img,514044288,514044288,OK
/mnt/mrdr/mc04/t1825_mrrde_60n337_0327_4.img,135650576,135650576,OK
/mnt/mrdr/mc04/t1825_mrrsu_60n337_0327_4.img,428370240,428370240,OK
/mnt/mrdr/mc04/t1826_mrral_60n343_0327_4.img,514044288,514044288,OK
/mnt/mrdr/mc04/t1826_mrrde_60n343_0327_4.img,135650576,135650576,OK
/mnt/mrdr/mc04/t1826_mrrsu_60n343_0327_4.img,428370240,428370240,OK
/mnt/mrdr/mc04/t1827_mrral_60n350_0327_4.img,514044288,514044288,OK
/mnt/mrdr/mc04/t1827_mrrde_60n350_0327_4.img,135650576,135650576,OK
/mnt/mrdr/mc04/t1827_mrrsu_60n350_0327_4.img,428370240,428370240,OK
/mnt/mrdr/mc04/t1828_mrral_60n357_0327_4.img,514044288,514044288,OK
/mnt/mrdr/mc04/t1828_mrrde_60n357_0327_4.img,135650576,135650576,OK
/mnt/mrdr/mc04/t1828_mrrsu_60n357_0327_4.img,428370240,428370240,OK
/mnt/mrdr/mc04/t1859_mrral_65n305_0327_4.img,651625344,651625344,OK
/mnt/mrdr/mc04/t1859_mrrde_65n305_0327_4.img,171956688,171956688,OK
/mnt/mrdr/mc04/t1859_mrrsu_65n305_0327_4.img,543021120,543021120,OK
/mnt/mrdr/mc04/t1860_mrral_65n315_0327_4.img,651625344,651625344,OK
/mnt/mrdr/mc04/t1860_mrrde_65n315_0327_4.img,171956688,171956688,OK
/mnt/mrdr/mc04/t1860_mrrsu_65n315_0327_4.img,543021120,543021120,OK
/mnt/mrdr/mc04/t1861_mrral_65n325_0327_4.img,651625344,651625344,OK
/mnt/mrdr/mc04/t1861_mrrde_65n325_0327_4.img,171956688,171956688,OK
/mnt/mrdr/mc04/t1861_mrrsu_65n325_0327_4.img,543021120,543021120,OK
/mnt/mrdr/mc04/t1862_mrral_65n335_0327_4.img,651625344,651625344,OK
/mnt/mrdr/mc04/t1862_mrrde_65n335_0327_4.img,171956688,171956688,OK
/mnt/mrdr/mc04/t1862_mrrsu_65n335_0327_4.img,543021120,543021120,OK
/mnt/mrdr/mc04/t1863_mrral_65n345_0327_4.img,651625344,651625344,OK
/mnt/mrdr/mc04/t1863_mrrde_65n345_0327_4.img,171956688,171956688,OK
/mnt/mrdr/mc04/t1863_mrrsu_65n345_0327_4.img,543021120,543021120,OK
/mnt/mrdr/mc04/t1864_mrral_65n355_0327_4.img,651625344,651625344,OK
/mnt/mrdr/mc04/t1864_mrrde_65n355_0327_4.img,171956688,171956688,OK
/mnt/mrdr/mc04/t1864_mrrsu_65n355_0327_4.img,543021120,543021120,OK
/mnt/mrdr/mc05/t1451_mrral_35n003_0327_4.img,631836288,631836288,OK
/mnt/mrdr/mc05/t1451_mrrde_35n003_0327_4.img,166734576,166734576,OK
/mnt/mrdr/mc05/t1451_mrrsu_35n003_0327_4.img,526530240,526530240,OK
/mnt/mrdr/mc05/t1452_mrral_35n008_0327_4.img,631836288,631836288,OK
/mnt/mrdr/mc05/t1452_mrrde_35n008_0327_4.img,166734576,166734576,OK
/mnt/mrdr/mc05/t1452_mrrsu_35n008_0327_4.img,526530240,526530240,OK
/mnt/mrdr/mc05/t1453_mrral_35n013_0327_4.img,631365120,631365120,OK
/mnt/mrdr/mc05/t1453_mrrde_35n013_0327_4.img,166610240,166610240,OK
/mnt/mrdr/mc05/t1453_mrrsu_35n013_0327_4.img,526137600,526137600,OK
/mnt/mrdr/mc05/t1454_mrral_35n018_0327_4.img,631365120,631365120,OK
/mnt/mrdr/mc05/t1454_mrrde_35n018_0327_4.img,166610240,166610240,OK
/mnt/mrdr/mc05/t1454_mrrsu_35n018_0327_4.img,526137600,526137600,OK
/mnt/mrdr/mc05/t1455_mrral_35n023_0327_4.img,631365120,631365120,OK
/mnt/mrdr/mc05/t1455_mrrde_35n023_0327_4.img,166610240,166610240,OK
/mnt/mrdr/mc05/t1455_mrrsu_35n023_0327_4.img,526137600,526137600,OK
/mnt/mrdr/mc05/t1456_mrral_35n028_0327_4.img,631365120,631365120,OK
/mnt/mrdr/mc05/t1456_mrrde_35n028_0327_4.img,166610240,166610240,OK
/mnt/mrdr/mc05/t1456_mrrsu_35n028_0327_4.img,526137600,526137600,OK
/mnt/mrdr/mc05/t1457_mrral_35n033_0327_4.img,631365120,631365120,OK
/mnt/mrdr/mc05/t1457_mrrde_35n033_0327_4.img,166610240,166610240,OK
/mnt/mrdr/mc05/t1457_mrrsu_35n033_0327_4.img,526137600,526137600,OK
/mnt/mrdr/mc05/t1458_mrral_35n038_0327_4.img,631365120,631365120,OK
/mnt/mrdr/mc05/t1458_mrrde_35n038_0327_4.img,166610240,166610240,OK
/mnt/mrdr/mc05/t1458_mrrsu_35n038_0327_4.img,526137600,526137600,OK
/mnt/mrdr/mc05/t1459_mrral_35n043_0327_4.img,631365120,631365120,OK
/mnt/mrdr/mc05/t1459_mrrde_35n043_0327_4.img,166610240,166610240,OK
/mnt/mrdr/mc05/t1459_mrrsu_35n043_0327_4.img,526137600,526137600,OK
/mnt/mrdr/mc05/t1460_mrral_35n048_0327_4.img,631365120,631365120,OK
/mnt/mrdr/mc05/t1460_mrrde_35n048_0327_4.img,166610240,166610240,OK
/mnt/mrdr/mc05/t1460_mrrsu_35n048_0327_4.img,526137600,526137600,OK
/mnt/mrdr/mc05/t1461_mrral_35n053_0327_4.img,631365120,631365120,OK
/mnt/mrdr/mc05/t1461_mrrde_35n053_0327_4.img,166610240,166610240,OK
/mnt/mrdr/mc05/t1461_mrrsu_35n053_0327_4.img,526137600,526137600,OK
/mnt/mrdr/mc05/t1462_mrral_35n058_0327_4.img,631365120,631365120,OK
/mnt/mrdr/mc05/t1462_mrrde_35n058_0327_4.img,166610240,166610240,OK
/mnt/mrdr/mc05/t1462_mrrsu_35n058_0327_4.img,526137600,526137600,OK
/mnt/mrdr/mc05/t1523_mrral_40n003_0327_4.img,590373504,590373504,OK
/mnt/mrdr/mc05/t1523_mrrde_40n003_0327_4.img,155793008,155793008,OK
/mnt/mrdr/mc05/t1523_mrrsu_40n003_0327_4.img,491977920,491977920,OK
/mnt/mrdr/mc05/t1524_mrral_40n008_0327_4.img,590844672,590844672,OK
/mnt/mrdr/mc05/t1524_mrrde_40n008_0327_4.img,155917344,155917344,OK
/mnt/mrdr/mc05/t1524_mrrsu_40n008_0327_4.img,492370560,492370560,OK
/mnt/mrdr/mc05/t1525_mrral_40n013_0327_4.img,590844672,590844672,OK
/mnt/mrdr/mc05/t1525_mrrde_40n013_0327_4.img,155917344,155917344,OK
/mnt/mrdr/mc05/t1525_mrrsu_40n013_0327_4.img,492370560,492370560,OK
/mnt/mrdr/mc05/t1526_mrral_40n018_0327_4.img,590373504,590373504,OK
/mnt/mrdr/mc05/t1526_mrrde_40n018_0327_4.img,155793008,155793008,OK
/mnt/mrdr/mc05/t1526_mrrsu_40n018_0327_4.img,491977920,491977920,OK
/mnt/mrdr/mc05/t1527_mrral_40n023_0327_4.img,590373504,590373504,OK
/mnt/mrdr/mc05/t1527_mrrde_40n023_0327_4.img,155793008,155793008,OK
/mnt/mrdr/mc05/t1527_mrrsu_40n023_0327_4.img,491977920,491977920,OK
/mnt/mrdr/mc05/t1528_mrral_40n028_0327_4.img,590844672,590844672,OK
/mnt/mrdr/mc05/t1528_mrrde_40n028_0327_4.img,155917344,155917344,OK
/mnt/mrdr/mc05/t1528_mrrsu_40n028_0327_4.img,492370560,492370560,OK
/mnt/mrdr/mc05/t1529_mrral_40n033_0327_4.img,590844672,590844672,OK
/mnt/mrdr/mc05/t1529_mrrde_40n033_0327_4.img,155917344,155917344,OK
/mnt/mrdr/mc05/t1529_mrrsu_40n033_0327_4.img,492370560,492370560,OK
/mnt/mrdr/mc05/t1530_mrral_40n038_0327_4.img,590373504,590373504,OK
/mnt/mrdr/mc05/t1530_mrrde_40n038_0327_4.img,155793008,155793008,OK
/mnt/mrdr/mc05/t1530_mrrsu_40n038_0327_4.img,491977920,491977920,OK
/mnt/mrdr/mc05/t1531_mrral_40n043_0327_4.img,590373504,590373504,OK
/mnt/mrdr/mc05/t1531_mrrde_40n043_0327_4.img,155793008,155793008,OK
/mnt/mrdr/mc05/t1531_mrrsu_40n043_0327_4.img,491977920,491977920,OK
/mnt/mrdr/mc05/t1532_mrral_40n048_0327_4.img,590844672,590844672,OK
/mnt/mrdr/mc05/t1532_mrrde_40n048_0327_4.img,155917344,155917344,OK
/mnt/mrdr/mc05/t1532_mrrsu_40n048_0327_4.img,492370560,492370560,OK
/mnt/mrdr/mc05/t1533_mrral_40n053_0327_4.img,590844672,590844672,OK
/mnt/mrdr/mc05/t1533_mrrde_40n053_0327_4.img,155917344,155917344,OK
/mnt/mrdr/mc05/t1533_mrrsu_40n053_0327_4.img,492370560,492370560,OK
/mnt/mrdr/mc05/t1534_mrral_40n058_0327_4.img,590373504,590373504,OK
/mnt/mrdr/mc05/t1534_mrrde_40n058_0327_4.img,155793008,155793008,OK
/mnt/mrdr/mc05/t1534_mrrsu_40n058_0327_4.img,491977920,491977920,OK
/mnt/mrdr/mc05/t1595_mrral_45n003_0327_4.img,545141376,545141376,OK
/mnt/mrdr/mc05/t1595_mrrde_45n003_0327_4.img,143856752,143856752,OK
/mnt/mrdr/mc05/t1595_mrrsu_45n003_0327_4.img,454284480,454284480,OK
/mnt/mrdr/mc05/t1596_mrral_45n008_0327_4.img,545141376,545141376,OK
/mnt/mrdr/mc05/t1596_mrrde_45n008_0327_4.img,143856752,143856752,OK
/mnt/mrdr/mc05/t1596_mrrsu_45n008_0327_4.img,454284480,454284480,OK
/mnt/mrdr/mc05/t1597_mrral_45n013_0327_4.img,545141376,545141376,OK
/mnt/mrdr/mc05/t1597_mrrde_45n013_0327_4.img,143856752,143856752,OK
/mnt/mrdr/mc05/t1597_mrrsu_45n013_0327_4.img,454284480,454284480,OK
/mnt/mrdr/mc05/t1598_mrral_45n018_0327_4.img,545141376,545141376,OK
/mnt/mrdr/mc05/t1598_mrrde_45n018_0327_4.img,143856752,143856752,OK
/mnt/mrdr/mc05/t1598_mrrsu_45n018_0327_4.img,454284480,454284480,OK
/mnt/mrdr/mc05/t1599_mrral_45n023_0327_4.img,545141376,545141376,OK
/mnt/mrdr/mc05/t1599_mrrde_45n023_0327_4.img,143856752,143856752,OK
/mnt/mrdr/mc05/t1599_mrrsu_45n023_0327_4.img,454284480,454284480,OK
/mnt/mrdr/mc05/t1600_mrral_45n028_0327_4.img,545141376,545141376,OK
/mnt/mrdr/mc05/t1600_mrrde_45n028_0327_4.img,143856752,143856752,OK
/mnt/mrdr/mc05/t1600_mrrsu_45n028_0327_4.img,454284480,454284480,OK
/mnt/mrdr/mc05/t1601_mrral_45n033_0327_4.img,545141376,545141376,OK
/mnt/mrdr/mc05/t1601_mrrde_45n033_0327_4.img,143856752,143856752,OK
/mnt/mrdr/mc05/t1601_mrrsu_45n033_0327_4.img,454284480,454284480,OK
/mnt/mrdr/mc05/t1602_mrral_45n038_0327_4.img,545141376,545141376,OK
/mnt/mrdr/mc05/t1602_mrrde_45n038_0327_4.img,143856752,143856752,OK
/mnt/mrdr/mc05/t1602_mrrsu_45n038_0327_4.img,454284480,454284480,OK
/mnt/mrdr/mc05/t1603_mrral_45n043_0327_4.img,545141376,545141376,OK
/mnt/mrdr/mc05/t1603_mrrde_45n043_0327_4.img,143856752,143856752,OK
/mnt/mrdr/mc05/t1603_mrrsu_45n043_0327_4.img,454284480,454284480,OK
/mnt/mrdr/mc05/t1604_mrral_45n048_0327_4.img,545141376,545141376,OK
/mnt/mrdr/mc05/t1604_mrrde_45n048_0327_4.img,143856752,143856752,OK
/mnt/mrdr/mc05/t1604_mrrsu_45n048_0327_4.img,454284480,454284480,OK
/mnt/mrdr/mc05/t1605_mrral_45n053_0327_4.img,545141376,545141376,OK
/mnt/mrdr/mc05/t1605_mrrde_45n053_0327_4.img,143856752,143856752,OK
/mnt/mrdr/mc05/t1605_mrrsu_45n053_0327_4.img,454284480,454284480,OK
/mnt/mrdr/mc05/t1606_mrral_45n058_0327_4.img,545612544,545612544,OK
/mnt/mrdr/mc05/t1606_mrrde_45n058_0327_4.img,143981088,143981088,OK
/mnt/mrdr/mc05/t1606_mrrsu_45n058_0327_4.img,454677120,454677120,OK
/mnt/mrdr/mc05/t1667_mrral_50n003_0327_4.img,661048704,661048704,OK
/mnt/mrdr/mc05/t1667_mrrde_50n003_0327_4.img,174443408,174443408,OK
/mnt/mrdr/mc05/t1667_mrrsu_50n003_0327_4.img,550873920,550873920,OK
/mnt/mrdr/mc05/t1668_mrral_50n010_0327_4.img,660577536,660577536,OK
/mnt/mrdr/mc05/t1668_mrrde_50n010_0327_4.img,174319072,174319072,OK
/mnt/mrdr/mc05/t1668_mrrsu_50n010_0327_4.img,550481280,550481280,OK
/mnt/mrdr/mc05/t1669_mrral_50n017_0327_4.img,661048704,661048704,OK
/mnt/mrdr/mc05/t1669_mrrde_50n017_0327_4.img,174443408,174443408,OK
/mnt/mrdr/mc05/t1669_mrrsu_50n017_0327_4.img,550873920,550873920,OK
/mnt/mrdr/mc05/t1670_mrral_50n023_0327_4.img,660577536,660577536,OK
/mnt/mrdr/mc05/t1670_mrrde_50n023_0327_4.img,174319072,174319072,OK
/mnt/mrdr/mc05/t1670_mrrsu_50n023_0327_4.img,550481280,550481280,OK
/mnt/mrdr/mc05/t1671_mrral_50n030_0327_4.img,660577536,660577536,OK
/mnt/mrdr/mc05/t1671_mrrde_50n030_0327_4.img,174319072,174319072,OK
/mnt/mrdr/mc05/t1671_mrrsu_50n030_0327_4.img,550481280,550481280,OK
/mnt/mrdr/mc05/t1672_mrral_50n037_0327_4.img,660577536,660577536,OK
/mnt/mrdr/mc05/t1672_mrrde_50n037_0327_4.img,174319072,174319072,OK
/mnt/mrdr/mc05/t1672_mrrsu_50n037_0327_4.img,550481280,550481280,OK
/mnt/mrdr/mc05/t1673_mrral_50n043_0327_4.img,661048704,661048704,OK
/mnt/mrdr/mc05/t1673_mrrde_50n043_0327_4.img,174443408,174443408,OK
/mnt/mrdr/mc05/t1673_mrrsu_50n043_0327_4.img,550873920,550873920,OK
/mnt/mrdr/mc05/t1674_mrral_50n050_0327_4.img,660577536,660577536,OK
/mnt/mrdr/mc05/t1674_mrrde_50n050_0327_4.img,174319072,174319072,OK
/mnt/mrdr/mc05/t1674_mrrsu_50n050_0327_4.img,550481280,550481280,OK
/mnt/mrdr/mc05/t1675_mrral_50n057_0327_4.img,660577536,660577536,OK
/mnt/mrdr/mc05/t1675_mrrde_50n057_0327_4.img,174319072,174319072,OK
/mnt/mrdr/mc05/t1675_mrrsu_50n057_0327_4.img,550481280,550481280,OK
/mnt/mrdr/mc05/t1721_mrral_55n003_0327_4.img,589431168,589431168,OK
/mnt/mrdr/mc05/t1721_mrrde_55n003_0327_4.img,155544336,155544336,OK
/mnt/mrdr/mc05/t1721_mrrsu_55n003_0327_4.img,491192640,491192640,OK
/mnt/mrdr/mc05/t1722_mrral_55n010_0327_4.img,589431168,589431168,OK
/mnt/mrdr/mc05/t1722_mrrde_55n010_0327_4.img,155544336,155544336,OK
/mnt/mrdr/mc05/t1722_mrrsu_55n010_0327_4.img,491192640,491192640,OK
/mnt/mrdr/mc05/t1723_mrral_55n017_0327_4.img,589902336,589902336,OK
/mnt/mrdr/mc05/t1723_mrrde_55n017_0327_4.img,155668672,155668672,OK
/mnt/mrdr/mc05/t1723_mrrsu_55n017_0327_4.img,491585280,491585280,OK
/mnt/mrdr/mc05/t1724_mrral_55n023_0327_4.img,589431168,589431168,OK
/mnt/mrdr/mc05/t1724_mrrde_55n023_0327_4.img,155544336,155544336,OK
/mnt/mrdr/mc05/t1724_mrrsu_55n023_0327_4.img,491192640,491192640,OK
/mnt/mrdr/mc05/t1725_mrral_55n030_0327_4.img,589431168,589431168,OK
/mnt/mrdr/mc05/t1725_mrrde_55n030_0327_4.img,155544336,155544336,OK
/mnt/mrdr/mc05/t1725_mrrsu_55n030_0327_4.img,491192640,491192640,OK
/mnt/mrdr/mc05/t1726_mrral_55n037_0327_4.img,589902336,589902336,OK
/mnt/mrdr/mc05/t1726_mrrde_55n037_0327_4.img,155668672,155668672,OK
/mnt/mrdr/mc05/t1726_mrrsu_55n037_0327_4.img,491585280,491585280,OK
/mnt/mrdr/mc05/t1727_mrral_55n043_0327_4.img,589902336,589902336,OK
/mnt/mrdr/mc05/t1727_mrrde_55n043_0327_4.img,155668672,155668672,OK
/mnt/mrdr/mc05/t1727_mrrsu_55n043_0327_4.img,491585280,491585280,OK
/mnt/mrdr/mc05/t1728_mrral_55n050_0327_4.img,589431168,589431168,OK
/mnt/mrdr/mc05/t1728_mrrde_55n050_0327_4.img,155544336,155544336,OK
/mnt/mrdr/mc05/t1728_mrrsu_55n050_0327_4.img,491192640,491192640,OK
/mnt/mrdr/mc05/t1729_mrral_55n057_0327_4.img,589431168,589431168,OK
/mnt/mrdr/mc05/t1729_mrrde_55n057_0327_4.img,155544336,155544336,OK
/mnt/mrdr/mc05/t1729_mrrsu_55n057_0327_4.img,491192640,491192640,OK
/mnt/mrdr/mc05/t1775_mrral_60n003_0327_4.img,514044288,514044288,OK
/mnt/mrdr/mc05/t1775_mrrde_60n003_0327_4.img,135650576,135650576,OK
/mnt/mrdr/mc05/t1775_mrrsu_60n003_0327_4.img,428370240,428370240,OK
/mnt/mrdr/mc05/t1776_mrral_60n010_0327_4.img,514044288,514044288,OK
/mnt/mrdr/mc05/t1776_mrrde_60n010_0327_4.img,135650576,135650576,OK
/mnt/mrdr/mc05/t1776_mrrsu_60n010_0327_4.img,428370240,428370240,OK
/mnt/mrdr/mc05/t1777_mrral_60n017_0327_4.img,514044288,514044288,OK
/mnt/mrdr/mc05/t1777_mrrde_60n017_0327_4.img,135650576,135650576,OK
/mnt/mrdr/mc05/t1777_mrrsu_60n017_0327_4.img,428370240,428370240,OK
/mnt/mrdr/mc05/t1778_mrral_60n023_0327_4.img,514044288,514044288,OK
/mnt/mrdr/mc05/t1778_mrrde_60n023_0327_4.img,135650576,135650576,OK
/mnt/mrdr/mc05/t1778_mrrsu_60n023_0327_4.img,428370240,428370240,OK
/mnt/mrdr/mc05/t1779_mrral_60n030_0327_4.img,514044288,514044288,OK
/mnt/mrdr/mc05/t1779_mrrde_60n030_0327_4.img,135650576,135650576,OK
/mnt/mrdr/mc05/t1779_mrrsu_60n030_0327_4.img,428370240,428370240,OK
/mnt/mrdr/mc05/t1780_mrral_60n037_0327_4.img,514044288,514044288,OK
/mnt/mrdr/mc05/t1780_mrrde_60n037_0327_4.img,135650576,135650576,OK
/mnt/mrdr/mc05/t1780_mrrsu_60n037_0327_4.img,428370240,428370240,OK
/mnt/mrdr/mc05/t1781_mrral_60n043_0327_4.img,514044288,514044288,OK
/mnt/mrdr/mc05/t1781_mrrde_60n043_0327_4.img,135650576,135650576,OK
/mnt/mrdr/mc05/t1781_mrrsu_60n043_0327_4.img,428370240,428370240,OK
/mnt/mrdr/mc05/t1782_mrral_60n050_0327_4.img,514044288,514044288,OK
/mnt/mrdr/mc05/t1782_mrrde_60n050_0327_4.img,135650576,135650576,OK
/mnt/mrdr/mc05/t1782_mrrsu_60n050_0327_4.img,428370240,428370240,OK
/mnt/mrdr/mc05/t1783_mrral_60n057_0327_4.img,514044288,514044288,OK
/mnt/mrdr/mc05/t1783_mrrde_60n057_0327_4.img,135650576,135650576,OK
/mnt/mrdr/mc05/t1783_mrrsu_60n057_0327_4.img,428370240,428370240,OK
/mnt/mrdr/mc05/t1829_mrral_65n005_0327_4.img,651625344,651625344,OK
/mnt/mrdr/mc05/t1829_mrrde_65n005_0327_4.img,171956688,171956688,OK
/mnt/mrdr/mc05/t1829_mrrsu_65n005_0327_4.img,543021120,543021120,OK
/mnt/mrdr/mc05/t1830_mrral_65n015_0327_4.img,651625344,651625344,OK
/mnt/mrdr/mc05/t1830_mrrde_65n015_0327_4.img,171956688,171956688,OK
/mnt/mrdr/mc05/t1830_mrrsu_65n015_0327_4.img,543021120,543021120,OK
/mnt/mrdr/mc05/t1831_mrral_65n025_0327_4.img,651625344,651625344,OK
/mnt/mrdr/mc05/t1831_mrrde_65n025_0327_4.img,171956688,171956688,OK
/mnt/mrdr/mc05/t1831_mrrsu_65n025_0327_4.img,543021120,543021120,OK
/mnt/mrdr/mc05/t1832_mrral_65n035_0327_4.img,651625344,651625344,OK
/mnt/mrdr/mc05/t1832_mrrde_65n035_0327_4.img,171956688,171956688,OK
/mnt/mrdr/mc05/t1832_mrrsu_65n035_0327_4.img,543021120,543021120,OK
/mnt/mrdr/mc05/t1833_mrral_65n045_0327_4.img,651625344,651625344,OK
/mnt/mrdr/mc05/t1833_mrrde_65n045_0327_4.img,171956688,171956688,OK
/mnt/mrdr/mc05/t1833_mrrsu_65n045_0327_4.img,543021120,543021120,OK
/mnt/mrdr/mc05/t1834_mrral_65n055_0327_4.img,651625344,651625344,OK
/mnt/mrdr/mc05/t1834_mrrde_65n055_0327_4.img,171956688,171956688,OK
/mnt/mrdr/mc05/t1834_mrrsu_65n055_0327_4.img,543021120,543021120,OK
/mnt/mrdr/mc06/t1463_mrral_35n063_0327_4.img,631365120,631365120,OK
/mnt/mrdr/mc06/t1463_mrrde_35n063_0327_4.img,166610240,166610240,OK
/mnt/mrdr/mc06/t1463_mrrsu_35n063_0327_4.img,526137600,526137600,OK
/mnt/mrdr/mc06/t1464_mrral_35n068_0327_4.img,631365120,631365120,OK
/mnt/mrdr/mc06/t1464_mrrde_35n068_0327_4.img,166610240,166610240,OK
/mnt/mrdr/mc06/t1464_mrrsu_35n068_0327_4.img,526137600,526137600,OK
/mnt/mrdr/mc06/t1465_mrral_35n073_0327_4.img,631365120,631365120,OK
/mnt/mrdr/mc06/t1465_mrrde_35n073_0327_4.img,166610240,166610240,OK
/mnt/mrdr/mc06/t1465_mrrsu_35n073_0327_4.img,526137600,526137600,OK
/mnt/mrdr/mc06/t1466_mrral_35n078_0327_4.img,631365120,631365120,OK
/mnt/mrdr/mc06/t1466_mrrde_35n078_0327_4.img,166610240,166610240,OK
/mnt/mrdr/mc06/t1466_mrrsu_35n078_0327_4.img,526137600,526137600,OK
/mnt/mrdr/mc06/t1467_mrral_35n083_0327_4.img,631365120,631365120,OK
/mnt/mrdr/mc06/t1467_mrrde_35n083_0327_4.img,166610240,166610240,OK
/mnt/mrdr/mc06/t1467_mrrsu_35n083_0327_4.img,526137600,526137600,OK
/mnt/mrdr/mc06/t1468_mrral_35n088_0327_4.img,631365120,631365120,OK
/mnt/mrdr/mc06/t1468_mrrde_35n088_0327_4.img,166610240,166610240,OK
/mnt/mrdr/mc06/t1468_mrrsu_35n088_0327_4.img,526137600,526137600,OK
/mnt/mrdr/mc06/t1469_mrral_35n093_0327_4.img,631365120,631365120,OK
/mnt/mrdr/mc06/t1469_mrrde_35n093_0327_4.img,166610240,166610240,OK
/mnt/mrdr/mc06/t1469_mrrsu_35n093_0327_4.img,526137600,526137600,OK
/mnt/mrdr/mc06/t1470_mrral_35n098_0327_4.img,631365120,631365120,OK
/mnt/mrdr/mc06/t1470_mrrde_35n098_0327_4.img,166610240,166610240,OK
/mnt/mrdr/mc06/t1470_mrrsu_35n098_0327_4.img,526137600,526137600,OK
/mnt/mrdr/mc06/t1471_mrral_35n103_0327_4.img,631365120,631365120,OK
/mnt/mrdr/mc06/t1471_mrrde_35n103_0327_4.img,166610240,166610240,OK
/mnt/mrdr/mc06/t1471_mrrsu_35n103_0327_4.img,526137600,526137600,OK
/mnt/mrdr/mc06/t1472_mrral_35n108_0327_4.img,631365120,631365120,OK
/mnt/mrdr/mc06/t1472_mrrde_35n108_0327_4.img,166610240,166610240,OK
/mnt/mrdr/mc06/t1472_mrrsu_35n108_0327_4.img,526137600,526137600,OK
/mnt/mrdr/mc06/t1473_mrral_35n113_0327_4.img,631365120,631365120,OK
/mnt/mrdr/mc06/t1473_mrrde_35n113_0327_4.img,166610240,166610240,OK
/mnt/mrdr/mc06/t1473_mrrsu_35n113_0327_4.img,526137600,526137600,OK
/mnt/mrdr/mc06/t1474_mrral_35n118_0327_4.img,631365120,631365120,OK
/mnt/mrdr/mc06/t1474_mrrde_35n118_0327_4.img,166610240,166610240,OK
/mnt/mrdr/mc06/t1474_mrrsu_35n118_0327_4.img,526137600,526137600,OK
/mnt/mrdr/mc06/t1535_mrral_40n063_0327_4.img,590844672,590844672,OK
/mnt/mrdr/mc06/t1535_mrrde_40n063_0327_4.img,155917344,155917344,OK
/mnt/mrdr/mc06/t1535_mrrsu_40n063_0327_4.img,492370560,492370560,OK
/mnt/mrdr/mc06/t1536_mrral_40n068_0327_4.img,590844672,590844672,OK
/mnt/mrdr/mc06/t1536_mrrde_40n068_0327_4.img,155917344,155917344,OK
/mnt/mrdr/mc06/t1536_mrrsu_40n068_0327_4.img,492370560,492370560,OK
/mnt/mrdr/mc06/t1537_mrral_40n073_0327_4.img,590373504,590373504,OK
/mnt/mrdr/mc06/t1537_mrrde_40n073_0327_4.img,155793008,155793008,OK
/mnt/mrdr/mc06/t1537_mrrsu_40n073_0327_4.img,491977920,491977920,OK
/mnt/mrdr/mc06/t1538_mrral_40n078_0327_4.img,590844672,590844672,OK
/mnt/mrdr/mc06/t1538_mrrde_40n078_0327_4.img,155917344,155917344,OK
/mnt/mrdr/mc06/t1538_mrrsu_40n078_0327_4.img,492370560,492370560,OK
/mnt/mrdr/mc06/t1539_mrral_40n083_0327_4.img,590373504,590373504,OK
/mnt/mrdr/mc06/t1539_mrrde_40n083_0327_4.img,155793008,155793008,OK
/mnt/mrdr/mc06/t1539_mrrsu_40n083_0327_4.img,491977920,491977920,OK
/mnt/mrdr/mc06/t1540_mrral_40n088_0327_4.img,590373504,590373504,OK
/mnt/mrdr/mc06/t1540_mrrde_40n088_0327_4.img,155793008,155793008,OK
/mnt/mrdr/mc06/t1540_mrrsu_40n088_0327_4.img,491977920,491977920,OK
/mnt/mrdr/mc06/t1541_mrral_40n093_0327_4.img,590373504,590373504,OK
/mnt/mrdr/mc06/t1541_mrrde_40n093_0327_4.img,155793008,155793008,OK
/mnt/mrdr/mc06/t1541_mrrsu_40n093_0327_4.img,491977920,491977920,OK
/mnt/mrdr/mc06/t1542_mrral_40n098_0327_4.img,590373504,590373504,OK
/mnt/mrdr/mc06/t1542_mrrde_40n098_0327_4.img,155793008,155793008,OK
/mnt/mrdr/mc06/t1542_mrrsu_40n098_0327_4.img,491977920,491977920,OK
/mnt/mrdr/mc06/t1543_mrral_40n103_0327_4.img,590373504,590373504,OK
/mnt/mrdr/mc06/t1543_mrrde_40n103_0327_4.img,155793008,155793008,OK
/mnt/mrdr/mc06/t1543_mrrsu_40n103_0327_4.img,491977920,491977920,OK
/mnt/mrdr/mc06/t1544_mrral_40n108_0327_4.img,590844672,590844672,OK
/mnt/mrdr/mc06/t1544_mrrde_40n108_0327_4.img,155917344,155917344,OK
/mnt/mrdr/mc06/t1544_mrrsu_40n108_0327_4.img,492370560,492370560,OK
/mnt/mrdr/mc06/t1545_mrral_40n113_0327_4.img,590844672,590844672,OK
/mnt/mrdr/mc06/t1545_mrrde_40n113_0327_4.img,155917344,155917344,OK
/mnt/mrdr/mc06/t1545_mrrsu_40n113_0327_4.img,492370560,492370560,OK
/mnt/mrdr/mc06/t1546_mrral_40n118_0327_4.img,590844672,590844672,OK
/mnt/mrdr/mc06/t1546_mrrde_40n118_0327_4.img,155917344,155917344,OK
/mnt/mrdr/mc06/t1546_mrrsu_40n118_0327_4.img,492370560,492370560,OK
/mnt/mrdr/mc06/t1607_mrral_45n063_0327_4.img,545141376,545141376,OK
/mnt/mrdr/mc06/t1607_mrrde_45n063_0327_4.img,143856752,143856752,OK
/mnt/mrdr/mc06/t1607_mrrsu_45n063_0327_4.img,454284480,454284480,OK
/mnt/mrdr/mc06/t1608_mrral_45n068_0327_4.img,545141376,545141376,OK
/mnt/mrdr/mc06/t1608_mrrde_45n068_0327_4.img,143856752,143856752,OK
/mnt/mrdr/mc06/t1608_mrrsu_45n068_0327_4.img,454284480,454284480,OK
/mnt/mrdr/mc06/t1609_mrral_45n073_0327_4.img,545141376,545141376,OK
/mnt/mrdr/mc06/t1609_mrrde_45n073_0327_4.img,143856752,143856752,OK
/mnt/mrdr/mc06/t1609_mrrsu_45n073_0327_4.img,454284480,454284480,OK
/mnt/mrdr/mc06/t1610_mrral_45n078_0327_4.img,545141376,545141376,OK
/mnt/mrdr/mc06/t1610_mrrde_45n078_0327_4.img,143856752,143856752,OK
/mnt/mrdr/mc06/t1610_mrrsu_45n078_0327_4.img,454284480,454284480,OK
/mnt/mrdr/mc06/t1611_mrral_45n083_0327_4.img,545141376,545141376,OK
/mnt/mrdr/mc06/t1611_mrrde_45n083_0327_4.img,143856752,143856752,OK
/mnt/mrdr/mc06/t1611_mrrsu_45n083_0327_4.img,454284480,454284480,OK
/mnt/mrdr/mc06/t1612_mrral_45n088_0327_4.img,545612544,545612544,OK
/mnt/mrdr/mc06/t1612_mrrde_45n088_0327_4.img,143981088,143981088,OK
/mnt/mrdr/mc06/t1612_mrrsu_45n088_0327_4.img,454677120,454677120,OK
/mnt/mrdr/mc06/t1613_mrral_45n093_0327_4.img,545612544,545612544,OK
/mnt/mrdr/mc06/t1613_mrrde_45n093_0327_4.img,143981088,143981088,OK
/mnt/mrdr/mc06/t1613_mrrsu_45n093_0327_4.img,454677120,454677120,OK
/mnt/mrdr/mc06/t1614_mrral_45n098_0327_4.img,545141376,545141376,OK
/mnt/mrdr/mc06/t1614_mrrde_45n098_0327_4.img,143856752,143856752,OK
/mnt/mrdr/mc06/t1614_mrrsu_45n098_0327_4.img,454284480,454284480,OK
/mnt/mrdr/mc06/t1615_mrral_45n103_0327_4.img,545612544,545612544,OK
/mnt/mrdr/mc06/t1615_mrrde_45n103_0327_4.img,143981088,143981088,OK
/mnt/mrdr/mc06/t1615_mrrsu_45n103_0327_4.img,454677120,454677120,OK
/mnt/mrdr/mc06/t1616_mrral_45n108_0327_4.img,545141376,545141376,OK
/mnt/mrdr/mc06/t1616_mrrde_45n108_0327_4.img,143856752,143856752,OK
/mnt/mrdr/mc06/t1616_mrrsu_45n108_0327_4.img,454284480,454284480,OK
/mnt/mrdr/mc06/t1617_mrral_45n113_0327_4.img,545141376,545141376,OK
/mnt/mrdr/mc06/t1617_mrrde_45n113_0327_4.img,143856752,143856752,OK
/mnt/mrdr/mc06/t1617_mrrsu_45n113_0327_4.img,454284480,454284480,OK
/mnt/mrdr/mc06/t1618_mrral_45n118_0327_4.img,545141376,545141376,OK
/mnt/mrdr/mc06/t1618_mrrde_45n118_0327_4.img,143856752,143856752,OK
/mnt/mrdr/mc06/t1618_mrrsu_45n118_0327_4.img,454284480,454284480,OK
/mnt/mrdr/mc06/t1676_mrral_50n063_0327_4.img,660577536,660577536,OK
/mnt/mrdr/mc06/t1676_mrrde_50n063_0327_4.img,174319072,174319072,OK
/mnt/mrdr/mc06/t1676_mrrsu_50n063_0327_4.img,550481280,550481280,OK
/mnt/mrdr/mc06/t1677_mrral_50n070_0327_4.img,661048704,661048704,OK
/mnt/mrdr/mc06/t1677_mrrde_50n070_0327_4.img,174443408,174443408,OK
/mnt/mrdr/mc06/t1677_mrrsu_50n070_0327_4.img,550873920,550873920,OK
/mnt/mrdr/mc06/t1678_mrral_50n077_0327_4.img,660577536,660577536,OK
/mnt/mrdr/mc06/t1678_mrrde_50n077_0327_4.img,174319072,174319072,OK
/mnt/mrdr/mc06/t1678_mrrsu_50n077_0327_4.img,550481280,550481280,OK
/mnt/mrdr/mc06/t1679_mrral_50n083_0327_4.img,660577536,660577536,OK
/mnt/mrdr/mc06/t1679_mrrde_50n083_0327_4.img,174319072,174319072,OK
/mnt/mrdr/mc06/t1679_mrrsu_50n083_0327_4.img,550481280,550481280,OK
/mnt/mrdr/mc06/t1680_mrral_50n090_0327_4.img,660577536,660577536,OK
/mnt/mrdr/mc06/t1680_mrrde_50n090_0327_4.img,174319072,174319072,OK
/mnt/mrdr/mc06/t1680_mrrsu_50n090_0327_4.img,550481280,550481280,OK
/mnt/mrdr/mc06/t1681_mrral_50n097_0327_4.img,661048704,661048704,OK
/mnt/mrdr/mc06/t1681_mrrde_50n097_0327_4.img,174443408,174443408,OK
/mnt/mrdr/mc06/t1681_mrrsu_50n097_0327_4.img,550873920,550873920,OK
/mnt/mrdr/mc06/t1682_mrral_50n103_0327_4.img,660577536,660577536,OK
/mnt/mrdr/mc06/t1682_mrrde_50n103_0327_4.img,174319072,174319072,OK
/mnt/mrdr/mc06/t1682_mrrsu_50n103_0327_4.img,550481280,550481280,OK
/mnt/mrdr/mc06/t1683_mrral_50n110_0327_4.img,660577536,660577536,OK
/mnt/mrdr/mc06/t1683_mrrde_50n110_0327_4.img,174319072,174319072,OK
/mnt/mrdr/mc06/t1683_mrrsu_50n110_0327_4.img,550481280,550481280,OK
/mnt/mrdr/mc06/t1684_mrral_50n117_0327_4.img,661048704,661048704,OK
/mnt/mrdr/mc06/t1684_mrrde_50n117_0327_4.img,174443408,174443408,OK
/mnt/mrdr/mc06/t1684_mrrsu_50n117_0327_4.img,550873920,550873920,OK
/mnt/mrdr/mc06/t1730_mrral_55n063_0327_4.img,589431168,589431168,OK
/mnt/mrdr/mc06/t1730_mrrde_55n063_0327_4.img,155544336,155544336,OK
/mnt/mrdr/mc06/t1730_mrrsu_55n063_0327_4.img,491192640,491192640,OK
/mnt/mrdr/mc06/t1731_mrral_55n070_0327_4.img,589431168,589431168,OK
/mnt/mrdr/mc06/t1731_mrrde_55n070_0327_4.img,155544336,155544336,OK
/mnt/mrdr/mc06/t1731_mrrsu_55n070_0327_4.img,491192640,491192640,OK
/mnt/mrdr/mc06/t1732_mrral_55n077_0327_4.img,589431168,589431168,OK
/mnt/mrdr/mc06/t1732_mrrde_55n077_0327_4.img,155544336,155544336,OK
/mnt/mrdr/mc06/t1732_mrrsu_55n077_0327_4.img,491192640,491192640,OK
/mnt/mrdr/mc06/t1733_mrral_55n083_0327_4.img,589902336,589902336,OK
/mnt/mrdr/mc06/t1733_mrrde_55n083_0327_4.img,155668672,155668672,OK
/mnt/mrdr/mc06/t1733_mrrsu_55n083_0327_4.img,491585280,491585280,OK
/mnt/mrdr/mc06/t1734_mrral_55n090_0327_4.img,589902336,589902336,OK
/mnt/mrdr/mc06/t1734_mrrde_55n090_0327_4.img,155668672,155668672,OK
/mnt/mrdr/mc06/t1734_mrrsu_55n090_0327_4.img,491585280,491585280,OK
/mnt/mrdr/mc06/t1735_mrral_55n097_0327_4.img,589431168,589431168,OK
/mnt/mrdr/mc06/t1735_mrrde_55n097_0327_4.img,155544336,155544336,OK
/mnt/mrdr/mc06/t1735_mrrsu_55n097_0327_4.img,491192640,491192640,OK
/mnt/mrdr/mc06/t1736_mrral_55n103_0327_4.img,589431168,589431168,OK
/mnt/mrdr/mc06/t1736_mrrde_55n103_0327_4.img,155544336,155544336,OK
/mnt/mrdr/mc06/t1736_mrrsu_55n103_0327_4.img,491192640,491192640,OK
/mnt/mrdr/mc06/t1737_mrral_55n110_0327_4.img,589431168,589431168,OK
/mnt/mrdr/mc06/t1737_mrrde_55n110_0327_4.img,155544336,155544336,OK
/mnt/mrdr/mc06/t1737_mrrsu_55n110_0327_4.img,491192640,491192640,OK
/mnt/mrdr/mc06/t1738_mrral_55n117_0327_4.img,589431168,589431168,OK
/mnt/mrdr/mc06/t1738_mrrde_55n117_0327_4.img,155544336,155544336,OK
/mnt/mrdr/mc06/t1738_mrrsu_55n117_0327_4.img,491192640,491192640,OK
/mnt/mrdr/mc06/t1784_mrral_60n063_0327_4.img,514044288,514044288,OK
/mnt/mrdr/mc06/t1784_mrrde_60n063_0327_4.img,135650576,135650576,OK
/mnt/mrdr/mc06/t1784_mrrsu_60n063_0327_4.img,428370240,428370240,OK
/mnt/mrdr/mc06/t1785_mrral_60n070_0327_4.img,514044288,514044288,OK
/mnt/mrdr/mc06/t1785_mrrde_60n070_0327_4.img,135650576,135650576,OK
/mnt/mrdr/mc06/t1785_mrrsu_60n070_0327_4.img,428370240,428370240,OK
/mnt/mrdr/mc06/t1786_mrral_60n077_0327_4.img,514044288,514044288,OK
/mnt/mrdr/mc06/t1786_mrrde_60n077_0327_4.img,135650576,135650576,OK
/mnt/mrdr/mc06/t1786_mrrsu_60n077_0327_4.img,428370240,428370240,OK
/mnt/mrdr/mc06/t1787_mrral_60n083_0327_4.img,514044288,514044288,OK
/mnt/mrdr/mc06/t1787_mrrde_60n083_0327_4.img,135650576,135650576,OK
/mnt/mrdr/mc06/t1787_mrrsu_60n083_0327_4.img,428370240,428370240,OK
/mnt/mrdr/mc06/t1788_mrral_60n090_0327_4.img,514044288,514044288,OK
/mnt/mrdr/mc06/t1788_mrrde_60n090_0327_4.img,135650576,135650576,OK
/mnt/mrdr/mc06/t1788_mrrsu_60n090_0327_4.img,428370240,428370240,OK
/mnt/mrdr/mc06/t1789_mrral_60n097_0327_4.img,514044288,514044288,OK
/mnt/mrdr/mc06/t1789_mrrde_60n097_0327_4.img,135650576,135650576,OK
/mnt/mrdr/mc06/t1789_mrrsu_60n097_0327_4.img,428370240,428370240,OK
/mnt/mrdr/mc06/t1790_mrral_60n103_0327_4.img,514044288,514044288,OK
/mnt/mrdr/mc06/t1790_mrrde_60n103_0327_4.img,135650576,135650576,OK
/mnt/mrdr/mc06/t1790_mrrsu_60n103_0327_4.img,428370240,428370240,OK
/mnt/mrdr/mc06/t1791_mrral_60n110_0327_4.img,514044288,514044288,OK
/mnt/mrdr/mc06/t1791_mrrde_60n110_0327_4.img,135650576,135650576,OK
/mnt/mrdr/mc06/t1791_mrrsu_60n110_0327_4.img,428370240,428370240,OK
/mnt/mrdr/mc06/t1792_mrral_60n117_0327_4.img,514044288,514044288,OK
/mnt/mrdr/mc06/t1792_mrrde_60n117_0327_4.img,135650576,135650576,OK
/mnt/mrdr/mc06/t1792_mrrsu_60n117_0327_4.img,428370240,428370240,OK
/mnt/mrdr/mc06/t1835_mrral_65n065_0327_4.img,651625344,651625344,OK
/mnt/mrdr/mc06/t1835_mrrde_65n065_0327_4.img,171956688,171956688,OK
/mnt/mrdr/mc06/t1835_mrrsu_65n065_0327_4.img,543021120,543021120,OK
/mnt/mrdr/mc06/t1836_mrral_65n075_0327_4.img,651625344,651625344,OK
/mnt/mrdr/mc06/t1836_mrrde_65n075_0327_4.img,171956688,171956688,OK
/mnt/mrdr/mc06/t1836_mrrsu_65n075_0327_4.img,543021120,543021120,OK
/mnt/mrdr/mc06/t1837_mrral_65n085_0327_4.img,651625344,651625344,OK
/mnt/mrdr/mc06/t1837_mrrde_65n085_0327_4.img,171956688,171956688,OK
/mnt/mrdr/mc06/t1837_mrrsu_65n085_0327_4.img,543021120,543021120,OK
/mnt/mrdr/mc06/t1838_mrral_65n095_0327_4.img,651625344,651625344,OK
/mnt/mrdr/mc06/t1838_mrrde_65n095_0327_4.img,171956688,171956688,OK
/mnt/mrdr/mc06/t1838_mrrsu_65n095_0327_4.img,543021120,543021120,OK
/mnt/mrdr/mc06/t1839_mrral_65n105_0327_4.img,651625344,651625344,OK
/mnt/mrdr/mc06/t1839_mrrde_65n105_0327_4.img,171956688,171956688,OK
/mnt/mrdr/mc06/t1839_mrrsu_65n105_0327_4.img,543021120,543021120,OK
/mnt/mrdr/mc06/t1840_mrral_65n115_0327_4.img,651625344,651625344,OK
/mnt/mrdr/mc06/t1840_mrrde_65n115_0327_4.img,171956688,171956688,OK
/mnt/mrdr/mc06/t1840_mrrsu_65n115_0327_4.img,543021120,543021120,OK
/mnt/mrdr/mc07/t1475_mrral_35n123_0327_4.img,631365120,631365120,OK
/mnt/mrdr/mc07/t1475_mrrde_35n123_0327_4.img,166610240,166610240,OK
/mnt/mrdr/mc07/t1475_mrrsu_35n123_0327_4.img,526137600,526137600,OK
/mnt/mrdr/mc07/t1476_mrral_35n128_0327_4.img,631365120,631365120,OK
/mnt/mrdr/mc07/t1476_mrrde_35n128_0327_4.img,166610240,166610240,OK
/mnt/mrdr/mc07/t1476_mrrsu_35n128_0327_4.img,526137600,526137600,OK
/mnt/mrdr/mc07/t1477_mrral_35n133_0327_4.img,631365120,631365120,OK
/mnt/mrdr/mc07/t1477_mrrde_35n133_0327_4.img,166610240,166610240,OK
/mnt/mrdr/mc07/t1477_mrrsu_35n133_0327_4.img,526137600,526137600,OK
/mnt/mrdr/mc07/t1478_mrral_35n138_0327_4.img,631836288,631836288,OK
/mnt/mrdr/mc07/t1478_mrrde_35n138_0327_4.img,166734576,166734576,OK
/mnt/mrdr/mc07/t1478_mrrsu_35n138_0327_4.img,526530240,526530240,OK
/mnt/mrdr/mc07/t1479_mrral_35n143_0327_4.img,631365120,631365120,OK
/mnt/mrdr/mc07/t1479_mrrde_35n143_0327_4.img,166610240,166610240,OK
/mnt/mrdr/mc07/t1479_mrrsu_35n143_0327_4.img,526137600,526137600,OK
/mnt/mrdr/mc07/t1480_mrral_35n148_0327_4.img,631365120,631365120,OK
/mnt/mrdr/mc07/t1480_mrrde_35n148_0327_4.img,166610240,166610240,OK
/mnt/mrdr/mc07/t1480_mrrsu_35n148_0327_4.img,526137600,526137600,OK
/mnt/mrdr/mc07/t1481_mrral_35n153_0327_4.img,631365120,631365120,OK
/mnt/mrdr/mc07/t1481_mrrde_35n153_0327_4.img,166610240,166610240,OK
/mnt/mrdr/mc07/t1481_mrrsu_35n153_0327_4.img,526137600,526137600,OK
/mnt/mrdr/mc07/t1482_mrral_35n158_0327_4.img,631836288,631836288,OK
/mnt/mrdr/mc07/t1482_mrrde_35n158_0327_4.img,166734576,166734576,OK
/mnt/mrdr/mc07/t1482_mrrsu_35n158_0327_4.img,526530240,526530240,OK
/mnt/mrdr/mc07/t1483_mrral_35n163_0327_4.img,631836288,631836288,OK
/mnt/mrdr/mc07/t1483_mrrde_35n163_0327_4.img,166734576,166734576,OK
/mnt/mrdr/mc07/t1483_mrrsu_35n163_0327_4.img,526530240,526530240,OK
/mnt/mrdr/mc07/t1484_mrral_35n168_0327_4.img,631836288,631836288,OK
/mnt/mrdr/mc07/t1484_mrrde_35n168_0327_4.img,166734576,166734576,OK
/mnt/mrdr/mc07/t1484_mrrsu_35n168_0327_4.img,526530240,526530240,OK
/mnt/mrdr/mc07/t1485_mrral_35n173_0327_4.img,631836288,631836288,OK
/mnt/mrdr/mc07/t1485_mrrde_35n173_0327_4.img,166734576,166734576,OK
/mnt/mrdr/mc07/t1485_mrrsu_35n173_0327_4.img,526530240,526530240,OK
/mnt/mrdr/mc07/t1486_mrral_35n178_0327_4.img,631365120,631365120,OK
/mnt/mrdr/mc07/t1486_mrrde_35n178_0327_4.img,166610240,166610240,OK
/mnt/mrdr/mc07/t1486_mrrsu_35n178_0327_4.img,526137600,526137600,OK
/mnt/mrdr/mc07/t1547_mrral_40n123_0327_4.img,590373504,590373504,OK
/mnt/mrdr/mc07/t1547_mrrde_40n123_0327_4.img,155793008,155793008,OK
/mnt/mrdr/mc07/t1547_mrrsu_40n123_0327_4.img,491977920,491977920,OK
/mnt/mrdr/mc07/t1548_mrral_40n128_0327_4.img,590844672,590844672,OK
/mnt/mrdr/mc07/t1548_mrrde_40n128_0327_4.img,155917344,155917344,OK
/mnt/mrdr/mc07/t1548_mrrsu_40n128_0327_4.img,492370560,492370560,OK
/mnt/mrdr/mc07/t1549_mrral_40n133_0327_4.img,590373504,590373504,OK
/mnt/mrdr/mc07/t1549_mrrde_40n133_0327_4.img,155793008,155793008,OK
/mnt/mrdr/mc07/t1549_mrrsu_40n133_0327_4.img,491977920,491977920,OK
/mnt/mrdr/mc07/t1550_mrral_40n138_0327_4.img,590373504,590373504,OK
/mnt/mrdr/mc07/t1550_mrrde_40n138_0327_4.img,155793008,155793008,OK
/mnt/mrdr/mc07/t1550_mrrsu_40n138_0327_4.img,491977920,491977920,OK
/mnt/mrdr/mc07/t1551_mrral_40n143_0327_4.img,590844672,590844672,OK
/mnt/mrdr/mc07/t1551_mrrde_40n143_0327_4.img,155917344,155917344,OK
/mnt/mrdr/mc07/t1551_mrrsu_40n143_0327_4.img,492370560,492370560,OK
/mnt/mrdr/mc07/t1552_mrral_40n148_0327_4.img,590844672,590844672,OK
/mnt/mrdr/mc07/t1552_mrrde_40n148_0327_4.img,155917344,155917344,OK
/mnt/mrdr/mc07/t1552_mrrsu_40n148_0327_4.img,492370560,492370560,OK
/mnt/mrdr/mc07/t1553_mrral_40n153_0327_4.img,590373504,590373504,OK
/mnt/mrdr/mc07/t1553_mrrde_40n153_0327_4.img,155793008,155793008,OK
/mnt/mrdr/mc07/t1553_mrrsu_40n153_0327_4.img,491977920,491977920,OK
/mnt/mrdr/mc07/t1554_mrral_40n158_0327_4.img,590373504,590373504,OK
/mnt/mrdr/mc07/t1554_mrrde_40n158_0327_4.img,155793008,155793008,OK
/mnt/mrdr/mc07/t1554_mrrsu_40n158_0327_4.img,491977920,491977920,OK
/mnt/mrdr/mc07/t1555_mrral_40n163_0327_4.img,590844672,590844672,OK
/mnt/mrdr/mc07/t1555_mrrde_40n163_0327_4.img,155917344,155917344,OK
/mnt/mrdr/mc07/t1555_mrrsu_40n163_0327_4.img,492370560,492370560,OK
/mnt/mrdr/mc07/t1556_mrral_40n168_0327_4.img,590844672,590844672,OK
/mnt/mrdr/mc07/t1556_mrrde_40n168_0327_4.img,155917344,155917344,OK
/mnt/mrdr/mc07/t1556_mrrsu_40n168_0327_4.img,492370560,492370560,OK
/mnt/mrdr/mc07/t1557_mrral_40n173_0327_4.img,590844672,590844672,OK
/mnt/mrdr/mc07/t1557_mrrde_40n173_0327_4.img,155917344,155917344,OK
/mnt/mrdr/mc07/t1557_mrrsu_40n173_0327_4.img,492370560,492370560,OK
/mnt/mrdr/mc07/t1558_mrral_40n178_0327_4.img,590373504,590373504,OK
/mnt/mrdr/mc07/t1558_mrrde_40n178_0327_4.img,155793008,155793008,OK
/mnt/mrdr/mc07/t1558_mrrsu_40n178_0327_4.img,491977920,491977920,OK
/mnt/mrdr/mc07/t1619_mrral_45n123_0327_4.img,545141376,545141376,OK
/mnt/mrdr/mc07/t1619_mrrde_45n123_0327_4.img,143856752,143856752,OK
/mnt/mrdr/mc07/t1619_mrrsu_45n123_0327_4.img,454284480,454284480,OK
/mnt/mrdr/mc07/t1620_mrral_45n128_0327_4.img,545612544,545612544,OK
/mnt/mrdr/mc07/t1620_mrrde_45n128_0327_4.img,143981088,143981088,OK
/mnt/mrdr/mc07/t1620_mrrsu_45n128_0327_4.img,454677120,454677120,OK
/mnt/mrdr/mc07/t1621_mrral_45n133_0327_4.img,545141376,545141376,OK
/mnt/mrdr/mc07/t1621_mrrde_45n133_0327_4.img,143856752,143856752,OK
/mnt/mrdr/mc07/t1621_mrrsu_45n133_0327_4.img,454284480,454284480,OK
/mnt/mrdr/mc07/t1622_mrral_45n138_0327_4.img,545141376,545141376,OK
/mnt/mrdr/mc07/t1622_mrrde_45n138_0327_4.img,143856752,143856752,OK
/mnt/mrdr/mc07/t1622_mrrsu_45n138_0327_4.img,454284480,454284480,OK
/mnt/mrdr/mc07/t1623_mrral_45n143_0327_4.img,545141376,545141376,OK
/mnt/mrdr/mc07/t1623_mrrde_45n143_0327_4.img,143856752,143856752,OK
/mnt/mrdr/mc07/t1623_mrrsu_45n143_0327_4.img,454284480,454284480,OK
/mnt/mrdr/mc07/t1624_mrral_45n148_0327_4.img,545141376,545141376,OK
/mnt/mrdr/mc07/t1624_mrrde_45n148_0327_4.img,143856752,143856752,OK
/mnt/mrdr/mc07/t1624_mrrsu_45n148_0327_4.img,454284480,454284480,OK
/mnt/mrdr/mc07/t1625_mrral_45n153_0327_4.img,545141376,545141376,OK
/mnt/mrdr/mc07/t1625_mrrde_45n153_0327_4.img,143856752,143856752,OK
/mnt/mrdr/mc07/t1625_mrrsu_45n153_0327_4.img,454284480,454284480,OK
/mnt/mrdr/mc07/t1626_mrral_45n158_0327_4.img,545141376,545141376,OK
/mnt/mrdr/mc07/t1626_mrrde_45n158_0327_4.img,143856752,143856752,OK
/mnt/mrdr/mc07/t1626_mrrsu_45n158_0327_4.img,454284480,454284480,OK
/mnt/mrdr/mc07/t1627_mrral_45n163_0327_4.img,545141376,545141376,OK
/mnt/mrdr/mc07/t1627_mrrde_45n163_0327_4.img,143856752,143856752,OK
/mnt/mrdr/mc07/t1627_mrrsu_45n163_0327_4.img,454284480,454284480,OK
/mnt/mrdr/mc07/t1628_mrral_45n168_0327_4.img,545141376,545141376,OK
/mnt/mrdr/mc07/t1628_mrrde_45n168_0327_4.img,143856752,143856752,OK
/mnt/mrdr/mc07/t1628_mrrsu_45n168_0327_4.img,454284480,454284480,OK
/mnt/mrdr/mc07/t1629_mrral_45n173_0327_4.img,545141376,545141376,OK
/mnt/mrdr/mc07/t1629_mrrde_45n173_0327_4.img,143856752,143856752,OK
/mnt/mrdr/mc07/t1629_mrrsu_45n173_0327_4.img,454284480,454284480,OK
/mnt/mrdr/mc07/t1630_mrral_45n178_0327_4.img,545141376,545141376,OK
/mnt/mrdr/mc07/t1630_mrrde_45n178_0327_4.img,143856752,143856752,OK
/mnt/mrdr/mc07/t1630_mrrsu_45n178_0327_4.img,454284480,454284480,OK
/mnt/mrdr/mc07/t1685_mrral_50n123_0327_4.img,660577536,660577536,OK
/mnt/mrdr/mc07/t1685_mrrde_50n123_0327_4.img,174319072,174319072,OK
/mnt/mrdr/mc07/t1685_mrrsu_50n123_0327_4.img,550481280,550481280,OK
/mnt/mrdr/mc07/t1686_mrral_50n130_0327_4.img,660577536,660577536,OK
/mnt/mrdr/mc07/t1686_mrrde_50n130_0327_4.img,174319072,174319072,OK
/mnt/mrdr/mc07/t1686_mrrsu_50n130_0327_4.img,550481280,550481280,OK
/mnt/mrdr/mc07/t1687_mrral_50n137_0327_4.img,660577536,660577536,OK
/mnt/mrdr/mc07/t1687_mrrde_50n137_0327_4.img,174319072,174319072,OK
/mnt/mrdr/mc07/t1687_mrrsu_50n137_0327_4.img,550481280,550481280,OK
/mnt/mrdr/mc07/t1688_mrral_50n143_0327_4.img,660577536,660577536,OK
/mnt/mrdr/mc07/t1688_mrrde_50n143_0327_4.img,174319072,174319072,OK
/mnt/mrdr/mc07/t1688_mrrsu_50n143_0327_4.img,550481280,550481280,OK
/mnt/mrdr/mc07/t1689_mrral_50n150_0327_4.img,660577536,660577536,OK
/mnt/mrdr/mc07/t1689_mrrde_50n150_0327_4.img,174319072,174319072,OK
/mnt/mrdr/mc07/t1689_mrrsu_50n150_0327_4.img,550481280,550481280,OK
/mnt/mrdr/mc07/t1690_mrral_50n157_0327_4.img,660577536,660577536,OK
/mnt/mrdr/mc07/t1690_mrrde_50n157_0327_4.img,174319072,174319072,OK
/mnt/mrdr/mc07/t1690_mrrsu_50n157_0327_4.img,550481280,550481280,OK
/mnt/mrdr/mc07/t1691_mrral_50n163_0327_4.img,660577536,660577536,OK
/mnt/mrdr/mc07/t1691_mrrde_50n163_0327_4.img,174319072,174319072,OK
/mnt/mrdr/mc07/t1691_mrrsu_50n163_0327_4.img,550481280,550481280,OK
/mnt/mrdr/mc07/t1692_mrral_50n170_0327_4.img,660577536,660577536,OK
/mnt/mrdr/mc07/t1692_mrrde_50n170_0327_4.img,174319072,174319072,OK
/mnt/mrdr/mc07/t1692_mrrsu_50n170_0327_4.img,550481280,550481280,OK
/mnt/mrdr/mc07/t1693_mrral_50n177_0327_4.img,660577536,660577536,OK
/mnt/mrdr/mc07/t1693_mrrde_50n177_0327_4.img,174319072,174319072,OK
/mnt/mrdr/mc07/t1693_mrrsu_50n177_0327_4.img,550481280,550481280,OK
/mnt/mrdr/mc07/t1739_mrral_55n123_0327_4.img,589431168,589431168,OK
/mnt/mrdr/mc07/t1739_mrrde_55n123_0327_4.img,155544336,155544336,OK
/mnt/mrdr/mc07/t1739_mrrsu_55n123_0327_4.img,491192640,491192640,OK
/mnt/mrdr/mc07/t1740_mrral_55n130_0327_4.img,589902336,589902336,OK
/mnt/mrdr/mc07/t1740_mrrde_55n130_0327_4.img,155668672,155668672,OK
/mnt/mrdr/mc07/t1740_mrrsu_55n130_0327_4.img,491585280,491585280,OK
/mnt/mrdr/mc07/t1741_mrral_55n137_0327_4.img,589902336,589902336,OK
/mnt/mrdr/mc07/t1741_mrrde_55n137_0327_4.img,155668672,155668672,OK
/mnt/mrdr/mc07/t1741_mrrsu_55n137_0327_4.img,491585280,491585280,OK
/mnt/mrdr/mc07/t1742_mrral_55n143_0327_4.img,589431168,589431168,OK
/mnt/mrdr/mc07/t1742_mrrde_55n143_0327_4.img,155544336,155544336,OK
/mnt/mrdr/mc07/t1742_mrrsu_55n143_0327_4.img,491192640,491192640,OK
/mnt/mrdr/mc07/t1743_mrral_55n150_0327_4.img,589431168,589431168,OK
/mnt/mrdr/mc07/t1743_mrrde_55n150_0327_4.img,155544336,155544336,OK
/mnt/mrdr/mc07/t1743_mrrsu_55n150_0327_4.img,491192640,491192640,OK
/mnt/mrdr/mc07/t1744_mrral_55n157_0327_4.img,589902336,589902336,OK
/mnt/mrdr/mc07/t1744_mrrde_55n157_0327_4.img,155668672,155668672,OK
/mnt/mrdr/mc07/t1744_mrrsu_55n157_0327_4.img,491585280,491585280,OK
/mnt/mrdr/mc07/t1745_mrral_55n163_0327_4.img,589431168,589431168,OK
/mnt/mrdr/mc07/t1745_mrrde_55n163_0327_4.img,155544336,155544336,OK
/mnt/mrdr/mc07/t1745_mrrsu_55n163_0327_4.img,491192640,491192640,OK
/mnt/mrdr/mc07/t1746_mrral_55n170_0327_4.img,589902336,589902336,OK
/mnt/mrdr/mc07/t1746_mrrde_55n170_0327_4.img,155668672,155668672,OK
/mnt/mrdr/mc07/t1746_mrrsu_55n170_0327_4.img,491585280,491585280,OK
/mnt/mrdr/mc07/t1747_mrral_55n177_0327_4.img,589902336,589902336,OK
/mnt/mrdr/mc07/t1747_mrrde_55n177_0327_4.img,155668672,155668672,OK
/mnt/mrdr/mc07/t1747_mrrsu_55n177_0327_4.img,491585280,491585280,OK
/mnt/mrdr/mc07/t1793_mrral_60n123_0327_4.img,514044288,514044288,OK
/mnt/mrdr/mc07/t1793_mrrde_60n123_0327_4.img,135650576,135650576,OK
/mnt/mrdr/mc07/t1793_mrrsu_60n123_0327_4.img,428370240,428370240,OK
/mnt/mrdr/mc07/t1794_mrral_60n130_0327_4.img,514044288,514044288,OK
/mnt/mrdr/mc07/t1794_mrrde_60n130_0327_4.img,135650576,135650576,OK
/mnt/mrdr/mc07/t1794_mrrsu_60n130_0327_4.img,428370240,428370240,OK
/mnt/mrdr/mc07/t1795_mrral_60n137_0327_4.img,514044288,514044288,OK
/mnt/mrdr/mc07/t1795_mrrde_60n137_0327_4.img,135650576,135650576,OK
/mnt/mrdr/mc07/t1795_mrrsu_60n137_0327_4.img,428370240,428370240,OK
/mnt/mrdr/mc07/t1796_mrral_60n143_0327_4.img,514044288,514044288,OK
/mnt/mrdr/mc07/t1796_mrrde_60n143_0327_4.img,135650576,135650576,OK
/mnt/mrdr/mc07/t1796_mrrsu_60n143_0327_4.img,428370240,428370240,OK
/mnt/mrdr/mc07/t1797_mrral_60n150_0327_4.img,514044288,514044288,OK
/mnt/mrdr/mc07/t1797_mrrde_60n150_0327_4.img,135650576,135650576,OK
/mnt/mrdr/mc07/t1797_mrrsu_60n150_0327_4.img,428370240,428370240,OK
/mnt/mrdr/mc07/t1798_mrral_60n157_0327_4.img,514044288,514044288,OK
/mnt/mrdr/mc07/t1798_mrrde_60n157_0327_4.img,135650576,135650576,OK
/mnt/mrdr/mc07/t1798_mrrsu_60n157_0327_4.img,428370240,428370240,OK
/mnt/mrdr/mc07/t1799_mrral_60n163_0327_4.img,514044288,514044288,OK
/mnt/mrdr/mc07/t1799_mrrde_60n163_0327_4.img,135650576,135650576,OK
/mnt/mrdr/mc07/t1799_mrrsu_60n163_0327_4.img,428370240,428370240,OK
/mnt/mrdr/mc07/t1800_mrral_60n170_0327_4.img,514044288,514044288,OK
/mnt/mrdr/mc07/t1800_mrrde_60n170_0327_4.img,135650576,135650576,OK
/mnt/mrdr/mc07/t1800_mrrsu_60n170_0327_4.img,428370240,428370240,OK
/mnt/mrdr/mc07/t1801_mrral_60n177_0327_4.img,514044288,514044288,OK
/mnt/mrdr/mc07/t1801_mrrde_60n177_0327_4.img,135650576,135650576,OK
/mnt/mrdr/mc07/t1801_mrrsu_60n177_0327_4.img,428370240,428370240,OK
/mnt/mrdr/mc07/t1841_mrral_65n125_0327_4.img,651625344,651625344,OK
/mnt/mrdr/mc07/t1841_mrrde_65n125_0327_4.img,171956688,171956688,OK
/mnt/mrdr/mc07/t1841_mrrsu_65n125_0327_4.img,543021120,543021120,OK
/mnt/mrdr/mc07/t1842_mrral_65n135_0327_4.img,651625344,651625344,OK
/mnt/mrdr/mc07/t1842_mrrde_65n135_0327_4.img,171956688,171956688,OK
/mnt/mrdr/mc07/t1842_mrrsu_65n135_0327_4.img,543021120,543021120,OK
/mnt/mrdr/mc07/t1843_mrral_65n145_0327_4.img,651625344,651625344,OK
/mnt/mrdr/mc07/t1843_mrrde_65n145_0327_4.img,171956688,171956688,OK
/mnt/mrdr/mc07/t1843_mrrsu_65n145_0327_4.img,543021120,543021120,OK
/mnt/mrdr/mc07/t1844_mrral_65n155_0327_4.img,651625344,651625344,OK
/mnt/mrdr/mc07/t1844_mrrde_65n155_0327_4.img,171956688,171956688,OK
/mnt/mrdr/mc07/t1844_mrrsu_65n155_0327_4.img,543021120,543021120,OK
/mnt/mrdr/mc07/t1845_mrral_65n165_0327_4.img,651625344,651625344,OK
/mnt/mrdr/mc07/t1845_mrrde_65n165_0327_4.img,171956688,171956688,OK
/mnt/mrdr/mc07/t1845_mrrsu_65n165_0327_4.img,543021120,543021120,OK
/mnt/mrdr/mc07/t1846_mrral_65n175_0327_4.img,651625344,651625344,OK
/mnt/mrdr/mc07/t1846_mrrde_65n175_0327_4.img,171956688,171956688,OK
/mnt/mrdr/mc07/t1846_mrrsu_65n175_0327_4.img,543021120,543021120,OK
/mnt/mrdr/mc08/t1055_mrral_05n183_0327_4.img,768003840,768003840,OK
/mnt/mrdr/mc08/t1055_mrrde_05n183_0327_4.img,202667680,202667680,OK
/mnt/mrdr/mc08/t1055_mrrsu_05n183_0327_4.img,640003200,640003200,OK
/mnt/mrdr/mc08/t1056_mrral_05n188_0327_4.img,767532672,767532672,OK
/mnt/mrdr/mc08/t1056_mrrde_05n188_0327_4.img,202543344,202543344,OK
/mnt/mrdr/mc08/t1056_mrrsu_05n188_0327_4.img,639610560,639610560,OK
/mnt/mrdr/mc08/t1057_mrral_05n193_0327_4.img,768003840,768003840,OK
/mnt/mrdr/mc08/t1057_mrrde_05n193_0327_4.img,202667680,202667680,OK
/mnt/mrdr/mc08/t1057_mrrsu_05n193_0327_4.img,640003200,640003200,OK
/mnt/mrdr/mc08/t1058_mrral_05n198_0327_4.img,768003840,768003840,OK
/mnt/mrdr/mc08/t1058_mrrde_05n198_0327_4.img,202667680,202667680,OK
/mnt/mrdr/mc08/t1058_mrrsu_05n198_0327_4.img,640003200,640003200,OK
/mnt/mrdr/mc08/t1059_mrral_05n203_0327_4.img,768003840,768003840,OK
/mnt/mrdr/mc08/t1059_mrrde_05n203_0327_4.img,202667680,202667680,OK
/mnt/mrdr/mc08/t1059_mrrsu_05n203_0327_4.img,640003200,640003200,OK
/mnt/mrdr/mc08/t1060_mrral_05n208_0327_4.img,768003840,768003840,OK
/mnt/mrdr/mc08/t1060_mrrde_05n208_0327_4.img,202667680,202667680,OK
/mnt/mrdr/mc08/t1060_mrrsu_05n208_0327_4.img,640003200,640003200,OK
/mnt/mrdr/mc08/t1061_mrral_05n213_0327_4.img,767532672,767532672,OK
/mnt/mrdr/mc08/t1061_mrrde_05n213_0327_4.img,202543344,202543344,OK
/mnt/mrdr/mc08/t1061_mrrsu_05n213_0327_4.img,639610560,639610560,OK
/mnt/mrdr/mc08/t1062_mrral_05n218_0327_4.img,767532672,767532672,OK
/mnt/mrdr/mc08/t1062_mrrde_05n218_0327_4.img,202543344,202543344,OK
/mnt/mrdr/mc08/t1062_mrrsu_05n218_0327_4.img,639610560,639610560,OK
/mnt/mrdr/mc08/t1063_mrral_05n223_0327_4.img,768003840,768003840,OK
/mnt/mrdr/mc08/t1063_mrrde_05n223_0327_4.img,202667680,202667680,OK
/mnt/mrdr/mc08/t1063_mrrsu_05n223_0327_4.img,640003200,640003200,OK
/mnt/mrdr/mc08/t1127_mrral_10n183_0327_4.img,759051648,759051648,OK
/mnt/mrdr/mc08/t1127_mrrde_10n183_0327_4.img,200305296,200305296,OK
/mnt/mrdr/mc08/t1127_mrrsu_10n183_0327_4.img,632543040,632543040,OK
/mnt/mrdr/mc08/t1128_mrral_10n188_0327_4.img,759051648,759051648,OK
/mnt/mrdr/mc08/t1128_mrrde_10n188_0327_4.img,200305296,200305296,OK
/mnt/mrdr/mc08/t1128_mrrsu_10n188_0327_4.img,632543040,632543040,OK
/mnt/mrdr/mc08/t1129_mrral_10n193_0327_4.img,759051648,759051648,OK
/mnt/mrdr/mc08/t1129_mrrde_10n193_0327_4.img,200305296,200305296,OK
/mnt/mrdr/mc08/t1129_mrrsu_10n193_0327_4.img,632543040,632543040,OK
/mnt/mrdr/mc08/t1130_mrral_10n198_0327_4.img,759051648,759051648,OK
/mnt/mrdr/mc08/t1130_mrrde_10n198_0327_4.img,200305296,200305296,OK
/mnt/mrdr/mc08/t1130_mrrsu_10n198_0327_4.img,632543040,632543040,OK
/mnt/mrdr/mc08/t1131_mrral_10n203_0327_4.img,759051648,759051648,OK
/mnt/mrdr/mc08/t1131_mrrde_10n203_0327_4.img,200305296,200305296,OK
/mnt/mrdr/mc08/t1131_mrrsu_10n203_0327_4.img,632543040,632543040,OK
/mnt/mrdr/mc08/t1132_mrral_10n208_0327_4.img,759051648,759051648,OK
/mnt/mrdr/mc08/t1132_mrrde_10n208_0327_4.img,200305296,200305296,OK
/mnt/mrdr/mc08/t1132_mrrsu_10n208_0327_4.img,632543040,632543040,OK
/mnt/mrdr/mc08/t1133_mrral_10n213_0327_4.img,759051648,759051648,OK
/mnt/mrdr/mc08/t1133_mrrde_10n213_0327_4.img,200305296,200305296,OK
/mnt/mrdr/mc08/t1133_mrrsu_10n213_0327_4.img,632543040,632543040,OK
/mnt/mrdr/mc08/t1134_mrral_10n218_0327_4.img,759051648,759051648,OK
/mnt/mrdr/mc08/t1134_mrrde_10n218_0327_4.img,200305296,200305296,OK
/mnt/mrdr/mc08/t1134_mrrsu_10n218_0327_4.img,632543040,632543040,OK
/mnt/mrdr/mc08/t1135_mrral_10n223_0327_4.img,759051648,759051648,OK
/mnt/mrdr/mc08/t1135_mrrde_10n223_0327_4.img,200305296,200305296,OK
/mnt/mrdr/mc08/t1135_mrrsu_10n223_0327_4.img,632543040,632543040,OK
/mnt/mrdr/mc08/t1199_mrral_15n183_0327_4.img,744916608,744916608,OK
/mnt/mrdr/mc08/t1199_mrrde_15n183_0327_4.img,196575216,196575216,OK
/mnt/mrdr/mc08/t1199_mrrsu_15n183_0327_4.img,620763840,620763840,OK
/mnt/mrdr/mc08/t1200_mrral_15n188_0327_4.img,744916608,744916608,OK
/mnt/mrdr/mc08/t1200_mrrde_15n188_0327_4.img,196575216,196575216,OK
/mnt/mrdr/mc08/t1200_mrrsu_15n188_0327_4.img,620763840,620763840,OK
/mnt/mrdr/mc08/t1201_mrral_15n193_0327_4.img,744445440,744445440,OK
/mnt/mrdr/mc08/t1201_mrrde_15n193_0327_4.img,196450880,196450880,OK
/mnt/mrdr/mc08/t1201_mrrsu_15n193_0327_4.img,620371200,620371200,OK
/mnt/mrdr/mc08/t1202_mrral_15n198_0327_4.img,744445440,744445440,OK
/mnt/mrdr/mc08/t1202_mrrde_15n198_0327_4.img,196450880,196450880,OK
/mnt/mrdr/mc08/t1202_mrrsu_15n198_0327_4.img,620371200,620371200,OK
/mnt/mrdr/mc08/t1203_mrral_15n203_0327_4.img,744445440,744445440,OK
/mnt/mrdr/mc08/t1203_mrrde_15n203_0327_4.img,196450880,196450880,OK
/mnt/mrdr/mc08/t1203_mrrsu_15n203_0327_4.img,620371200,620371200,OK
/mnt/mrdr/mc08/t1204_mrral_15n208_0327_4.img,744916608,744916608,OK
/mnt/mrdr/mc08/t1204_mrrde_15n208_0327_4.img,196575216,196575216,OK
/mnt/mrdr/mc08/t1204_mrrsu_15n208_0327_4.img,620763840,620763840,OK
/mnt/mrdr/mc08/t1205_mrral_15n213_0327_4.img,744445440,744445440,OK
/mnt/mrdr/mc08/t1205_mrrde_15n213_0327_4.img,196450880,196450880,OK
/mnt/mrdr/mc08/t1205_mrrsu_15n213_0327_4.img,620371200,620371200,OK
/mnt/mrdr/mc08/t1206_mrral_15n218_0327_4.img,744445440,744445440,OK
/mnt/mrdr/mc08/t1206_mrrde_15n218_0327_4.img,196450880,196450880,OK
/mnt/mrdr/mc08/t1206_mrrsu_15n218_0327_4.img,620371200,620371200,OK
/mnt/mrdr/mc08/t1207_mrral_15n223_0327_4.img,744916608,744916608,OK
/mnt/mrdr/mc08/t1207_mrrde_15n223_0327_4.img,196575216,196575216,OK
/mnt/mrdr/mc08/t1207_mrrsu_15n223_0327_4.img,620763840,620763840,OK
/mnt/mrdr/mc08/t1271_mrral_20n183_0327_4.img,724185216,724185216,OK
/mnt/mrdr/mc08/t1271_mrrde_20n183_0327_4.img,191104432,191104432,OK
/mnt/mrdr/mc08/t1271_mrrsu_20n183_0327_4.img,603487680,603487680,OK
/mnt/mrdr/mc08/t1272_mrral_20n188_0327_4.img,724185216,724185216,OK
/mnt/mrdr/mc08/t1272_mrrde_20n188_0327_4.img,191104432,191104432,OK
/mnt/mrdr/mc08/t1272_mrrsu_20n188_0327_4.img,603487680,603487680,OK
/mnt/mrdr/mc08/t1273_mrral_20n193_0327_4.img,724656384,724656384,OK
/mnt/mrdr/mc08/t1273_mrrde_20n193_0327_4.img,191228768,191228768,OK
/mnt/mrdr/mc08/t1273_mrrsu_20n193_0327_4.img,603880320,603880320,OK
/mnt/mrdr/mc08/t1274_mrral_20n198_0327_4.img,724656384,724656384,OK
/mnt/mrdr/mc08/t1274_mrrde_20n198_0327_4.img,191228768,191228768,OK
/mnt/mrdr/mc08/t1274_mrrsu_20n198_0327_4.img,603880320,603880320,OK
/mnt/mrdr/mc08/t1275_mrral_20n203_0327_4.img,724656384,724656384,OK
/mnt/mrdr/mc08/t1275_mrrde_20n203_0327_4.img,191228768,191228768,OK
/mnt/mrdr/mc08/t1275_mrrsu_20n203_0327_4.img,603880320,603880320,OK
/mnt/mrdr/mc08/t1276_mrral_20n208_0327_4.img,724185216,724185216,OK
/mnt/mrdr/mc08/t1276_mrrde_20n208_0327_4.img,191104432,191104432,OK
/mnt/mrdr/mc08/t1276_mrrsu_20n208_0327_4.img,603487680,603487680,OK
/mnt/mrdr/mc08/t1277_mrral_20n213_0327_4.img,724185216,724185216,OK
/mnt/mrdr/mc08/t1277_mrrde_20n213_0327_4.img,191104432,191104432,OK
/mnt/mrdr/mc08/t1277_mrrsu_20n213_0327_4.img,603487680,603487680,OK
/mnt/mrdr/mc08/t1278_mrral_20n218_0327_4.img,724656384,724656384,OK
/mnt/mrdr/mc08/t1278_mrrde_20n218_0327_4.img,191228768,191228768,OK
/mnt/mrdr/mc08/t1278_mrrsu_20n218_0327_4.img,603880320,603880320,OK
/mnt/mrdr/mc08/t1279_mrral_20n223_0327_4.img,724656384,724656384,OK
/mnt/mrdr/mc08/t1279_mrrde_20n223_0327_4.img,191228768,191228768,OK
/mnt/mrdr/mc08/t1279_mrrsu_20n223_0327_4.img,603880320,603880320,OK
/mnt/mrdr/mc08/t1343_mrral_25n183_0327_4.img,698742144,698742144,OK
/mnt/mrdr/mc08/t1343_mrrde_25n183_0327_4.img,184390288,184390288,OK
/mnt/mrdr/mc08/t1343_mrrsu_25n183_0327_4.img,582285120,582285120,OK
/mnt/mrdr/mc08/t1344_mrral_25n188_0327_4.img,698270976,698270976,OK
/mnt/mrdr/mc08/t1344_mrrde_25n188_0327_4.img,184265952,184265952,OK
/mnt/mrdr/mc08/t1344_mrrsu_25n188_0327_4.img,581892480,581892480,OK
/mnt/mrdr/mc08/t1345_mrral_25n193_0327_4.img,698742144,698742144,OK
/mnt/mrdr/mc08/t1345_mrrde_25n193_0327_4.img,184390288,184390288,OK
/mnt/mrdr/mc08/t1345_mrrsu_25n193_0327_4.img,582285120,582285120,OK
/mnt/mrdr/mc08/t1346_mrral_25n198_0327_4.img,698270976,698270976,OK
/mnt/mrdr/mc08/t1346_mrrde_25n198_0327_4.img,184265952,184265952,OK
/mnt/mrdr/mc08/t1346_mrrsu_25n198_0327_4.img,581892480,581892480,OK
/mnt/mrdr/mc08/t1347_mrral_25n203_0327_4.img,698742144,698742144,OK
/mnt/mrdr/mc08/t1347_mrrde_25n203_0327_4.img,184390288,184390288,OK
/mnt/mrdr/mc08/t1347_mrrsu_25n203_0327_4.img,582285120,582285120,OK
/mnt/mrdr/mc08/t1348_mrral_25n208_0327_4.img,698742144,698742144,OK
/mnt/mrdr/mc08/t1348_mrrde_25n208_0327_4.img,184390288,184390288,OK
/mnt/mrdr/mc08/t1348_mrrsu_25n208_0327_4.img,582285120,582285120,OK
/mnt/mrdr/mc08/t1349_mrral_25n213_0327_4.img,698742144,698742144,OK
/mnt/mrdr/mc08/t1349_mrrde_25n213_0327_4.img,184390288,184390288,OK
/mnt/mrdr/mc08/t1349_mrrsu_25n213_0327_4.img,582285120,582285120,OK
/mnt/mrdr/mc08/t1350_mrral_25n218_0327_4.img,698270976,698270976,OK
/mnt/mrdr/mc08/t1350_mrrde_25n218_0327_4.img,184265952,184265952,OK
/mnt/mrdr/mc08/t1350_mrrsu_25n218_0327_4.img,581892480,581892480,OK
/mnt/mrdr/mc08/t1351_mrral_25n223_0327_4.img,698742144,698742144,OK
/mnt/mrdr/mc08/t1351_mrrde_25n223_0327_4.img,184390288,184390288,OK
/mnt/mrdr/mc08/t1351_mrrsu_25n223_0327_4.img,582285120,582285120,OK
/mnt/mrdr/mc08/t1415_mrral_30n183_0327_4.img,667645056,667645056,OK
/mnt/mrdr/mc08/t1415_mrrde_30n183_0327_4.img,176184112,176184112,OK
/mnt/mrdr/mc08/t1415_mrrsu_30n183_0327_4.img,556370880,556370880,OK
/mnt/mrdr/mc08/t1416_mrral_30n188_0327_4.img,667645056,667645056,OK
/mnt/mrdr/mc08/t1416_mrrde_30n188_0327_4.img,176184112,176184112,OK
/mnt/mrdr/mc08/t1416_mrrsu_30n188_0327_4.img,556370880,556370880,OK
/mnt/mrdr/mc08/t1417_mrral_30n193_0327_4.img,667645056,667645056,OK
/mnt/mrdr/mc08/t1417_mrrde_30n193_0327_4.img,176184112,176184112,OK
/mnt/mrdr/mc08/t1417_mrrsu_30n193_0327_4.img,556370880,556370880,OK
/mnt/mrdr/mc08/t1418_mrral_30n198_0327_4.img,667645056,667645056,OK
/mnt/mrdr/mc08/t1418_mrrde_30n198_0327_4.img,176184112,176184112,OK
/mnt/mrdr/mc08/t1418_mrrsu_30n198_0327_4.img,556370880,556370880,OK
/mnt/mrdr/mc08/t1419_mrral_30n203_0327_4.img,667645056,667645056,OK
/mnt/mrdr/mc08/t1419_mrrde_30n203_0327_4.img,176184112,176184112,OK
/mnt/mrdr/mc08/t1419_mrrsu_30n203_0327_4.img,556370880,556370880,OK
/mnt/mrdr/mc08/t1420_mrral_30n208_0327_4.img,667645056,667645056,OK
/mnt/mrdr/mc08/t1420_mrrde_30n208_0327_4.img,176184112,176184112,OK
/mnt/mrdr/mc08/t1420_mrrsu_30n208_0327_4.img,556370880,556370880,OK
/mnt/mrdr/mc08/t1421_mrral_30n213_0327_4.img,667645056,667645056,OK
/mnt/mrdr/mc08/t1421_mrrde_30n213_0327_4.img,176184112,176184112,OK
/mnt/mrdr/mc08/t1421_mrrsu_30n213_0327_4.img,556370880,556370880,OK
/mnt/mrdr/mc08/t1422_mrral_30n218_0327_4.img,667645056,667645056,OK
/mnt/mrdr/mc08/t1422_mrrde_30n218_0327_4.img,176184112,176184112,OK
/mnt/mrdr/mc08/t1422_mrrsu_30n218_0327_4.img,556370880,556370880,OK
/mnt/mrdr/mc08/t1423_mrral_30n223_0327_4.img,667645056,667645056,OK
/mnt/mrdr/mc08/t1423_mrrde_30n223_0327_4.img,176184112,176184112,OK
/mnt/mrdr/mc08/t1423_mrrsu_30n223_0327_4.img,556370880,556370880,OK
/mnt/mrdr/mc09/t1064_mrral_05n228_0327_4.img,768003840,768003840,OK
/mnt/mrdr/mc09/t1064_mrrde_05n228_0327_4.img,202667680,202667680,OK
/mnt/mrdr/mc09/t1064_mrrsu_05n228_0327_4.img,640003200,640003200,OK
/mnt/mrdr/mc09/t1065_mrral_05n233_0327_4.img,767532672,767532672,OK
/mnt/mrdr/mc09/t1065_mrrde_05n233_0327_4.img,202543344,202543344,OK
/mnt/mrdr/mc09/t1065_mrrsu_05n233_0327_4.img,639610560,639610560,OK
/mnt/mrdr/mc09/t1066_mrral_05n238_0327_4.img,768003840,768003840,OK
/mnt/mrdr/mc09/t1066_mrrde_05n238_0327_4.img,202667680,202667680,OK
/mnt/mrdr/mc09/t1066_mrrsu_05n238_0327_4.img,640003200,640003200,OK
/mnt/mrdr/mc09/t1067_mrral_05n243_0327_4.img,768003840,768003840,OK
/mnt/mrdr/mc09/t1067_mrrde_05n243_0327_4.img,202667680,202667680,OK
/mnt/mrdr/mc09/t1067_mrrsu_05n243_0327_4.img,640003200,640003200,OK
/mnt/mrdr/mc09/t1068_mrral_05n248_0327_4.img,768003840,768003840,OK
/mnt/mrdr/mc09/t1068_mrrde_05n248_0327_4.img,202667680,202667680,OK
/mnt/mrdr/mc09/t1068_mrrsu_05n248_0327_4.img,640003200,640003200,OK
/mnt/mrdr/mc09/t1069_mrral_05n253_0327_4.img,768003840,768003840,OK
/mnt/mrdr/mc09/t1069_mrrde_05n253_0327_4.img,202667680,202667680,OK
/mnt/mrdr/mc09/t1069_mrrsu_05n253_0327_4.img,640003200,640003200,OK
/mnt/mrdr/mc09/t1070_mrral_05n258_0327_4.img,768003840,768003840,OK
/mnt/mrdr/mc09/t1070_mrrde_05n258_0327_4.img,202667680,202667680,OK
/mnt/mrdr/mc09/t1070_mrrsu_05n258_0327_4.img,640003200,640003200,OK
/mnt/mrdr/mc09/t1071_mrral_05n263_0327_4.img,768003840,768003840,OK
/mnt/mrdr/mc09/t1071_mrrde_05n263_0327_4.img,202667680,202667680,OK
/mnt/mrdr/mc09/t1071_mrrsu_05n263_0327_4.img,640003200,640003200,OK
/mnt/mrdr/mc09/t1072_mrral_05n268_0327_4.img,768003840,768003840,OK
/mnt/mrdr/mc09/t1072_mrrde_05n268_0327_4.img,202667680,202667680,OK
/mnt/mrdr/mc09/t1072_mrrsu_05n268_0327_4.img,640003200,640003200,OK
/mnt/mrdr/mc09/t1136_mrral_10n228_0327_4.img,759522816,759522816,OK
/mnt/mrdr/mc09/t1136_mrrde_10n228_0327_4.img,200429632,200429632,OK
/mnt/mrdr/mc09/t1136_mrrsu_10n228_0327_4.img,632935680,632935680,OK
/mnt/mrdr/mc09/t1137_mrral_10n233_0327_4.img,759051648,759051648,OK
/mnt/mrdr/mc09/t1137_mrrde_10n233_0327_4.img,200305296,200305296,OK
/mnt/mrdr/mc09/t1137_mrrsu_10n233_0327_4.img,632543040,632543040,OK
/mnt/mrdr/mc09/t1138_mrral_10n238_0327_4.img,759051648,759051648,OK
/mnt/mrdr/mc09/t1138_mrrde_10n238_0327_4.img,200305296,200305296,OK
/mnt/mrdr/mc09/t1138_mrrsu_10n238_0327_4.img,632543040,632543040,OK
/mnt/mrdr/mc09/t1139_mrral_10n243_0327_4.img,759051648,759051648,OK
/mnt/mrdr/mc09/t1139_mrrde_10n243_0327_4.img,200305296,200305296,OK
/mnt/mrdr/mc09/t1139_mrrsu_10n243_0327_4.img,632543040,632543040,OK
/mnt/mrdr/mc09/t1140_mrral_10n248_0327_4.img,759051648,759051648,OK
/mnt/mrdr/mc09/t1140_mrrde_10n248_0327_4.img,200305296,200305296,OK
/mnt/mrdr/mc09/t1140_mrrsu_10n248_0327_4.img,632543040,632543040,OK
/mnt/mrdr/mc09/t1141_mrral_10n253_0327_4.img,759522816,759522816,OK
/mnt/mrdr/mc09/t1141_mrrde_10n253_0327_4.img,200429632,200429632,OK
/mnt/mrdr/mc09/t1141_mrrsu_10n253_0327_4.img,632935680,632935680,OK
/mnt/mrdr/mc09/t1142_mrral_10n258_0327_4.img,759522816,759522816,OK
/mnt/mrdr/mc09/t1142_mrrde_10n258_0327_4.img,200429632,200429632,OK
/mnt/mrdr/mc09/t1142_mrrsu_10n258_0327_4.img,632935680,632935680,OK
/mnt/mrdr/mc09/t1143_mrral_10n263_0327_4.img,759051648,759051648,OK
/mnt/mrdr/mc09/t1143_mrrde_10n263_0327_4.img,200305296,200305296,OK
/mnt/mrdr/mc09/t1143_mrrsu_10n263_0327_4.img,632543040,632543040,OK
/mnt/mrdr/mc09/t1144_mrral_10n268_0327_4.img,759051648,759051648,OK
/mnt/mrdr/mc09/t1144_mrrde_10n268_0327_4.img,200305296,200305296,OK
/mnt/mrdr/mc09/t1144_mrrsu_10n268_0327_4.img,632543040,632543040,OK
/mnt/mrdr/mc09/t1208_mrral_15n228_0327_4.img,744445440,744445440,OK
/mnt/mrdr/mc09/t1208_mrrde_15n228_0327_4.img,196450880,196450880,OK
/mnt/mrdr/mc09/t1208_mrrsu_15n228_0327_4.img,620371200,620371200,OK
/mnt/mrdr/mc09/t1209_mrral_15n233_0327_4.img,744916608,744916608,OK
/mnt/mrdr/mc09/t1209_mrrde_15n233_0327_4.img,196575216,196575216,OK
/mnt/mrdr/mc09/t1209_mrrsu_15n233_0327_4.img,620763840,620763840,OK
/mnt/mrdr/mc09/t1210_mrral_15n238_0327_4.img,744916608,744916608,OK
/mnt/mrdr/mc09/t1210_mrrde_15n238_0327_4.img,196575216,196575216,OK
/mnt/mrdr/mc09/t1210_mrrsu_15n238_0327_4.img,620763840,620763840,OK
/mnt/mrdr/mc09/t1211_mrral_15n243_0327_4.img,744445440,744445440,OK
/mnt/mrdr/mc09/t1211_mrrde_15n243_0327_4.img,196450880,196450880,OK
/mnt/mrdr/mc09/t1211_mrrsu_15n243_0327_4.img,620371200,620371200,OK
/mnt/mrdr/mc09/t1212_mrral_15n248_0327_4.img,744916608,744916608,OK
/mnt/mrdr/mc09/t1212_mrrde_15n248_0327_4.img,196575216,196575216,OK
/mnt/mrdr/mc09/t1212_mrrsu_15n248_0327_4.img,620763840,620763840,OK
/mnt/mrdr/mc09/t1213_mrral_15n253_0327_4.img,744916608,744916608,OK
/mnt/mrdr/mc09/t1213_mrrde_15n253_0327_4.img,196575216,196575216,OK
/mnt/mrdr/mc09/t1213_mrrsu_15n253_0327_4.img,620763840,620763840,OK
/mnt/mrdr/mc09/t1214_mrral_15n258_0327_4.img,744916608,744916608,OK
/mnt/mrdr/mc09/t1214_mrrde_15n258_0327_4.img,196575216,196575216,OK
/mnt/mrdr/mc09/t1214_mrrsu_15n258_0327_4.img,620763840,620763840,OK
/mnt/mrdr/mc09/t1215_mrral_15n263_0327_4.img,744445440,744445440,OK
/mnt/mrdr/mc09/t1215_mrrde_15n263_0327_4.img,196450880,196450880,OK
/mnt/mrdr/mc09/t1215_mrrsu_15n263_0327_4.img,620371200,620371200,OK
/mnt/mrdr/mc09/t1216_mrral_15n268_0327_4.img,744916608,744916608,OK
/mnt/mrdr/mc09/t1216_mrrde_15n268_0327_4.img,196575216,196575216,OK
/mnt/mrdr/mc09/t1216_mrrsu_15n268_0327_4.img,620763840,620763840,OK
/mnt/mrdr/mc09/t1280_mrral_20n228_0327_4.img,724656384,724656384,OK
/mnt/mrdr/mc09/t1280_mrrde_20n228_0327_4.img,191228768,191228768,OK
/mnt/mrdr/mc09/t1280_mrrsu_20n228_0327_4.img,603880320,603880320,OK
/mnt/mrdr/mc09/t1281_mrral_20n233_0327_4.img,724656384,724656384,OK
/mnt/mrdr/mc09/t1281_mrrde_20n233_0327_4.img,191228768,191228768,OK
/mnt/mrdr/mc09/t1281_mrrsu_20n233_0327_4.img,603880320,603880320,OK
/mnt/mrdr/mc09/t1282_mrral_20n238_0327_4.img,724656384,724656384,OK
/mnt/mrdr/mc09/t1282_mrrde_20n238_0327_4.img,191228768,191228768,OK
/mnt/mrdr/mc09/t1282_mrrsu_20n238_0327_4.img,603880320,603880320,OK
/mnt/mrdr/mc09/t1283_mrral_20n243_0327_4.img,724656384,724656384,OK
/mnt/mrdr/mc09/t1283_mrrde_20n243_0327_4.img,191228768,191228768,OK
/mnt/mrdr/mc09/t1283_mrrsu_20n243_0327_4.img,603880320,603880320,OK
/mnt/mrdr/mc09/t1284_mrral_20n248_0327_4.img,724185216,724185216,OK
/mnt/mrdr/mc09/t1284_mrrde_20n248_0327_4.img,191104432,191104432,OK
/mnt/mrdr/mc09/t1284_mrrsu_20n248_0327_4.img,603487680,603487680,OK
/mnt/mrdr/mc09/t1285_mrral_20n253_0327_4.img,724185216,724185216,OK
/mnt/mrdr/mc09/t1285_mrrde_20n253_0327_4.img,191104432,191104432,OK
/mnt/mrdr/mc09/t1285_mrrsu_20n253_0327_4.img,603487680,603487680,OK
/mnt/mrdr/mc09/t1286_mrral_20n258_0327_4.img,724185216,724185216,OK
/mnt/mrdr/mc09/t1286_mrrde_20n258_0327_4.img,191104432,191104432,OK
/mnt/mrdr/mc09/t1286_mrrsu_20n258_0327_4.img,603487680,603487680,OK
/mnt/mrdr/mc09/t1287_mrral_20n263_0327_4.img,724656384,724656384,OK
/mnt/mrdr/mc09/t1287_mrrde_20n263_0327_4.img,191228768,191228768,OK
/mnt/mrdr/mc09/t1287_mrrsu_20n263_0327_4.img,603880320,603880320,OK
/mnt/mrdr/mc09/t1288_mrral_20n268_0327_4.img,724656384,724656384,OK
/mnt/mrdr/mc09/t1288_mrrde_20n268_0327_4.img,191228768,191228768,OK
/mnt/mrdr/mc09/t1288_mrrsu_20n268_0327_4.img,603880320,603880320,OK
/mnt/mrdr/mc09/t1352_mrral_25n228_0327_4.img,698742144,698742144,OK
/mnt/mrdr/mc09/t1352_mrrde_25n228_0327_4.img,184390288,184390288,OK
/mnt/mrdr/mc09/t1352_mrrsu_25n228_0327_4.img,582285120,582285120,OK
/mnt/mrdr/mc09/t1353_mrral_25n233_0327_4.img,698742144,698742144,OK
/mnt/mrdr/mc09/t1353_mrrde_25n233_0327_4.img,184390288,184390288,OK
/mnt/mrdr/mc09/t1353_mrrsu_25n233_0327_4.img,582285120,582285120,OK
/mnt/mrdr/mc09/t1354_mrral_25n238_0327_4.img,698742144,698742144,OK
/mnt/mrdr/mc09/t1354_mrrde_25n238_0327_4.img,184390288,184390288,OK
/mnt/mrdr/mc09/t1354_mrrsu_25n238_0327_4.img,582285120,582285120,OK
/mnt/mrdr/mc09/t1355_mrral_25n243_0327_4.img,698742144,698742144,OK
/mnt/mrdr/mc09/t1355_mrrde_25n243_0327_4.img,184390288,184390288,OK
/mnt/mrdr/mc09/t1355_mrrsu_25n243_0327_4.img,582285120,582285120,OK
/mnt/mrdr/mc09/t1356_mrral_25n248_0327_4.img,698742144,698742144,OK
/mnt/mrdr/mc09/t1356_mrrde_25n248_0327_4.img,184390288,184390288,OK
/mnt/mrdr/mc09/t1356_mrrsu_25n248_0327_4.img,582285120,582285120,OK
/mnt/mrdr/mc09/t1357_mrral_25n253_0327_4.img,698742144,698742144,OK
/mnt/mrdr/mc09/t1357_mrrde_25n253_0327_4.img,184390288,184390288,OK
/mnt/mrdr/mc09/t1357_mrrsu_25n253_0327_4.img,582285120,582285120,OK
/mnt/mrdr/mc09/t1358_mrral_25n258_0327_4.img,698742144,698742144,OK
/mnt/mrdr/mc09/t1358_mrrde_25n258_0327_4.img,184390288,184390288,OK
/mnt/mrdr/mc09/t1358_mrrsu_25n258_0327_4.img,582285120,582285120,OK
/mnt/mrdr/mc09/t1359_mrral_25n263_0327_4.img,698742144,698742144,OK
/mnt/mrdr/mc09/t1359_mrrde_25n263_0327_4.img,184390288,184390288,OK
/mnt/mrdr/mc09/t1359_mrrsu_25n263_0327_4.img,582285120,582285120,OK
/mnt/mrdr/mc09/t1360_mrral_25n268_0327_4.img,698270976,698270976,OK
/mnt/mrdr/mc09/t1360_mrrde_25n268_0327_4.img,184265952,184265952,OK
/mnt/mrdr/mc09/t1360_mrrsu_25n268_0327_4.img,581892480,581892480,OK
/mnt/mrdr/mc09/t1424_mrral_30n228_0327_4.img,667645056,667645056,OK
/mnt/mrdr/mc09/t1424_mrrde_30n228_0327_4.img,176184112,176184112,OK
/mnt/mrdr/mc09/t1424_mrrsu_30n228_0327_4.img,556370880,556370880,OK
/mnt/mrdr/mc09/t1425_mrral_30n233_0327_4.img,667645056,667645056,OK
/mnt/mrdr/mc09/t1425_mrrde_30n233_0327_4.img,176184112,176184112,OK
/mnt/mrdr/mc09/t1425_mrrsu_30n233_0327_4.img,556370880,556370880,OK
/mnt/mrdr/mc09/t1426_mrral_30n238_0327_4.img,667645056,667645056,OK
/mnt/mrdr/mc09/t1426_mrrde_30n238_0327_4.img,176184112,176184112,OK
/mnt/mrdr/mc09/t1426_mrrsu_30n238_0327_4.img,556370880,556370880,OK
/mnt/mrdr/mc09/t1427_mrral_30n243_0327_4.img,667645056,667645056,OK
/mnt/mrdr/mc09/t1427_mrrde_30n243_0327_4.img,176184112,176184112,OK
/mnt/mrdr/mc09/t1427_mrrsu_30n243_0327_4.img,556370880,556370880,OK
/mnt/mrdr/mc09/t1428_mrral_30n248_0327_4.img,667645056,667645056,OK
/mnt/mrdr/mc09/t1428_mrrde_30n248_0327_4.img,176184112,176184112,OK
/mnt/mrdr/mc09/t1428_mrrsu_30n248_0327_4.img,556370880,556370880,OK
/mnt/mrdr/mc09/t1429_mrral_30n253_0327_4.img,667645056,667645056,OK
/mnt/mrdr/mc09/t1429_mrrde_30n253_0327_4.img,176184112,176184112,OK
/mnt/mrdr/mc09/t1429_mrrsu_30n253_0327_4.img,556370880,556370880,OK
/mnt/mrdr/mc09/t1430_mrral_30n258_0327_4.img,667645056,667645056,OK
/mnt/mrdr/mc09/t1430_mrrde_30n258_0327_4.img,176184112,176184112,OK
/mnt/mrdr/mc09/t1430_mrrsu_30n258_0327_4.img,556370880,556370880,OK
/mnt/mrdr/mc09/t1431_mrral_30n263_0327_4.img,667645056,667645056,OK
/mnt/mrdr/mc09/t1431_mrrde_30n263_0327_4.img,176184112,176184112,OK
/mnt/mrdr/mc09/t1431_mrrsu_30n263_0327_4.img,556370880,556370880,OK
/mnt/mrdr/mc09/t1432_mrral_30n268_0327_4.img,667645056,667645056,OK
/mnt/mrdr/mc09/t1432_mrrde_30n268_0327_4.img,176184112,176184112,OK
/mnt/mrdr/mc09/t1432_mrrsu_30n268_0327_4.img,556370880,556370880,OK
/mnt/mrdr/mc10/t1073_mrral_05n273_0327_4.img,768003840,768003840,OK
/mnt/mrdr/mc10/t1073_mrrde_05n273_0327_4.img,202667680,202667680,OK
/mnt/mrdr/mc10/t1073_mrrsu_05n273_0327_4.img,640003200,640003200,OK
/mnt/mrdr/mc10/t1074_mrral_05n278_0327_4.img,768003840,768003840,OK
/mnt/mrdr/mc10/t1074_mrrde_05n278_0327_4.img,202667680,202667680,OK
/mnt/mrdr/mc10/t1074_mrrsu_05n278_0327_4.img,640003200,640003200,OK
/mnt/mrdr/mc10/t1075_mrral_05n283_0327_4.img,768003840,768003840,OK
/mnt/mrdr/mc10/t1075_mrrde_05n283_0327_4.img,202667680,202667680,OK
/mnt/mrdr/mc10/t1075_mrrsu_05n283_0327_4.img,640003200,640003200,OK
/mnt/mrdr/mc10/t1076_mrral_05n288_0327_4.img,768003840,768003840,OK
/mnt/mrdr/mc10/t1076_mrrde_05n288_0327_4.img,202667680,202667680,OK
/mnt/mrdr/mc10/t1076_mrrsu_05n288_0327_4.img,640003200,640003200,OK
/mnt/mrdr/mc10/t1077_mrral_05n293_0327_4.img,768003840,768003840,OK
/mnt/mrdr/mc10/t1077_mrrde_05n293_0327_4.img,202667680,202667680,OK
/mnt/mrdr/mc10/t1077_mrrsu_05n293_0327_4.img,640003200,640003200,OK
/mnt/mrdr/mc10/t1078_mrral_05n298_0327_4.img,767532672,767532672,OK
/mnt/mrdr/mc10/t1078_mrrde_05n298_0327_4.img,202543344,202543344,OK
/mnt/mrdr/mc10/t1078_mrrsu_05n298_0327_4.img,639610560,639610560,OK
/mnt/mrdr/mc10/t1079_mrral_05n303_0327_4.img,767532672,767532672,OK
/mnt/mrdr/mc10/t1079_mrrde_05n303_0327_4.img,202543344,202543344,OK
/mnt/mrdr/mc10/t1079_mrrsu_05n303_0327_4.img,639610560,639610560,OK
/mnt/mrdr/mc10/t1080_mrral_05n308_0327_4.img,768003840,768003840,OK
/mnt/mrdr/mc10/t1080_mrrde_05n308_0327_4.img,202667680,202667680,OK
/mnt/mrdr/mc10/t1080_mrrsu_05n308_0327_4.img,640003200,640003200,OK
/mnt/mrdr/mc10/t1081_mrral_05n313_0327_4.img,768003840,768003840,OK
/mnt/mrdr/mc10/t1081_mrrde_05n313_0327_4.img,202667680,202667680,OK
/mnt/mrdr/mc10/t1081_mrrsu_05n313_0327_4.img,640003200,640003200,OK
/mnt/mrdr/mc10/t1145_mrral_10n273_0327_4.img,759051648,759051648,OK
/mnt/mrdr/mc10/t1145_mrrde_10n273_0327_4.img,200305296,200305296,OK
/mnt/mrdr/mc10/t1145_mrrsu_10n273_0327_4.img,632543040,632543040,OK
/mnt/mrdr/mc10/t1146_mrral_10n278_0327_4.img,759522816,759522816,OK
/mnt/mrdr/mc10/t1146_mrrde_10n278_0327_4.img,200429632,200429632,OK
/mnt/mrdr/mc10/t1146_mrrsu_10n278_0327_4.img,632935680,632935680,OK
/mnt/mrdr/mc10/t1147_mrral_10n283_0327_4.img,759051648,759051648,OK
/mnt/mrdr/mc10/t1147_mrrde_10n283_0327_4.img,200305296,200305296,OK
/mnt/mrdr/mc10/t1147_mrrsu_10n283_0327_4.img,632543040,632543040,OK
/mnt/mrdr/mc10/t1148_mrral_10n288_0327_4.img,759522816,759522816,OK
/mnt/mrdr/mc10/t1148_mrrde_10n288_0327_4.img,200429632,200429632,OK
/mnt/mrdr/mc10/t1148_mrrsu_10n288_0327_4.img,632935680,632935680,OK
/mnt/mrdr/mc10/t1149_mrral_10n293_0327_4.img,759051648,759051648,OK
/mnt/mrdr/mc10/t1149_mrrde_10n293_0327_4.img,200305296,200305296,OK
/mnt/mrdr/mc10/t1149_mrrsu_10n293_0327_4.img,632543040,632543040,OK
/mnt/mrdr/mc10/t1150_mrral_10n298_0327_4.img,759051648,759051648,OK
/mnt/mrdr/mc10/t1150_mrrde_10n298_0327_4.img,200305296,200305296,OK
/mnt/mrdr/mc10/t1150_mrrsu_10n298_0327_4.img,632543040,632543040,OK
/mnt/mrdr/mc10/t1151_mrral_10n303_0327_4.img,759522816,759522816,OK
/mnt/mrdr/mc10/t1151_mrrde_10n303_0327_4.img,200429632,200429632,OK
/mnt/mrdr/mc10/t1151_mrrsu_10n303_0327_4.img,632935680,632935680,OK
/mnt/mrdr/mc10/t1152_mrral_10n308_0327_4.img,759051648,759051648,OK
/mnt/mrdr/mc10/t1152_mrrde_10n308_0327_4.img,200305296,200305296,OK
/mnt/mrdr/mc10/t1152_mrrsu_10n308_0327_4.img,632543040,632543040,OK
/mnt/mrdr/mc10/t1153_mrral_10n313_0327_4.img,759051648,759051648,OK
/mnt/mrdr/mc10/t1153_mrrde_10n313_0327_4.img,200305296,200305296,OK
/mnt/mrdr/mc10/t1153_mrrsu_10n313_0327_4.img,632543040,632543040,OK
/mnt/mrdr/mc10/t1217_mrral_15n273_0327_4.img,744445440,744445440,OK
/mnt/mrdr/mc10/t1217_mrrde_15n273_0327_4.img,196450880,196450880,OK
/mnt/mrdr/mc10/t1217_mrrsu_15n273_0327_4.img,620371200,620371200,OK
/mnt/mrdr/mc10/t1218_mrral_15n278_0327_4.img,744445440,744445440,OK
/mnt/mrdr/mc10/t1218_mrrde_15n278_0327_4.img,196450880,196450880,OK
/mnt/mrdr/mc10/t1218_mrrsu_15n278_0327_4.img,620371200,620371200,OK
/mnt/mrdr/mc10/t1219_mrral_15n283_0327_4.img,744916608,744916608,OK
/mnt/mrdr/mc10/t1219_mrrde_15n283_0327_4.img,196575216,196575216,OK
/mnt/mrdr/mc10/t1219_mrrsu_15n283_0327_4.img,620763840,620763840,OK
/mnt/mrdr/mc10/t1220_mrral_15n288_0327_4.img,744445440,744445440,OK
/mnt/mrdr/mc10/t1220_mrrde_15n288_0327_4.img,196450880,196450880,OK
/mnt/mrdr/mc10/t1220_mrrsu_15n288_0327_4.img,620371200,620371200,OK
/mnt/mrdr/mc10/t1221_mrral_15n293_0327_4.img,744445440,744445440,OK
/mnt/mrdr/mc10/t1221_mrrde_15n293_0327_4.img,196450880,196450880,OK
/mnt/mrdr/mc10/t1221_mrrsu_15n293_0327_4.img,620371200,620371200,OK
/mnt/mrdr/mc10/t1222_mrral_15n298_0327_4.img,744445440,744445440,OK
/mnt/mrdr/mc10/t1222_mrrde_15n298_0327_4.img,196450880,196450880,OK
/mnt/mrdr/mc10/t1222_mrrsu_15n298_0327_4.img,620371200,620371200,OK
/mnt/mrdr/mc10/t1223_mrral_15n303_0327_4.img,744916608,744916608,OK
/mnt/mrdr/mc10/t1223_mrrde_15n303_0327_4.img,196575216,196575216,OK
/mnt/mrdr/mc10/t1223_mrrsu_15n303_0327_4.img,620763840,620763840,OK
/mnt/mrdr/mc10/t1224_mrral_15n308_0327_4.img,744445440,744445440,OK
/mnt/mrdr/mc10/t1224_mrrde_15n308_0327_4.img,196450880,196450880,OK
/mnt/mrdr/mc10/t1224_mrrsu_15n308_0327_4.img,620371200,620371200,OK
/mnt/mrdr/mc10/t1225_mrral_15n313_0327_4.img,744445440,744445440,OK
/mnt/mrdr/mc10/t1225_mrrde_15n313_0327_4.img,196450880,196450880,OK
/mnt/mrdr/mc10/t1225_mrrsu_15n313_0327_4.img,620371200,620371200,OK
/mnt/mrdr/mc10/t1289_mrral_20n273_0327_4.img,724185216,724185216,OK
/mnt/mrdr/mc10/t1289_mrrde_20n273_0327_4.img,191104432,191104432,OK
/mnt/mrdr/mc10/t1289_mrrsu_20n273_0327_4.img,603487680,603487680,OK
/mnt/mrdr/mc10/t1290_mrral_20n278_0327_4.img,724656384,724656384,OK
/mnt/mrdr/mc10/t1290_mrrde_20n278_0327_4.img,191228768,191228768,OK
/mnt/mrdr/mc10/t1290_mrrsu_20n278_0327_4.img,603880320,603880320,OK
/mnt/mrdr/mc10/t1291_mrral_20n283_0327_4.img,724656384,724656384,OK
/mnt/mrdr/mc10/t1291_mrrde_20n283_0327_4.img,191228768,191228768,OK
/mnt/mrdr/mc10/t1291_mrrsu_20n283_0327_4.img,603880320,603880320,OK
/mnt/mrdr/mc10/t1292_mrral_20n288_0327_4.img,724185216,724185216,OK
/mnt/mrdr/mc10/t1292_mrrde_20n288_0327_4.img,191104432,191104432,OK
/mnt/mrdr/mc10/t1292_mrrsu_20n288_0327_4.img,603487680,603487680,OK
/mnt/mrdr/mc10/t1293_mrral_20n293_0327_4.img,724656384,724656384,OK
/mnt/mrdr/mc10/t1293_mrrde_20n293_0327_4.img,191228768,191228768,OK
/mnt/mrdr/mc10/t1293_mrrsu_20n293_0327_4.img,603880320,603880320,OK
/mnt/mrdr/mc10/t1294_mrral_20n298_0327_4.img,724185216,724185216,OK
/mnt/mrdr/mc10/t1294_mrrde_20n298_0327_4.img,191104432,191104432,OK
/mnt/mrdr/mc10/t1294_mrrsu_20n298_0327_4.img,603487680,603487680,OK
/mnt/mrdr/mc10/t1295_mrral_20n303_0327_4.img,724185216,724185216,OK
/mnt/mrdr/mc10/t1295_mrrde_20n303_0327_4.img,191104432,191104432,OK
/mnt/mrdr/mc10/t1295_mrrsu_20n303_0327_4.img,603487680,603487680,OK
/mnt/mrdr/mc10/t1296_mrral_20n308_0327_4.img,724185216,724185216,OK
/mnt/mrdr/mc10/t1296_mrrde_20n308_0327_4.img,191104432,191104432,OK
/mnt/mrdr/mc10/t1296_mrrsu_20n308_0327_4.img,603487680,603487680,OK
/mnt/mrdr/mc10/t1297_mrral_20n313_0327_4.img,724185216,724185216,OK
/mnt/mrdr/mc10/t1297_mrrde_20n313_0327_4.img,191104432,191104432,OK
/mnt/mrdr/mc10/t1297_mrrsu_20n313_0327_4.img,603487680,603487680,OK
/mnt/mrdr/mc10/t1361_mrral_25n273_0327_4.img,698742144,698742144,OK
/mnt/mrdr/mc10/t1361_mrrde_25n273_0327_4.img,184390288,184390288,OK
/mnt/mrdr/mc10/t1361_mrrsu_25n273_0327_4.img,582285120,582285120,OK
/mnt/mrdr/mc10/t1362_mrral_25n278_0327_4.img,698742144,698742144,OK
/mnt/mrdr/mc10/t1362_mrrde_25n278_0327_4.img,184390288,184390288,OK
/mnt/mrdr/mc10/t1362_mrrsu_25n278_0327_4.img,582285120,582285120,OK
/mnt/mrdr/mc10/t1363_mrral_25n283_0327_4.img,698742144,698742144,OK
/mnt/mrdr/mc10/t1363_mrrde_25n283_0327_4.img,184390288,184390288,OK
/mnt/mrdr/mc10/t1363_mrrsu_25n283_0327_4.img,582285120,582285120,OK
/mnt/mrdr/mc10/t1364_mrral_25n288_0327_4.img,698742144,698742144,OK
/mnt/mrdr/mc10/t1364_mrrde_25n288_0327_4.img,184390288,184390288,OK
/mnt/mrdr/mc10/t1364_mrrsu_25n288_0327_4.img,582285120,582285120,OK
/mnt/mrdr/mc10/t1365_mrral_25n293_0327_4.img,698742144,698742144,OK
/mnt/mrdr/mc10/t1365_mrrde_25n293_0327_4.img,184390288,184390288,OK
/mnt/mrdr/mc10/t1365_mrrsu_25n293_0327_4.img,582285120,582285120,OK
/mnt/mrdr/mc10/t1366_mrral_25n298_0327_4.img,698270976,698270976,OK
/mnt/mrdr/mc10/t1366_mrrde_25n298_0327_4.img,184265952,184265952,OK
/mnt/mrdr/mc10/t1366_mrrsu_25n298_0327_4.img,581892480,581892480,OK
/mnt/mrdr/mc10/t1367_mrral_25n303_0327_4.img,698742144,698742144,OK
/mnt/mrdr/mc10/t1367_mrrde_25n303_0327_4.img,184390288,184390288,OK
/mnt/mrdr/mc10/t1367_mrrsu_25n303_0327_4.img,582285120,582285120,OK
/mnt/mrdr/mc10/t1368_mrral_25n308_0327_4.img,698742144,698742144,OK
/mnt/mrdr/mc10/t1368_mrrde_25n308_0327_4.img,184390288,184390288,OK
/mnt/mrdr/mc10/t1368_mrrsu_25n308_0327_4.img,582285120,582285120,OK
/mnt/mrdr/mc10/t1369_mrral_25n313_0327_4.img,698270976,698270976,OK
/mnt/mrdr/mc10/t1369_mrrde_25n313_0327_4.img,184265952,184265952,OK
/mnt/mrdr/mc10/t1369_mrrsu_25n313_0327_4.img,581892480,581892480,OK
/mnt/mrdr/mc10/t1433_mrral_30n273_0327_4.img,667645056,667645056,OK
/mnt/mrdr/mc10/t1433_mrrde_30n273_0327_4.img,176184112,176184112,OK
/mnt/mrdr/mc10/t1433_mrrsu_30n273_0327_4.img,556370880,556370880,OK
/mnt/mrdr/mc10/t1434_mrral_30n278_0327_4.img,667645056,667645056,OK
/mnt/mrdr/mc10/t1434_mrrde_30n278_0327_4.img,176184112,176184112,OK
/mnt/mrdr/mc10/t1434_mrrsu_30n278_0327_4.img,556370880,556370880,OK
/mnt/mrdr/mc10/t1435_mrral_30n283_0327_4.img,667645056,667645056,OK
/mnt/mrdr/mc10/t1435_mrrde_30n283_0327_4.img,176184112,176184112,OK
/mnt/mrdr/mc10/t1435_mrrsu_30n283_0327_4.img,556370880,556370880,OK
/mnt/mrdr/mc10/t1436_mrral_30n288_0327_4.img,667645056,667645056,OK
/mnt/mrdr/mc10/t1436_mrrde_30n288_0327_4.img,176184112,176184112,OK
/mnt/mrdr/mc10/t1436_mrrsu_30n288_0327_4.img,556370880,556370880,OK
/mnt/mrdr/mc10/t1437_mrral_30n293_0327_4.img,667645056,667645056,OK
/mnt/mrdr/mc10/t1437_mrrde_30n293_0327_4.img,176184112,176184112,OK
/mnt/mrdr/mc10/t1437_mrrsu_30n293_0327_4.img,556370880,556370880,OK
/mnt/mrdr/mc10/t1438_mrral_30n298_0327_4.img,667645056,667645056,OK
/mnt/mrdr/mc10/t1438_mrrde_30n298_0327_4.img,176184112,176184112,OK
/mnt/mrdr/mc10/t1438_mrrsu_30n298_0327_4.img,556370880,556370880,OK
/mnt/mrdr/mc10/t1439_mrral_30n303_0327_4.img,667645056,667645056,OK
/mnt/mrdr/mc10/t1439_mrrde_30n303_0327_4.img,176184112,176184112,OK
/mnt/mrdr/mc10/t1439_mrrsu_30n303_0327_4.img,556370880,556370880,OK
/mnt/mrdr/mc10/t1440_mrral_30n308_0327_4.img,667645056,667645056,OK
/mnt/mrdr/mc10/t1440_mrrde_30n308_0327_4.img,176184112,176184112,OK
/mnt/mrdr/mc10/t1440_mrrsu_30n308_0327_4.img,556370880,556370880,OK
/mnt/mrdr/mc10/t1441_mrral_30n313_0327_4.img,667645056,667645056,OK
/mnt/mrdr/mc10/t1441_mrrde_30n313_0327_4.img,176184112,176184112,OK
/mnt/mrdr/mc10/t1441_mrrsu_30n313_0327_4.img,556370880,556370880,OK
/mnt/mrdr/mc11/t1082_mrral_05n318_0327_4.img,768003840,768003840,OK
/mnt/mrdr/mc11/t1082_mrrde_05n318_0327_4.img,202667680,202667680,OK
/mnt/mrdr/mc11/t1082_mrrsu_05n318_0327_4.img,640003200,640003200,OK
/mnt/mrdr/mc11/t1083_mrral_05n323_0327_4.img,767532672,767532672,OK
/mnt/mrdr/mc11/t1083_mrrde_05n323_0327_4.img,202543344,202543344,OK
/mnt/mrdr/mc11/t1083_mrrsu_05n323_0327_4.img,639610560,639610560,OK
/mnt/mrdr/mc11/t1084_mrral_05n328_0327_4.img,768003840,768003840,OK
/mnt/mrdr/mc11/t1084_mrrde_05n328_0327_4.img,202667680,202667680,OK
/mnt/mrdr/mc11/t1084_mrrsu_05n328_0327_4.img,640003200,640003200,OK
/mnt/mrdr/mc11/t1085_mrral_05n333_0327_4.img,768003840,768003840,OK
/mnt/mrdr/mc11/t1085_mrrde_05n333_0327_4.img,202667680,202667680,OK
/mnt/mrdr/mc11/t1085_mrrsu_05n333_0327_4.img,640003200,640003200,OK
/mnt/mrdr/mc11/t1086_mrral_05n338_0327_4.img,767532672,767532672,OK
/mnt/mrdr/mc11/t1086_mrrde_05n338_0327_4.img,202543344,202543344,OK
/mnt/mrdr/mc11/t1086_mrrsu_05n338_0327_4.img,639610560,639610560,OK
/mnt/mrdr/mc11/t1087_mrral_05n343_0327_4.img,768003840,768003840,OK
/mnt/mrdr/mc11/t1087_mrrde_05n343_0327_4.img,202667680,202667680,OK
/mnt/mrdr/mc11/t1087_mrrsu_05n343_0327_4.img,640003200,640003200,OK
/mnt/mrdr/mc11/t1088_mrral_05n348_0327_4.img,768003840,768003840,OK
/mnt/mrdr/mc11/t1088_mrrde_05n348_0327_4.img,202667680,202667680,OK
/mnt/mrdr/mc11/t1088_mrrsu_05n348_0327_4.img,640003200,640003200,OK
/mnt/mrdr/mc11/t1089_mrral_05n353_0327_4.img,767532672,767532672,OK
/mnt/mrdr/mc11/t1089_mrrde_05n353_0327_4.img,202543344,202543344,OK
/mnt/mrdr/mc11/t1089_mrrsu_05n353_0327_4.img,639610560,639610560,OK
/mnt/mrdr/mc11/t1090_mrral_05n358_0327_4.img,767532672,767532672,OK
/mnt/mrdr/mc11/t1090_mrrde_05n358_0327_4.img,202543344,202543344,OK
/mnt/mrdr/mc11/t1090_mrrsu_05n358_0327_4.img,639610560,639610560,OK
/mnt/mrdr/mc11/t1154_mrral_10n318_0327_4.img,759522816,759522816,OK
/mnt/mrdr/mc11/t1154_mrrde_10n318_0327_4.img,200429632,200429632,OK
/mnt/mrdr/mc11/t1154_mrrsu_10n318_0327_4.img,632935680,632935680,OK
/mnt/mrdr/mc11/t1155_mrral_10n323_0327_4.img,759522816,759522816,OK
/mnt/mrdr/mc11/t1155_mrrde_10n323_0327_4.img,200429632,200429632,OK
/mnt/mrdr/mc11/t1155_mrrsu_10n323_0327_4.img,632935680,632935680,OK
/mnt/mrdr/mc11/t1156_mrral_10n328_0327_4.img,759522816,759522816,OK
/mnt/mrdr/mc11/t1156_mrrde_10n328_0327_4.img,200429632,200429632,OK
/mnt/mrdr/mc11/t1156_mrrsu_10n328_0327_4.img,632935680,632935680,OK
/mnt/mrdr/mc11/t1157_mrral_10n333_0327_4.img,759051648,759051648,OK
/mnt/mrdr/mc11/t1157_mrrde_10n333_0327_4.img,200305296,200305296,OK
/mnt/mrdr/mc11/t1157_mrrsu_10n333_0327_4.img,632543040,632543040,OK
/mnt/mrdr/mc11/t1158_mrral_10n338_0327_4.img,759051648,759051648,OK
/mnt/mrdr/mc11/t1158_mrrde_10n338_0327_4.img,200305296,200305296,OK
/mnt/mrdr/mc11/t1158_mrrsu_10n338_0327_4.img,632543040,632543040,OK
/mnt/mrdr/mc11/t1159_mrral_10n343_0327_4.img,759051648,759051648,OK
/mnt/mrdr/mc11/t1159_mrrde_10n343_0327_4.img,200305296,200305296,OK
/mnt/mrdr/mc11/t1159_mrrsu_10n343_0327_4.img,632543040,632543040,OK
/mnt/mrdr/mc11/t1160_mrral_10n348_0327_4.img,759051648,759051648,OK
/mnt/mrdr/mc11/t1160_mrrde_10n348_0327_4.img,200305296,200305296,OK
/mnt/mrdr/mc11/t1160_mrrsu_10n348_0327_4.img,632543040,632543040,OK
/mnt/mrdr/mc11/t1161_mrral_10n353_0327_4.img,759051648,759051648,OK
/mnt/mrdr/mc11/t1161_mrrde_10n353_0327_4.img,200305296,200305296,OK
/mnt/mrdr/mc11/t1161_mrrsu_10n353_0327_4.img,632543040,632543040,OK
/mnt/mrdr/mc11/t1162_mrral_10n358_0327_4.img,759051648,759051648,OK
/mnt/mrdr/mc11/t1162_mrrde_10n358_0327_4.img,200305296,200305296,OK
/mnt/mrdr/mc11/t1162_mrrsu_10n358_0327_4.img,632543040,632543040,OK
/mnt/mrdr/mc11/t1226_mrral_15n318_0327_4.img,744916608,744916608,OK
/mnt/mrdr/mc11/t1226_mrrde_15n318_0327_4.img,196575216,196575216,OK
/mnt/mrdr/mc11/t1226_mrrsu_15n318_0327_4.img,620763840,620763840,OK
/mnt/mrdr/mc11/t1227_mrral_15n323_0327_4.img,744445440,744445440,OK
/mnt/mrdr/mc11/t1227_mrrde_15n323_0327_4.img,196450880,196450880,OK
/mnt/mrdr/mc11/t1227_mrrsu_15n323_0327_4.img,620371200,620371200,OK
/mnt/mrdr/mc11/t1228_mrral_15n328_0327_4.img,744445440,744445440,OK
/mnt/mrdr/mc11/t1228_mrrde_15n328_0327_4.img,196450880,196450880,OK
/mnt/mrdr/mc11/t1228_mrrsu_15n328_0327_4.img,620371200,620371200,OK
/mnt/mrdr/mc11/t1229_mrral_15n333_0327_4.img,744445440,744445440,OK
/mnt/mrdr/mc11/t1229_mrrde_15n333_0327_4.img,196450880,196450880,OK
/mnt/mrdr/mc11/t1229_mrrsu_15n333_0327_4.img,620371200,620371200,OK
/mnt/mrdr/mc11/t1230_mrral_15n338_0327_4.img,744445440,744445440,OK
/mnt/mrdr/mc11/t1230_mrrde_15n338_0327_4.img,196450880,196450880,OK
/mnt/mrdr/mc11/t1230_mrrsu_15n338_0327_4.img,620371200,620371200,OK
/mnt/mrdr/mc11/t1231_mrral_15n343_0327_4.img,744445440,744445440,OK
/mnt/mrdr/mc11/t1231_mrrde_15n343_0327_4.img,196450880,196450880,OK
/mnt/mrdr/mc11/t1231_mrrsu_15n343_0327_4.img,620371200,620371200,OK
/mnt/mrdr/mc11/t1232_mrral_15n348_0327_4.img,744445440,744445440,OK
/mnt/mrdr/mc11/t1232_mrrde_15n348_0327_4.img,196450880,196450880,OK
/mnt/mrdr/mc11/t1232_mrrsu_15n348_0327_4.img,620371200,620371200,OK
/mnt/mrdr/mc11/t1233_mrral_15n353_0327_4.img,744445440,744445440,OK
/mnt/mrdr/mc11/t1233_mrrde_15n353_0327_4.img,196450880,196450880,OK
/mnt/mrdr/mc11/t1233_mrrsu_15n353_0327_4.img,620371200,620371200,OK
/mnt/mrdr/mc11/t1234_mrral_15n358_0327_4.img,744916608,744916608,OK
/mnt/mrdr/mc11/t1234_mrrde_15n358_0327_4.img,196575216,196575216,OK
/mnt/mrdr/mc11/t1234_mrrsu_15n358_0327_4.img,620763840,620763840,OK
/mnt/mrdr/mc11/t1298_mrral_20n318_0327_4.img,724185216,724185216,OK
/mnt/mrdr/mc11/t1298_mrrde_20n318_0327_4.img,191104432,191104432,OK
/mnt/mrdr/mc11/t1298_mrrsu_20n318_0327_4.img,603487680,603487680,OK
/mnt/mrdr/mc11/t1299_mrral_20n323_0327_4.img,724185216,724185216,OK
/mnt/mrdr/mc11/t1299_mrrde_20n323_0327_4.img,191104432,191104432,OK
/mnt/mrdr/mc11/t1299_mrrsu_20n323_0327_4.img,603487680,603487680,OK
/mnt/mrdr/mc11/t1300_mrral_20n328_0327_4.img,724185216,724185216,OK
/mnt/mrdr/mc11/t1300_mrrde_20n328_0327_4.img,191104432,191104432,OK
/mnt/mrdr/mc11/t1300_mrrsu_20n328_0327_4.img,603487680,603487680,OK
/mnt/mrdr/mc11/t1301_mrral_20n333_0327_4.img,724185216,724185216,OK
/mnt/mrdr/mc11/t1301_mrrde_20n333_0327_4.img,191104432,191104432,OK
/mnt/mrdr/mc11/t1301_mrrsu_20n333_0327_4.img,603487680,603487680,OK
/mnt/mrdr/mc11/t1302_mrral_20n338_0327_4.img,724185216,724185216,OK
/mnt/mrdr/mc11/t1302_mrrde_20n338_0327_4.img,191104432,191104432,OK
/mnt/mrdr/mc11/t1302_mrrsu_20n338_0327_4.img,603487680,603487680,OK
/mnt/mrdr/mc11/t1303_mrral_20n343_0327_4.img,724656384,724656384,OK
/mnt/mrdr/mc11/t1303_mrrde_20n343_0327_4.img,191228768,191228768,OK
/mnt/mrdr/mc11/t1303_mrrsu_20n343_0327_4.img,603880320,603880320,OK
/mnt/mrdr/mc11/t1304_mrral_20n348_0327_4.img,724185216,724185216,OK
/mnt/mrdr/mc11/t1304_mrrde_20n348_0327_4.img,191104432,191104432,OK
/mnt/mrdr/mc11/t1304_mrrsu_20n348_0327_4.img,603487680,603487680,OK
/mnt/mrdr/mc11/t1305_mrral_20n353_0327_4.img,724656384,724656384,OK
/mnt/mrdr/mc11/t1305_mrrde_20n353_0327_4.img,191228768,191228768,OK
/mnt/mrdr/mc11/t1305_mrrsu_20n353_0327_4.img,603880320,603880320,OK
/mnt/mrdr/mc11/t1306_mrral_20n358_0327_4.img,724185216,724185216,OK
/mnt/mrdr/mc11/t1306_mrrde_20n358_0327_4.img,191104432,191104432,OK
/mnt/mrdr/mc11/t1306_mrrsu_20n358_0327_4.img,603487680,603487680,OK
/mnt/mrdr/mc11/t1370_mrral_25n318_0327_4.img,698742144,698742144,OK
/mnt/mrdr/mc11/t1370_mrrde_25n318_0327_4.img,184390288,184390288,OK
/mnt/mrdr/mc11/t1370_mrrsu_25n318_0327_4.img,582285120,582285120,OK
/mnt/mrdr/mc11/t1371_mrral_25n323_0327_4.img,698742144,698742144,OK
/mnt/mrdr/mc11/t1371_mrrde_25n323_0327_4.img,184390288,184390288,OK
/mnt/mrdr/mc11/t1371_mrrsu_25n323_0327_4.img,582285120,582285120,OK
/mnt/mrdr/mc11/t1372_mrral_25n328_0327_4.img,698742144,698742144,OK
/mnt/mrdr/mc11/t1372_mrrde_25n328_0327_4.img,184390288,184390288,OK
/mnt/mrdr/mc11/t1372_mrrsu_25n328_0327_4.img,582285120,582285120,OK
/mnt/mrdr/mc11/t1373_mrral_25n333_0327_4.img,698742144,698742144,OK
/mnt/mrdr/mc11/t1373_mrrde_25n333_0327_4.img,184390288,184390288,OK
/mnt/mrdr/mc11/t1373_mrrsu_25n333_0327_4.img,582285120,582285120,OK
/mnt/mrdr/mc11/t1374_mrral_25n338_0327_4.img,698742144,698742144,OK
/mnt/mrdr/mc11/t1374_mrrde_25n338_0327_4.img,184390288,184390288,OK
/mnt/mrdr/mc11/t1374_mrrsu_25n338_0327_4.img,582285120,582285120,OK
/mnt/mrdr/mc11/t1375_mrral_25n343_0327_4.img,698742144,698742144,OK
/mnt/mrdr/mc11/t1375_mrrde_25n343_0327_4.img,184390288,184390288,OK
/mnt/mrdr/mc11/t1375_mrrsu_25n343_0327_4.img,582285120,582285120,OK
/mnt/mrdr/mc11/t1376_mrral_25n348_0327_4.img,698742144,698742144,OK
/mnt/mrdr/mc11/t1376_mrrde_25n348_0327_4.img,184390288,184390288,OK
/mnt/mrdr/mc11/t1376_mrrsu_25n348_0327_4.img,582285120,582285120,OK
/mnt/mrdr/mc11/t1377_mrral_25n353_0327_4.img,698742144,698742144,OK
/mnt/mrdr/mc11/t1377_mrrde_25n353_0327_4.img,184390288,184390288,OK
/mnt/mrdr/mc11/t1377_mrrsu_25n353_0327_4.img,582285120,582285120,OK
/mnt/mrdr/mc11/t1378_mrral_25n358_0327_4.img,698742144,698742144,OK
/mnt/mrdr/mc11/t1378_mrrde_25n358_0327_4.img,184390288,184390288,OK
/mnt/mrdr/mc11/t1378_mrrsu_25n358_0327_4.img,582285120,582285120,OK
/mnt/mrdr/mc11/t1442_mrral_30n318_0327_4.img,667645056,667645056,OK
/mnt/mrdr/mc11/t1442_mrrde_30n318_0327_4.img,176184112,176184112,OK
/mnt/mrdr/mc11/t1442_mrrsu_30n318_0327_4.img,556370880,556370880,OK
/mnt/mrdr/mc11/t1443_mrral_30n323_0327_4.img,667645056,667645056,OK
/mnt/mrdr/mc11/t1443_mrrde_30n323_0327_4.img,176184112,176184112,OK
/mnt/mrdr/mc11/t1443_mrrsu_30n323_0327_4.img,556370880,556370880,OK
/mnt/mrdr/mc11/t1444_mrral_30n328_0327_4.img,667645056,667645056,OK
/mnt/mrdr/mc11/t1444_mrrde_30n328_0327_4.img,176184112,176184112,OK
/mnt/mrdr/mc11/t1444_mrrsu_30n328_0327_4.img,556370880,556370880,OK
/mnt/mrdr/mc11/t1445_mrral_30n333_0327_4.img,667645056,667645056,OK
/mnt/mrdr/mc11/t1445_mrrde_30n333_0327_4.img,176184112,176184112,OK
/mnt/mrdr/mc11/t1445_mrrsu_30n333_0327_4.img,556370880,556370880,OK
/mnt/mrdr/mc11/t1446_mrral_30n338_0327_4.img,667645056,667645056,OK
/mnt/mrdr/mc11/t1446_mrrde_30n338_0327_4.img,176184112,176184112,OK
/mnt/mrdr/mc11/t1446_mrrsu_30n338_0327_4.img,556370880,556370880,OK
/mnt/mrdr/mc11/t1447_mrral_30n343_0327_4.img,667645056,667645056,OK
/mnt/mrdr/mc11/t1447_mrrde_30n343_0327_4.img,176184112,176184112,OK
/mnt/mrdr/mc11/t1447_mrrsu_30n343_0327_4.img,556370880,556370880,OK
/mnt/mrdr/mc11/t1448_mrral_30n348_0327_4.img,667645056,667645056,OK
/mnt/mrdr/mc11/t1448_mrrde_30n348_0327_4.img,176184112,176184112,OK
/mnt/mrdr/mc11/t1448_mrrsu_30n348_0327_4.img,556370880,556370880,OK
/mnt/mrdr/mc11/t1449_mrral_30n353_0327_4.img,667645056,667645056,OK
/mnt/mrdr/mc11/t1449_mrrde_30n353_0327_4.img,176184112,176184112,OK
/mnt/mrdr/mc11/t1449_mrrsu_30n353_0327_4.img,556370880,556370880,OK
/mnt/mrdr/mc11/t1450_mrral_30n358_0327_4.img,667645056,667645056,OK
/mnt/mrdr/mc11/t1450_mrrde_30n358_0327_4.img,176184112,176184112,OK
/mnt/mrdr/mc11/t1450_mrrsu_30n358_0327_4.img,556370880,556370880,OK
/mnt/mrdr/mc12/t1019_mrral_05n003_0327_4.img,767532672,767532672,OK
/mnt/mrdr/mc12/t1019_mrrde_05n003_0327_4.img,202543344,202543344,OK
/mnt/mrdr/mc12/t1019_mrrsu_05n003_0327_4.img,639610560,639610560,OK
/mnt/mrdr/mc12/t1020_mrral_05n008_0327_4.img,767532672,767532672,OK
/mnt/mrdr/mc12/t1020_mrrde_05n008_0327_4.img,202543344,202543344,OK
/mnt/mrdr/mc12/t1020_mrrsu_05n008_0327_4.img,639610560,639610560,OK
/mnt/mrdr/mc12/t1021_mrral_05n013_0327_4.img,768003840,768003840,OK
/mnt/mrdr/mc12/t1021_mrrde_05n013_0327_4.img,202667680,202667680,OK
/mnt/mrdr/mc12/t1021_mrrsu_05n013_0327_4.img,640003200,640003200,OK
/mnt/mrdr/mc12/t1022_mrral_05n018_0327_4.img,768003840,768003840,OK
/mnt/mrdr/mc12/t1022_mrrde_05n018_0327_4.img,202667680,202667680,OK
/mnt/mrdr/mc12/t1022_mrrsu_05n018_0327_4.img,640003200,640003200,OK
/mnt/mrdr/mc12/t1023_mrral_05n023_0327_4.img,768003840,768003840,OK
/mnt/mrdr/mc12/t1023_mrrde_05n023_0327_4.img,202667680,202667680,OK
/mnt/mrdr/mc12/t1023_mrrsu_05n023_0327_4.img,640003200,640003200,OK
/mnt/mrdr/mc12/t1024_mrral_05n028_0327_4.img,768003840,768003840,OK
/mnt/mrdr/mc12/t1024_mrrde_05n028_0327_4.img,202667680,202667680,OK
/mnt/mrdr/mc12/t1024_mrrsu_05n028_0327_4.img,640003200,640003200,OK
/mnt/mrdr/mc12/t1025_mrral_05n033_0327_4.img,768003840,768003840,OK
/mnt/mrdr/mc12/t1025_mrrde_05n033_0327_4.img,202667680,202667680,OK
/mnt/mrdr/mc12/t1025_mrrsu_05n033_0327_4.img,640003200,640003200,OK
/mnt/mrdr/mc12/t1026_mrral_05n038_0327_4.img,768003840,768003840,OK
/mnt/mrdr/mc12/t1026_mrrde_05n038_0327_4.img,202667680,202667680,OK
/mnt/mrdr/mc12/t1026_mrrsu_05n038_0327_4.img,640003200,640003200,OK
/mnt/mrdr/mc12/t1027_mrral_05n043_0327_4.img,768003840,768003840,OK
/mnt/mrdr/mc12/t1027_mrrde_05n043_0327_4.img,202667680,202667680,OK
/mnt/mrdr/mc12/t1027_mrrsu_05n043_0327_4.img,640003200,640003200,OK
/mnt/mrdr/mc12/t1091_mrral_10n003_0327_4.img,759522816,759522816,OK
/mnt/mrdr/mc12/t1091_mrrde_10n003_0327_4.img,200429632,200429632,OK
/mnt/mrdr/mc12/t1091_mrrsu_10n003_0327_4.img,632935680,632935680,OK
/mnt/mrdr/mc12/t1092_mrral_10n008_0327_4.img,759522816,759522816,OK
/mnt/mrdr/mc12/t1092_mrrde_10n008_0327_4.img,200429632,200429632,OK
/mnt/mrdr/mc12/t1092_mrrsu_10n008_0327_4.img,632935680,632935680,OK
/mnt/mrdr/mc12/t1093_mrral_10n013_0327_4.img,759051648,759051648,OK
/mnt/mrdr/mc12/t1093_mrrde_10n013_0327_4.img,200305296,200305296,OK
/mnt/mrdr/mc12/t1093_mrrsu_10n013_0327_4.img,632543040,632543040,OK
/mnt/mrdr/mc12/t1094_mrral_10n018_0327_4.img,759051648,759051648,OK
/mnt/mrdr/mc12/t1094_mrrde_10n018_0327_4.img,200305296,200305296,OK
/mnt/mrdr/mc12/t1094_mrrsu_10n018_0327_4.img,632543040,632543040,OK
/mnt/mrdr/mc12/t1095_mrral_10n023_0327_4.img,759051648,759051648,OK
/mnt/mrdr/mc12/t1095_mrrde_10n023_0327_4.img,200305296,200305296,OK
/mnt/mrdr/mc12/t1095_mrrsu_10n023_0327_4.img,632543040,632543040,OK
/mnt/mrdr/mc12/t1096_mrral_10n028_0327_4.img,759051648,759051648,OK
/mnt/mrdr/mc12/t1096_mrrde_10n028_0327_4.img,200305296,200305296,OK
/mnt/mrdr/mc12/t1096_mrrsu_10n028_0327_4.img,632543040,632543040,OK
/mnt/mrdr/mc12/t1097_mrral_10n033_0327_4.img,759051648,759051648,OK
/mnt/mrdr/mc12/t1097_mrrde_10n033_0327_4.img,200305296,200305296,OK
/mnt/mrdr/mc12/t1097_mrrsu_10n033_0327_4.img,632543040,632543040,OK
/mnt/mrdr/mc12/t1098_mrral_10n038_0327_4.img,759051648,759051648,OK
/mnt/mrdr/mc12/t1098_mrrde_10n038_0327_4.img,200305296,200305296,OK
/mnt/mrdr/mc12/t1098_mrrsu_10n038_0327_4.img,632543040,632543040,OK
/mnt/mrdr/mc12/t1099_mrral_10n043_0327_4.img,759522816,759522816,OK
/mnt/mrdr/mc12/t1099_mrrde_10n043_0327_4.img,200429632,200429632,OK
/mnt/mrdr/mc12/t1099_mrrsu_10n043_0327_4.img,632935680,632935680,OK
/mnt/mrdr/mc12/t1163_mrral_15n003_0327_4.img,744445440,744445440,OK
/mnt/mrdr/mc12/t1163_mrrde_15n003_0327_4.img,196450880,196450880,OK
/mnt/mrdr/mc12/t1163_mrrsu_15n003_0327_4.img,620371200,620371200,OK
/mnt/mrdr/mc12/t1164_mrral_15n008_0327_4.img,744445440,744445440,OK
/mnt/mrdr/mc12/t1164_mrrde_15n008_0327_4.img,196450880,196450880,OK
/mnt/mrdr/mc12/t1164_mrrsu_15n008_0327_4.img,620371200,620371200,OK
/mnt/mrdr/mc12/t1165_mrral_15n013_0327_4.img,744916608,744916608,OK
/mnt/mrdr/mc12/t1165_mrrde_15n013_0327_4.img,196575216,196575216,OK
/mnt/mrdr/mc12/t1165_mrrsu_15n013_0327_4.img,620763840,620763840,OK
/mnt/mrdr/mc12/t1166_mrral_15n018_0327_4.img,744445440,744445440,OK
/mnt/mrdr/mc12/t1166_mrrde_15n018_0327_4.img,196450880,196450880,OK
/mnt/mrdr/mc12/t1166_mrrsu_15n018_0327_4.img,620371200,620371200,OK
/mnt/mrdr/mc12/t1167_mrral_15n023_0327_4.img,744916608,744916608,OK
/mnt/mrdr/mc12/t1167_mrrde_15n023_0327_4.img,196575216,196575216,OK
/mnt/mrdr/mc12/t1167_mrrsu_15n023_0327_4.img,620763840,620763840,OK
/mnt/mrdr/mc12/t1168_mrral_15n028_0327_4.img,744445440,744445440,OK
/mnt/mrdr/mc12/t1168_mrrde_15n028_0327_4.img,196450880,196450880,OK
/mnt/mrdr/mc12/t1168_mrrsu_15n028_0327_4.img,620371200,620371200,OK
/mnt/mrdr/mc12/t1169_mrral_15n033_0327_4.img,744916608,744916608,OK
/mnt/mrdr/mc12/t1169_mrrde_15n033_0327_4.img,196575216,196575216,OK
/mnt/mrdr/mc12/t1169_mrrsu_15n033_0327_4.img,620763840,620763840,OK
/mnt/mrdr/mc12/t1170_mrral_15n038_0327_4.img,744916608,744916608,OK
/mnt/mrdr/mc12/t1170_mrrde_15n038_0327_4.img,196575216,196575216,OK
/mnt/mrdr/mc12/t1170_mrrsu_15n038_0327_4.img,620763840,620763840,OK
/mnt/mrdr/mc12/t1171_mrral_15n043_0327_4.img,744445440,744445440,OK
/mnt/mrdr/mc12/t1171_mrrde_15n043_0327_4.img,196450880,196450880,OK
/mnt/mrdr/mc12/t1171_mrrsu_15n043_0327_4.img,620371200,620371200,OK
/mnt/mrdr/mc12/t1235_mrral_20n003_0327_4.img,724185216,724185216,OK
/mnt/mrdr/mc12/t1235_mrrde_20n003_0327_4.img,191104432,191104432,OK
/mnt/mrdr/mc12/t1235_mrrsu_20n003_0327_4.img,603487680,603487680,OK
/mnt/mrdr/mc12/t1236_mrral_20n008_0327_4.img,724185216,724185216,OK
/mnt/mrdr/mc12/t1236_mrrde_20n008_0327_4.img,191104432,191104432,OK
/mnt/mrdr/mc12/t1236_mrrsu_20n008_0327_4.img,603487680,603487680,OK
/mnt/mrdr/mc12/t1237_mrral_20n013_0327_4.img,724185216,724185216,OK
/mnt/mrdr/mc12/t1237_mrrde_20n013_0327_4.img,191104432,191104432,OK
/mnt/mrdr/mc12/t1237_mrrsu_20n013_0327_4.img,603487680,603487680,OK
/mnt/mrdr/mc12/t1238_mrral_20n018_0327_4.img,724656384,724656384,OK
/mnt/mrdr/mc12/t1238_mrrde_20n018_0327_4.img,191228768,191228768,OK
/mnt/mrdr/mc12/t1238_mrrsu_20n018_0327_4.img,603880320,603880320,OK
/mnt/mrdr/mc12/t1239_mrral_20n023_0327_4.img,724656384,724656384,OK
/mnt/mrdr/mc12/t1239_mrrde_20n023_0327_4.img,191228768,191228768,OK
/mnt/mrdr/mc12/t1239_mrrsu_20n023_0327_4.img,603880320,603880320,OK
/mnt/mrdr/mc12/t1240_mrral_20n028_0327_4.img,724656384,724656384,OK
/mnt/mrdr/mc12/t1240_mrrde_20n028_0327_4.img,191228768,191228768,OK
/mnt/mrdr/mc12/t1240_mrrsu_20n028_0327_4.img,603880320,603880320,OK
/mnt/mrdr/mc12/t1241_mrral_20n033_0327_4.img,724185216,724185216,OK
/mnt/mrdr/mc12/t1241_mrrde_20n033_0327_4.img,191104432,191104432,OK
/mnt/mrdr/mc12/t1241_mrrsu_20n033_0327_4.img,603487680,603487680,OK
/mnt/mrdr/mc12/t1242_mrral_20n038_0327_4.img,724185216,724185216,OK
/mnt/mrdr/mc12/t1242_mrrde_20n038_0327_4.img,191104432,191104432,OK
/mnt/mrdr/mc12/t1242_mrrsu_20n038_0327_4.img,603487680,603487680,OK
/mnt/mrdr/mc12/t1243_mrral_20n043_0327_4.img,724656384,724656384,OK
/mnt/mrdr/mc12/t1243_mrrde_20n043_0327_4.img,191228768,191228768,OK
/mnt/mrdr/mc12/t1243_mrrsu_20n043_0327_4.img,603880320,603880320,OK
/mnt/mrdr/mc12/t1307_mrral_25n003_0327_4.img,698742144,698742144,OK
/mnt/mrdr/mc12/t1307_mrrde_25n003_0327_4.img,184390288,184390288,OK
/mnt/mrdr/mc12/t1307_mrrsu_25n003_0327_4.img,582285120,582285120,OK
/mnt/mrdr/mc12/t1308_mrral_25n008_0327_4.img,698270976,698270976,OK
/mnt/mrdr/mc12/t1308_mrrde_25n008_0327_4.img,184265952,184265952,OK
/mnt/mrdr/mc12/t1308_mrrsu_25n008_0327_4.img,581892480,581892480,OK
/mnt/mrdr/mc12/t1309_mrral_25n013_0327_4.img,698742144,698742144,OK
/mnt/mrdr/mc12/t1309_mrrde_25n013_0327_4.img,184390288,184390288,OK
/mnt/mrdr/mc12/t1309_mrrsu_25n013_0327_4.img,582285120,582285120,OK
/mnt/mrdr/mc12/t1310_mrral_25n018_0327_4.img,698742144,698742144,OK
/mnt/mrdr/mc12/t1310_mrrde_25n018_0327_4.img,184390288,184390288,OK
/mnt/mrdr/mc12/t1310_mrrsu_25n018_0327_4.img,582285120,582285120,OK
/mnt/mrdr/mc12/t1311_mrral_25n023_0327_4.img,698742144,698742144,OK
/mnt/mrdr/mc12/t1311_mrrde_25n023_0327_4.img,184390288,184390288,OK
/mnt/mrdr/mc12/t1311_mrrsu_25n023_0327_4.img,582285120,582285120,OK
/mnt/mrdr/mc12/t1312_mrral_25n028_0327_4.img,698742144,698742144,OK
/mnt/mrdr/mc12/t1312_mrrde_25n028_0327_4.img,184390288,184390288,OK
/mnt/mrdr/mc12/t1312_mrrsu_25n028_0327_4.img,582285120,582285120,OK
/mnt/mrdr/mc12/t1313_mrral_25n033_0327_4.img,698742144,698742144,OK
/mnt/mrdr/mc12/t1313_mrrde_25n033_0327_4.img,184390288,184390288,OK
/mnt/mrdr/mc12/t1313_mrrsu_25n033_0327_4.img,582285120,582285120,OK
/mnt/mrdr/mc12/t1314_mrral_25n038_0327_4.img,698742144,698742144,OK
/mnt/mrdr/mc12/t1314_mrrde_25n038_0327_4.img,184390288,184390288,OK
/mnt/mrdr/mc12/t1314_mrrsu_25n038_0327_4.img,582285120,582285120,OK
/mnt/mrdr/mc12/t1315_mrral_25n043_0327_4.img,698742144,698742144,OK
/mnt/mrdr/mc12/t1315_mrrde_25n043_0327_4.img,184390288,184390288,OK
/mnt/mrdr/mc12/t1315_mrrsu_25n043_0327_4.img,582285120,582285120,OK
/mnt/mrdr/mc12/t1379_mrral_30n003_0327_4.img,667173888,667173888,OK
/mnt/mrdr/mc12/t1379_mrrde_30n003_0327_4.img,176059776,176059776,OK
/mnt/mrdr/mc12/t1379_mrrsu_30n003_0327_4.img,555978240,555978240,OK
/mnt/mrdr/mc12/t1380_mrral_30n008_0327_4.img,667645056,667645056,OK
/mnt/mrdr/mc12/t1380_mrrde_30n008_0327_4.img,176184112,176184112,OK
/mnt/mrdr/mc12/t1380_mrrsu_30n008_0327_4.img,556370880,556370880,OK
/mnt/mrdr/mc12/t1381_mrral_30n013_0327_4.img,667645056,667645056,OK
/mnt/mrdr/mc12/t1381_mrrde_30n013_0327_4.img,176184112,176184112,OK
/mnt/mrdr/mc12/t1381_mrrsu_30n013_0327_4.img,556370880,556370880,OK
/mnt/mrdr/mc12/t1382_mrral_30n018_0327_4.img,667645056,667645056,OK
/mnt/mrdr/mc12/t1382_mrrde_30n018_0327_4.img,176184112,176184112,OK
/mnt/mrdr/mc12/t1382_mrrsu_30n018_0327_4.img,556370880,556370880,OK
/mnt/mrdr/mc12/t1383_mrral_30n023_0327_4.img,667645056,667645056,OK
/mnt/mrdr/mc12/t1383_mrrde_30n023_0327_4.img,176184112,176184112,OK
/mnt/mrdr/mc12/t1383_mrrsu_30n023_0327_4.img,556370880,556370880,OK
/mnt/mrdr/mc12/t1384_mrral_30n028_0327_4.img,667645056,667645056,OK
/mnt/mrdr/mc12/t1384_mrrde_30n028_0327_4.img,176184112,176184112,OK
/mnt/mrdr/mc12/t1384_mrrsu_30n028_0327_4.img,556370880,556370880,OK
/mnt/mrdr/mc12/t1385_mrral_30n033_0327_4.img,667645056,667645056,OK
/mnt/mrdr/mc12/t1385_mrrde_30n033_0327_4.img,176184112,176184112,OK
/mnt/mrdr/mc12/t1385_mrrsu_30n033_0327_4.img,556370880,556370880,OK
/mnt/mrdr/mc12/t1386_mrral_30n038_0327_4.img,667645056,667645056,OK
/mnt/mrdr/mc12/t1386_mrrde_30n038_0327_4.img,176184112,176184112,OK
/mnt/mrdr/mc12/t1386_mrrsu_30n038_0327_4.img,556370880,556370880,OK
/mnt/mrdr/mc12/t1387_mrral_30n043_0327_4.img,667645056,667645056,OK
/mnt/mrdr/mc12/t1387_mrrde_30n043_0327_4.img,176184112,176184112,OK
/mnt/mrdr/mc12/t1387_mrrsu_30n043_0327_4.img,556370880,556370880,OK
/mnt/mrdr/mc13/t1028_mrral_05n048_0327_4.img,767532672,767532672,OK
/mnt/mrdr/mc13/t1028_mrrde_05n048_0327_4.img,202543344,202543344,OK
/mnt/mrdr/mc13/t1028_mrrsu_05n048_0327_4.img,639610560,639610560,OK
/mnt/mrdr/mc13/t1029_mrral_05n053_0327_4.img,768003840,768003840,OK
/mnt/mrdr/mc13/t1029_mrrde_05n053_0327_4.img,202667680,202667680,OK
/mnt/mrdr/mc13/t1029_mrrsu_05n053_0327_4.img,640003200,640003200,OK
/mnt/mrdr/mc13/t1030_mrral_05n058_0327_4.img,768003840,768003840,OK
/mnt/mrdr/mc13/t1030_mrrde_05n058_0327_4.img,202667680,202667680,OK
/mnt/mrdr/mc13/t1030_mrrsu_05n058_0327_4.img,640003200,640003200,OK
/mnt/mrdr/mc13/t1031_mrral_05n063_0327_4.img,768003840,768003840,OK
/mnt/mrdr/mc13/t1031_mrrde_05n063_0327_4.img,202667680,202667680,OK
/mnt/mrdr/mc13/t1031_mrrsu_05n063_0327_4.img,640003200,640003200,OK
/mnt/mrdr/mc13/t1032_mrral_05n068_0327_4.img,768003840,768003840,OK
/mnt/mrdr/mc13/t1032_mrrde_05n068_0327_4.img,202667680,202667680,OK
/mnt/mrdr/mc13/t1032_mrrsu_05n068_0327_4.img,640003200,640003200,OK
/mnt/mrdr/mc13/t1033_mrral_05n073_0327_4.img,768003840,768003840,OK
/mnt/mrdr/mc13/t1033_mrrde_05n073_0327_4.img,202667680,202667680,OK
/mnt/mrdr/mc13/t1033_mrrsu_05n073_0327_4.img,640003200,640003200,OK
/mnt/mrdr/mc13/t1034_mrral_05n078_0327_4.img,767532672,767532672,OK
/mnt/mrdr/mc13/t1034_mrrde_05n078_0327_4.img,202543344,202543344,OK
/mnt/mrdr/mc13/t1034_mrrsu_05n078_0327_4.img,639610560,639610560,OK
/mnt/mrdr/mc13/t1035_mrral_05n083_0327_4.img,768003840,768003840,OK
/mnt/mrdr/mc13/t1035_mrrde_05n083_0327_4.img,202667680,202667680,OK
/mnt/mrdr/mc13/t1035_mrrsu_05n083_0327_4.img,640003200,640003200,OK
/mnt/mrdr/mc13/t1036_mrral_05n088_0327_4.img,767532672,767532672,OK
/mnt/mrdr/mc13/t1036_mrrde_05n088_0327_4.img,202543344,202543344,OK
/mnt/mrdr/mc13/t1036_mrrsu_05n088_0327_4.img,639610560,639610560,OK
/mnt/mrdr/mc13/t1100_mrral_10n048_0327_4.img,759051648,759051648,OK
/mnt/mrdr/mc13/t1100_mrrde_10n048_0327_4.img,200305296,200305296,OK
/mnt/mrdr/mc13/t1100_mrrsu_10n048_0327_4.img,632543040,632543040,OK
/mnt/mrdr/mc13/t1101_mrral_10n053_0327_4.img,759051648,759051648,OK
/mnt/mrdr/mc13/t1101_mrrde_10n053_0327_4.img,200305296,200305296,OK
/mnt/mrdr/mc13/t1101_mrrsu_10n053_0327_4.img,632543040,632543040,OK
/mnt/mrdr/mc13/t1102_mrral_10n058_0327_4.img,759051648,759051648,OK
/mnt/mrdr/mc13/t1102_mrrde_10n058_0327_4.img,200305296,200305296,OK
/mnt/mrdr/mc13/t1102_mrrsu_10n058_0327_4.img,632543040,632543040,OK
/mnt/mrdr/mc13/t1103_mrral_10n063_0327_4.img,759051648,759051648,OK
/mnt/mrdr/mc13/t1103_mrrde_10n063_0327_4.img,200305296,200305296,OK
/mnt/mrdr/mc13/t1103_mrrsu_10n063_0327_4.img,632543040,632543040,OK
/mnt/mrdr/mc13/t1104_mrral_10n068_0327_4.img,759051648,759051648,OK
/mnt/mrdr/mc13/t1104_mrrde_10n068_0327_4.img,200305296,200305296,OK
/mnt/mrdr/mc13/t1104_mrrsu_10n068_0327_4.img,632543040,632543040,OK
/mnt/mrdr/mc13/t1105_mrral_10n073_0327_4.img,759051648,759051648,OK
/mnt/mrdr/mc13/t1105_mrrde_10n073_0327_4.img,200305296,200305296,OK
/mnt/mrdr/mc13/t1105_mrrsu_10n073_0327_4.img,632543040,632543040,OK
/mnt/mrdr/mc13/t1106_mrral_10n078_0327_4.img,759522816,759522816,OK
/mnt/mrdr/mc13/t1106_mrrde_10n078_0327_4.img,200429632,200429632,OK
/mnt/mrdr/mc13/t1106_mrrsu_10n078_0327_4.img,632935680,632935680,OK
/mnt/mrdr/mc13/t1107_mrral_10n083_0327_4.img,759051648,759051648,OK
/mnt/mrdr/mc13/t1107_mrrde_10n083_0327_4.img,200305296,200305296,OK
/mnt/mrdr/mc13/t1107_mrrsu_10n083_0327_4.img,632543040,632543040,OK
/mnt/mrdr/mc13/t1108_mrral_10n088_0327_4.img,759051648,759051648,OK
/mnt/mrdr/mc13/t1108_mrrde_10n088_0327_4.img,200305296,200305296,OK
/mnt/mrdr/mc13/t1108_mrrsu_10n088_0327_4.img,632543040,632543040,OK
/mnt/mrdr/mc13/t1172_mrral_15n048_0327_4.img,744916608,744916608,OK
/mnt/mrdr/mc13/t1172_mrrde_15n048_0327_4.img,196575216,196575216,OK
/mnt/mrdr/mc13/t1172_mrrsu_15n048_0327_4.img,620763840,620763840,OK
/mnt/mrdr/mc13/t1173_mrral_15n053_0327_4.img,744445440,744445440,OK
/mnt/mrdr/mc13/t1173_mrrde_15n053_0327_4.img,196450880,196450880,OK
/mnt/mrdr/mc13/t1173_mrrsu_15n053_0327_4.img,620371200,620371200,OK
/mnt/mrdr/mc13/t1174_mrral_15n058_0327_4.img,744445440,744445440,OK
/mnt/mrdr/mc13/t1174_mrrde_15n058_0327_4.img,196450880,196450880,OK
/mnt/mrdr/mc13/t1174_mrrsu_15n058_0327_4.img,620371200,620371200,OK
/mnt/mrdr/mc13/t1175_mrral_15n063_0327_4.img,744445440,744445440,OK
/mnt/mrdr/mc13/t1175_mrrde_15n063_0327_4.img,196450880,196450880,OK
/mnt/mrdr/mc13/t1175_mrrsu_15n063_0327_4.img,620371200,620371200,OK
/mnt/mrdr/mc13/t1176_mrral_15n068_0327_4.img,744916608,744916608,OK
/mnt/mrdr/mc13/t1176_mrrde_15n068_0327_4.img,196575216,196575216,OK
/mnt/mrdr/mc13/t1176_mrrsu_15n068_0327_4.img,620763840,620763840,OK
/mnt/mrdr/mc13/t1177_mrral_15n073_0327_4.img,744916608,744916608,OK
/mnt/mrdr/mc13/t1177_mrrde_15n073_0327_4.img,196575216,196575216,OK
/mnt/mrdr/mc13/t1177_mrrsu_15n073_0327_4.img,620763840,620763840,OK
/mnt/mrdr/mc13/t1178_mrral_15n078_0327_4.img,744445440,744445440,OK
/mnt/mrdr/mc13/t1178_mrrde_15n078_0327_4.img,196450880,196450880,OK
/mnt/mrdr/mc13/t1178_mrrsu_15n078_0327_4.img,620371200,620371200,OK
/mnt/mrdr/mc13/t1179_mrral_15n083_0327_4.img,744445440,744445440,OK
/mnt/mrdr/mc13/t1179_mrrde_15n083_0327_4.img,196450880,196450880,OK
/mnt/mrdr/mc13/t1179_mrrsu_15n083_0327_4.img,620371200,620371200,OK
/mnt/mrdr/mc13/t1180_mrral_15n088_0327_4.img,744445440,744445440,OK
/mnt/mrdr/mc13/t1180_mrrde_15n088_0327_4.img,196450880,196450880,OK
/mnt/mrdr/mc13/t1180_mrrsu_15n088_0327_4.img,620371200,620371200,OK
/mnt/mrdr/mc13/t1244_mrral_20n048_0327_4.img,724185216,724185216,OK
/mnt/mrdr/mc13/t1244_mrrde_20n048_0327_4.img,191104432,191104432,OK
/mnt/mrdr/mc13/t1244_mrrsu_20n048_0327_4.img,603487680,603487680,OK
/mnt/mrdr/mc13/t1245_mrral_20n053_0327_4.img,724656384,724656384,OK
/mnt/mrdr/mc13/t1245_mrrde_20n053_0327_4.img,191228768,191228768,OK
/mnt/mrdr/mc13/t1245_mrrsu_20n053_0327_4.img,603880320,603880320,OK
/mnt/mrdr/mc13/t1246_mrral_20n058_0327_4.img,724185216,724185216,OK
/mnt/mrdr/mc13/t1246_mrrde_20n058_0327_4.img,191104432,191104432,OK
/mnt/mrdr/mc13/t1246_mrrsu_20n058_0327_4.img,603487680,603487680,OK
/mnt/mrdr/mc13/t1247_mrral_20n063_0327_4.img,724656384,724656384,OK
/mnt/mrdr/mc13/t1247_mrrde_20n063_0327_4.img,191228768,191228768,OK
/mnt/mrdr/mc13/t1247_mrrsu_20n063_0327_4.img,603880320,603880320,OK
/mnt/mrdr/mc13/t1248_mrral_20n068_0327_4.img,724656384,724656384,OK
/mnt/mrdr/mc13/t1248_mrrde_20n068_0327_4.img,191228768,191228768,OK
/mnt/mrdr/mc13/t1248_mrrsu_20n068_0327_4.img,603880320,603880320,OK
/mnt/mrdr/mc13/t1249_mrral_20n073_0327_4.img,724185216,724185216,OK
/mnt/mrdr/mc13/t1249_mrrde_20n073_0327_4.img,191104432,191104432,OK
/mnt/mrdr/mc13/t1249_mrrsu_20n073_0327_4.img,603487680,603487680,OK
/mnt/mrdr/mc13/t1250_mrral_20n078_0327_4.img,724656384,724656384,OK
/mnt/mrdr/mc13/t1250_mrrde_20n078_0327_4.img,191228768,191228768,OK
/mnt/mrdr/mc13/t1250_mrrsu_20n078_0327_4.img,603880320,603880320,OK
/mnt/mrdr/mc13/t1251_mrral_20n083_0327_4.img,724185216,724185216,OK
/mnt/mrdr/mc13/t1251_mrrde_20n083_0327_4.img,191104432,191104432,OK
/mnt/mrdr/mc13/t1251_mrrsu_20n083_0327_4.img,603487680,603487680,OK
/mnt/mrdr/mc13/t1252_mrral_20n088_0327_4.img,724185216,724185216,OK
/mnt/mrdr/mc13/t1252_mrrde_20n088_0327_4.img,191104432,191104432,OK
/mnt/mrdr/mc13/t1252_mrrsu_20n088_0327_4.img,603487680,603487680,OK
/mnt/mrdr/mc13/t1316_mrral_25n048_0327_4.img,698742144,698742144,OK
/mnt/mrdr/mc13/t1316_mrrde_25n048_0327_4.img,184390288,184390288,OK
/mnt/mrdr/mc13/t1316_mrrsu_25n048_0327_4.img,582285120,582285120,OK
/mnt/mrdr/mc13/t1317_mrral_25n053_0327_4.img,698742144,698742144,OK
/mnt/mrdr/mc13/t1317_mrrde_25n053_0327_4.img,184390288,184390288,OK
/mnt/mrdr/mc13/t1317_mrrsu_25n053_0327_4.img,582285120,582285120,OK
/mnt/mrdr/mc13/t1318_mrral_25n058_0327_4.img,698270976,698270976,OK
/mnt/mrdr/mc13/t1318_mrrde_25n058_0327_4.img,184265952,184265952,OK
/mnt/mrdr/mc13/t1318_mrrsu_25n058_0327_4.img,581892480,581892480,OK
/mnt/mrdr/mc13/t1319_mrral_25n063_0327_4.img,698270976,698270976,OK
/mnt/mrdr/mc13/t1319_mrrde_25n063_0327_4.img,184265952,184265952,OK
/mnt/mrdr/mc13/t1319_mrrsu_25n063_0327_4.img,581892480,581892480,OK
/mnt/mrdr/mc13/t1320_mrral_25n068_0327_4.img,698742144,698742144,OK
/mnt/mrdr/mc13/t1320_mrrde_25n068_0327_4.img,184390288,184390288,OK
/mnt/mrdr/mc13/t1320_mrrsu_25n068_0327_4.img,582285120,582285120,OK
/mnt/mrdr/mc13/t1321_mrral_25n073_0327_4.img,698742144,698742144,OK
/mnt/mrdr/mc13/t1321_mrrde_25n073_0327_4.img,184390288,184390288,OK
/mnt/mrdr/mc13/t1321_mrrsu_25n073_0327_4.img,582285120,582285120,OK
/mnt/mrdr/mc13/t1322_mrral_25n078_0327_4.img,698742144,698742144,OK
/mnt/mrdr/mc13/t1322_mrrde_25n078_0327_4.img,184390288,184390288,OK
/mnt/mrdr/mc13/t1322_mrrsu_25n078_0327_4.img,582285120,582285120,OK
/mnt/mrdr/mc13/t1323_mrral_25n083_0327_4.img,698742144,698742144,OK
/mnt/mrdr/mc13/t1323_mrrde_25n083_0327_4.img,184390288,184390288,OK
/mnt/mrdr/mc13/t1323_mrrsu_25n083_0327_4.img,582285120,582285120,OK
/mnt/mrdr/mc13/t1324_mrral_25n088_0327_4.img,698742144,698742144,OK
/mnt/mrdr/mc13/t1324_mrrde_25n088_0327_4.img,184390288,184390288,OK
/mnt/mrdr/mc13/t1324_mrrsu_25n088_0327_4.img,582285120,582285120,OK
/mnt/mrdr/mc13/t1388_mrral_30n048_0327_4.img,667645056,667645056,OK
/mnt/mrdr/mc13/t1388_mrrde_30n048_0327_4.img,176184112,176184112,OK
/mnt/mrdr/mc13/t1388_mrrsu_30n048_0327_4.img,556370880,556370880,OK
/mnt/mrdr/mc13/t1389_mrral_30n053_0327_4.img,667645056,667645056,OK
/mnt/mrdr/mc13/t1389_mrrde_30n053_0327_4.img,176184112,176184112,OK
/mnt/mrdr/mc13/t1389_mrrsu_30n053_0327_4.img,556370880,556370880,OK
/mnt/mrdr/mc13/t1390_mrral_30n058_0327_4.img,667645056,667645056,OK
/mnt/mrdr/mc13/t1390_mrrde_30n058_0327_4.img,176184112,176184112,OK
/mnt/mrdr/mc13/t1390_mrrsu_30n058_0327_4.img,556370880,556370880,OK
/mnt/mrdr/mc13/t1391_mrral_30n063_0327_4.img,667645056,667645056,OK
/mnt/mrdr/mc13/t1391_mrrde_30n063_0327_4.img,176184112,176184112,OK
/mnt/mrdr/mc13/t1391_mrrsu_30n063_0327_4.img,556370880,556370880,OK
/mnt/mrdr/mc13/t1392_mrral_30n068_0327_4.img,667645056,667645056,OK
/mnt/mrdr/mc13/t1392_mrrde_30n068_0327_4.img,176184112,176184112,OK
/mnt/mrdr/mc13/t1392_mrrsu_30n068_0327_4.img,556370880,556370880,OK
/mnt/mrdr/mc13/t1393_mrral_30n073_0327_4.img,667645056,667645056,OK
/mnt/mrdr/mc13/t1393_mrrde_30n073_0327_4.img,176184112,176184112,OK
/mnt/mrdr/mc13/t1393_mrrsu_30n073_0327_4.img,556370880,556370880,OK
/mnt/mrdr/mc13/t1394_mrral_30n078_0327_4.img,667645056,667645056,OK
/mnt/mrdr/mc13/t1394_mrrde_30n078_0327_4.img,176184112,176184112,OK
/mnt/mrdr/mc13/t1394_mrrsu_30n078_0327_4.img,556370880,556370880,OK
/mnt/mrdr/mc13/t1395_mrral_30n083_0327_4.img,667645056,667645056,OK
/mnt/mrdr/mc13/t1395_mrrde_30n083_0327_4.img,176184112,176184112,OK
/mnt/mrdr/mc13/t1395_mrrsu_30n083_0327_4.img,556370880,556370880,OK
/mnt/mrdr/mc13/t1396_mrral_30n088_0327_4.img,667645056,667645056,OK
/mnt/mrdr/mc13/t1396_mrrde_30n088_0327_4.img,176184112,176184112,OK
/mnt/mrdr/mc13/t1396_mrrsu_30n088_0327_4.img,556370880,556370880,OK
/mnt/mrdr/mc14/t1037_mrral_05n093_0327_4.img,768003840,768003840,OK
/mnt/mrdr/mc14/t1037_mrrde_05n093_0327_4.img,202667680,202667680,OK
/mnt/mrdr/mc14/t1037_mrrsu_05n093_0327_4.img,640003200,640003200,OK
/mnt/mrdr/mc14/t1038_mrral_05n098_0327_4.img,768003840,768003840,OK
/mnt/mrdr/mc14/t1038_mrrde_05n098_0327_4.img,202667680,202667680,OK
/mnt/mrdr/mc14/t1038_mrrsu_05n098_0327_4.img,640003200,640003200,OK
/mnt/mrdr/mc14/t1039_mrral_05n103_0327_4.img,768003840,768003840,OK
/mnt/mrdr/mc14/t1039_mrrde_05n103_0327_4.img,202667680,202667680,OK
/mnt/mrdr/mc14/t1039_mrrsu_05n103_0327_4.img,640003200,640003200,OK
/mnt/mrdr/mc14/t1040_mrral_05n108_0327_4.img,767532672,767532672,OK
/mnt/mrdr/mc14/t1040_mrrde_05n108_0327_4.img,202543344,202543344,OK
/mnt/mrdr/mc14/t1040_mrrsu_05n108_0327_4.img,639610560,639610560,OK
/mnt/mrdr/mc14/t1041_mrral_05n113_0327_4.img,768003840,768003840,OK
/mnt/mrdr/mc14/t1041_mrrde_05n113_0327_4.img,202667680,202667680,OK
/mnt/mrdr/mc14/t1041_mrrsu_05n113_0327_4.img,640003200,640003200,OK
/mnt/mrdr/mc14/t1042_mrral_05n118_0327_4.img,768003840,768003840,OK
/mnt/mrdr/mc14/t1042_mrrde_05n118_0327_4.img,202667680,202667680,OK
/mnt/mrdr/mc14/t1042_mrrsu_05n118_0327_4.img,640003200,640003200,OK
/mnt/mrdr/mc14/t1043_mrral_05n123_0327_4.img,768003840,768003840,OK
/mnt/mrdr/mc14/t1043_mrrde_05n123_0327_4.img,202667680,202667680,OK
/mnt/mrdr/mc14/t1043_mrrsu_05n123_0327_4.img,640003200,640003200,OK
/mnt/mrdr/mc14/t1044_mrral_05n128_0327_4.img,768003840,768003840,OK
/mnt/mrdr/mc14/t1044_mrrde_05n128_0327_4.img,202667680,202667680,OK
/mnt/mrdr/mc14/t1044_mrrsu_05n128_0327_4.img,640003200,640003200,OK
/mnt/mrdr/mc14/t1045_mrral_05n133_0327_4.img,768003840,768003840,OK
/mnt/mrdr/mc14/t1045_mrrde_05n133_0327_4.img,202667680,202667680,OK
/mnt/mrdr/mc14/t1045_mrrsu_05n133_0327_4.img,640003200,640003200,OK
/mnt/mrdr/mc14/t1109_mrral_10n093_0327_4.img,759051648,759051648,OK
/mnt/mrdr/mc14/t1109_mrrde_10n093_0327_4.img,200305296,200305296,OK
/mnt/mrdr/mc14/t1109_mrrsu_10n093_0327_4.img,632543040,632543040,OK
/mnt/mrdr/mc14/t1110_mrral_10n098_0327_4.img,759051648,759051648,OK
/mnt/mrdr/mc14/t1110_mrrde_10n098_0327_4.img,200305296,200305296,OK
/mnt/mrdr/mc14/t1110_mrrsu_10n098_0327_4.img,632543040,632543040,OK
/mnt/mrdr/mc14/t1111_mrral_10n103_0327_4.img,759051648,759051648,OK
/mnt/mrdr/mc14/t1111_mrrde_10n103_0327_4.img,200305296,200305296,OK
/mnt/mrdr/mc14/t1111_mrrsu_10n103_0327_4.img,632543040,632543040,OK
/mnt/mrdr/mc14/t1112_mrral_10n108_0327_4.img,759522816,759522816,OK
/mnt/mrdr/mc14/t1112_mrrde_10n108_0327_4.img,200429632,200429632,OK
/mnt/mrdr/mc14/t1112_mrrsu_10n108_0327_4.img,632935680,632935680,OK
/mnt/mrdr/mc14/t1113_mrral_10n113_0327_4.img,759051648,759051648,OK
/mnt/mrdr/mc14/t1113_mrrde_10n113_0327_4.img,200305296,200305296,OK
/mnt/mrdr/mc14/t1113_mrrsu_10n113_0327_4.img,632543040,632543040,OK
/mnt/mrdr/mc14/t1114_mrral_10n118_0327_4.img,759051648,759051648,OK
/mnt/mrdr/mc14/t1114_mrrde_10n118_0327_4.img,200305296,200305296,OK
/mnt/mrdr/mc14/t1114_mrrsu_10n118_0327_4.img,632543040,632543040,OK
/mnt/mrdr/mc14/t1115_mrral_10n123_0327_4.img,759051648,759051648,OK
/mnt/mrdr/mc14/t1115_mrrde_10n123_0327_4.img,200305296,200305296,OK
/mnt/mrdr/mc14/t1115_mrrsu_10n123_0327_4.img,632543040,632543040,OK
/mnt/mrdr/mc14/t1116_mrral_10n128_0327_4.img,759051648,759051648,OK
/mnt/mrdr/mc14/t1116_mrrde_10n128_0327_4.img,200305296,200305296,OK
/mnt/mrdr/mc14/t1116_mrrsu_10n128_0327_4.img,632543040,632543040,OK
/mnt/mrdr/mc14/t1117_mrral_10n133_0327_4.img,759051648,759051648,OK
/mnt/mrdr/mc14/t1117_mrrde_10n133_0327_4.img,200305296,200305296,OK
/mnt/mrdr/mc14/t1117_mrrsu_10n133_0327_4.img,632543040,632543040,OK
/mnt/mrdr/mc14/t1181_mrral_15n093_0327_4.img,744445440,744445440,OK
/mnt/mrdr/mc14/t1181_mrrde_15n093_0327_4.img,196450880,196450880,OK
/mnt/mrdr/mc14/t1181_mrrsu_15n093_0327_4.img,620371200,620371200,OK
/mnt/mrdr/mc14/t1182_mrral_15n098_0327_4.img,744916608,744916608,OK
/mnt/mrdr/mc14/t1182_mrrde_15n098_0327_4.img,196575216,196575216,OK
/mnt/mrdr/mc14/t1182_mrrsu_15n098_0327_4.img,620763840,620763840,OK
/mnt/mrdr/mc14/t1183_mrral_15n103_0327_4.img,744916608,744916608,OK
/mnt/mrdr/mc14/t1183_mrrde_15n103_0327_4.img,196575216,196575216,OK
/mnt/mrdr/mc14/t1183_mrrsu_15n103_0327_4.img,620763840,620763840,OK
/mnt/mrdr/mc14/t1184_mrral_15n108_0327_4.img,744445440,744445440,OK
/mnt/mrdr/mc14/t1184_mrrde_15n108_0327_4.img,196450880,196450880,OK
/mnt/mrdr/mc14/t1184_mrrsu_15n108_0327_4.img,620371200,620371200,OK
/mnt/mrdr/mc14/t1185_mrral_15n113_0327_4.img,744445440,744445440,OK
/mnt/mrdr/mc14/t1185_mrrde_15n113_0327_4.img,196450880,196450880,OK
/mnt/mrdr/mc14/t1185_mrrsu_15n113_0327_4.img,620371200,620371200,OK
/mnt/mrdr/mc14/t1186_mrral_15n118_0327_4.img,744916608,744916608,OK
/mnt/mrdr/mc14/t1186_mrrde_15n118_0327_4.img,196575216,196575216,OK
/mnt/mrdr/mc14/t1186_mrrsu_15n118_0327_4.img,620763840,620763840,OK
/mnt/mrdr/mc14/t1187_mrral_15n123_0327_4.img,744445440,744445440,OK
/mnt/mrdr/mc14/t1187_mrrde_15n123_0327_4.img,196450880,196450880,OK
/mnt/mrdr/mc14/t1187_mrrsu_15n123_0327_4.img,620371200,620371200,OK
/mnt/mrdr/mc14/t1188_mrral_15n128_0327_4.img,744445440,744445440,OK
/mnt/mrdr/mc14/t1188_mrrde_15n128_0327_4.img,196450880,196450880,OK
/mnt/mrdr/mc14/t1188_mrrsu_15n128_0327_4.img,620371200,620371200,OK
/mnt/mrdr/mc14/t1189_mrral_15n133_0327_4.img,744445440,744445440,OK
/mnt/mrdr/mc14/t1189_mrrde_15n133_0327_4.img,196450880,196450880,OK
/mnt/mrdr/mc14/t1189_mrrsu_15n133_0327_4.img,620371200,620371200,OK
/mnt/mrdr/mc14/t1253_mrral_20n093_0327_4.img,724185216,724185216,OK
/mnt/mrdr/mc14/t1253_mrrde_20n093_0327_4.img,191104432,191104432,OK
/mnt/mrdr/mc14/t1253_mrrsu_20n093_0327_4.img,603487680,603487680,OK
/mnt/mrdr/mc14/t1254_mrral_20n098_0327_4.img,724185216,724185216,OK
/mnt/mrdr/mc14/t1254_mrrde_20n098_0327_4.img,191104432,191104432,OK
/mnt/mrdr/mc14/t1254_mrrsu_20n098_0327_4.img,603487680,603487680,OK
/mnt/mrdr/mc14/t1255_mrral_20n103_0327_4.img,724185216,724185216,OK
/mnt/mrdr/mc14/t1255_mrrde_20n103_0327_4.img,191104432,191104432,OK
/mnt/mrdr/mc14/t1255_mrrsu_20n103_0327_4.img,603487680,603487680,OK
/mnt/mrdr/mc14/t1256_mrral_20n108_0327_4.img,724185216,724185216,OK
/mnt/mrdr/mc14/t1256_mrrde_20n108_0327_4.img,191104432,191104432,OK
/mnt/mrdr/mc14/t1256_mrrsu_20n108_0327_4.img,603487680,603487680,OK
/mnt/mrdr/mc14/t1257_mrral_20n113_0327_4.img,724185216,724185216,OK
/mnt/mrdr/mc14/t1257_mrrde_20n113_0327_4.img,191104432,191104432,OK
/mnt/mrdr/mc14/t1257_mrrsu_20n113_0327_4.img,603487680,603487680,OK
/mnt/mrdr/mc14/t1258_mrral_20n118_0327_4.img,724656384,724656384,OK
/mnt/mrdr/mc14/t1258_mrrde_20n118_0327_4.img,191228768,191228768,OK
/mnt/mrdr/mc14/t1258_mrrsu_20n118_0327_4.img,603880320,603880320,OK
/mnt/mrdr/mc14/t1259_mrral_20n123_0327_4.img,724656384,724656384,OK
/mnt/mrdr/mc14/t1259_mrrde_20n123_0327_4.img,191228768,191228768,OK
/mnt/mrdr/mc14/t1259_mrrsu_20n123_0327_4.img,603880320,603880320,OK
/mnt/mrdr/mc14/t1260_mrral_20n128_0327_4.img,724185216,724185216,OK
/mnt/mrdr/mc14/t1260_mrrde_20n128_0327_4.img,191104432,191104432,OK
/mnt/mrdr/mc14/t1260_mrrsu_20n128_0327_4.img,603487680,603487680,OK
/mnt/mrdr/mc14/t1261_mrral_20n133_0327_4.img,724185216,724185216,OK
/mnt/mrdr/mc14/t1261_mrrde_20n133_0327_4.img,191104432,191104432,OK
/mnt/mrdr/mc14/t1261_mrrsu_20n133_0327_4.img,603487680,603487680,OK
/mnt/mrdr/mc14/t1325_mrral_25n093_0327_4.img,698270976,698270976,OK
/mnt/mrdr/mc14/t1325_mrrde_25n093_0327_4.img,184265952,184265952,OK
/mnt/mrdr/mc14/t1325_mrrsu_25n093_0327_4.img,581892480,581892480,OK
/mnt/mrdr/mc14/t1326_mrral_25n098_0327_4.img,698270976,698270976,OK
/mnt/mrdr/mc14/t1326_mrrde_25n098_0327_4.img,184265952,184265952,OK
/mnt/mrdr/mc14/t1326_mrrsu_25n098_0327_4.img,581892480,581892480,OK
/mnt/mrdr/mc14/t1327_mrral_25n103_0327_4.img,698742144,698742144,OK
/mnt/mrdr/mc14/t1327_mrrde_25n103_0327_4.img,184390288,184390288,OK
/mnt/mrdr/mc14/t1327_mrrsu_25n103_0327_4.img,582285120,582285120,OK
/mnt/mrdr/mc14/t1328_mrral_25n108_0327_4.img,698742144,698742144,OK
/mnt/mrdr/mc14/t1328_mrrde_25n108_0327_4.img,184390288,184390288,OK
/mnt/mrdr/mc14/t1328_mrrsu_25n108_0327_4.img,582285120,582285120,OK
/mnt/mrdr/mc14/t1329_mrral_25n113_0327_4.img,698270976,698270976,OK
/mnt/mrdr/mc14/t1329_mrrde_25n113_0327_4.img,184265952,184265952,OK
/mnt/mrdr/mc14/t1329_mrrsu_25n113_0327_4.img,581892480,581892480,OK
/mnt/mrdr/mc14/t1330_mrral_25n118_0327_4.img,698742144,698742144,OK
/mnt/mrdr/mc14/t1330_mrrde_25n118_0327_4.img,184390288,184390288,OK
/mnt/mrdr/mc14/t1330_mrrsu_25n118_0327_4.img,582285120,582285120,OK
/mnt/mrdr/mc14/t1331_mrral_25n123_0327_4.img,698270976,698270976,OK
/mnt/mrdr/mc14/t1331_mrrde_25n123_0327_4.img,184265952,184265952,OK
/mnt/mrdr/mc14/t1331_mrrsu_25n123_0327_4.img,581892480,581892480,OK
/mnt/mrdr/mc14/t1332_mrral_25n128_0327_4.img,698742144,698742144,OK
/mnt/mrdr/mc14/t1332_mrrde_25n128_0327_4.img,184390288,184390288,OK
/mnt/mrdr/mc14/t1332_mrrsu_25n128_0327_4.img,582285120,582285120,OK
/mnt/mrdr/mc14/t1333_mrral_25n133_0327_4.img,698270976,698270976,OK
/mnt/mrdr/mc14/t1333_mrrde_25n133_0327_4.img,184265952,184265952,OK
/mnt/mrdr/mc14/t1333_mrrsu_25n133_0327_4.img,581892480,581892480,OK
/mnt/mrdr/mc14/t1397_mrral_30n093_0327_4.img,667645056,667645056,OK
/mnt/mrdr/mc14/t1397_mrrde_30n093_0327_4.img,176184112,176184112,OK
/mnt/mrdr/mc14/t1397_mrrsu_30n093_0327_4.img,556370880,556370880,OK
/mnt/mrdr/mc14/t1398_mrral_30n098_0327_4.img,667645056,667645056,OK
/mnt/mrdr/mc14/t1398_mrrde_30n098_0327_4.img,176184112,176184112,OK
/mnt/mrdr/mc14/t1398_mrrsu_30n098_0327_4.img,556370880,556370880,OK
/mnt/mrdr/mc14/t1399_mrral_30n103_0327_4.img,667645056,667645056,OK
/mnt/mrdr/mc14/t1399_mrrde_30n103_0327_4.img,176184112,176184112,OK
/mnt/mrdr/mc14/t1399_mrrsu_30n103_0327_4.img,556370880,556370880,OK
/mnt/mrdr/mc14/t1400_mrral_30n108_0327_4.img,667645056,667645056,OK
/mnt/mrdr/mc14/t1400_mrrde_30n108_0327_4.img,176184112,176184112,OK
/mnt/mrdr/mc14/t1400_mrrsu_30n108_0327_4.img,556370880,556370880,OK
/mnt/mrdr/mc14/t1401_mrral_30n113_0327_4.img,667645056,667645056,OK
/mnt/mrdr/mc14/t1401_mrrde_30n113_0327_4.img,176184112,176184112,OK
/mnt/mrdr/mc14/t1401_mrrsu_30n113_0327_4.img,556370880,556370880,OK
/mnt/mrdr/mc14/t1402_mrral_30n118_0327_4.img,667645056,667645056,OK
/mnt/mrdr/mc14/t1402_mrrde_30n118_0327_4.img,176184112,176184112,OK
/mnt/mrdr/mc14/t1402_mrrsu_30n118_0327_4.img,556370880,556370880,OK
/mnt/mrdr/mc14/t1403_mrral_30n123_0327_4.img,667645056,667645056,OK
/mnt/mrdr/mc14/t1403_mrrde_30n123_0327_4.img,176184112,176184112,OK
/mnt/mrdr/mc14/t1403_mrrsu_30n123_0327_4.img,556370880,556370880,OK
/mnt/mrdr/mc14/t1404_mrral_30n128_0327_4.img,667645056,667645056,OK
/mnt/mrdr/mc14/t1404_mrrde_30n128_0327_4.img,176184112,176184112,OK
/mnt/mrdr/mc14/t1404_mrrsu_30n128_0327_4.img,556370880,556370880,OK
/mnt/mrdr/mc14/t1405_mrral_30n133_0327_4.img,667645056,667645056,OK
/mnt/mrdr/mc14/t1405_mrrde_30n133_0327_4.img,176184112,176184112,OK
/mnt/mrdr/mc14/t1405_mrrsu_30n133_0327_4.img,556370880,556370880,OK
/mnt/mrdr/mc15/t1046_mrral_05n138_0327_4.img,768003840,768003840,OK
/mnt/mrdr/mc15/t1046_mrrde_05n138_0327_4.img,202667680,202667680,OK
/mnt/mrdr/mc15/t1046_mrrsu_05n138_0327_4.img,640003200,640003200,OK
/mnt/mrdr/mc15/t1047_mrral_05n143_0327_4.img,768003840,768003840,OK
/mnt/mrdr/mc15/t1047_mrrde_05n143_0327_4.img,202667680,202667680,OK
/mnt/mrdr/mc15/t1047_mrrsu_05n143_0327_4.img,640003200,640003200,OK
/mnt/mrdr/mc15/t1048_mrral_05n148_0327_4.img,768003840,768003840,OK
/mnt/mrdr/mc15/t1048_mrrde_05n148_0327_4.img,202667680,202667680,OK
/mnt/mrdr/mc15/t1048_mrrsu_05n148_0327_4.img,640003200,640003200,OK
/mnt/mrdr/mc15/t1049_mrral_05n153_0327_4.img,768003840,768003840,OK
/mnt/mrdr/mc15/t1049_mrrde_05n153_0327_4.img,202667680,202667680,OK
/mnt/mrdr/mc15/t1049_mrrsu_05n153_0327_4.img,640003200,640003200,OK
/mnt/mrdr/mc15/t1050_mrral_05n158_0327_4.img,768003840,768003840,OK
/mnt/mrdr/mc15/t1050_mrrde_05n158_0327_4.img,202667680,202667680,OK
/mnt/mrdr/mc15/t1050_mrrsu_05n158_0327_4.img,640003200,640003200,OK
/mnt/mrdr/mc15/t1051_mrral_05n163_0327_4.img,768003840,768003840,OK
/mnt/mrdr/mc15/t1051_mrrde_05n163_0327_4.img,202667680,202667680,OK
/mnt/mrdr/mc15/t1051_mrrsu_05n163_0327_4.img,640003200,640003200,OK
/mnt/mrdr/mc15/t1052_mrral_05n168_0327_4.img,768003840,768003840,OK
/mnt/mrdr/mc15/t1052_mrrde_05n168_0327_4.img,202667680,202667680,OK
/mnt/mrdr/mc15/t1052_mrrsu_05n168_0327_4.img,640003200,640003200,OK
/mnt/mrdr/mc15/t1053_mrral_05n173_0327_4.img,768003840,768003840,OK
/mnt/mrdr/mc15/t1053_mrrde_05n173_0327_4.img,202667680,202667680,OK
/mnt/mrdr/mc15/t1053_mrrsu_05n173_0327_4.img,640003200,640003200,OK
/mnt/mrdr/mc15/t1054_mrral_05n178_0327_4.img,768003840,768003840,OK
/mnt/mrdr/mc15/t1054_mrrde_05n178_0327_4.img,202667680,202667680,OK
/mnt/mrdr/mc15/t1054_mrrsu_05n178_0327_4.img,640003200,640003200,OK
/mnt/mrdr/mc15/t1118_mrral_10n138_0327_4.img,759051648,759051648,OK
/mnt/mrdr/mc15/t1118_mrrde_10n138_0327_4.img,200305296,200305296,OK
/mnt/mrdr/mc15/t1118_mrrsu_10n138_0327_4.img,632543040,632543040,OK
/mnt/mrdr/mc15/t1119_mrral_10n143_0327_4.img,759051648,759051648,OK
/mnt/mrdr/mc15/t1119_mrrde_10n143_0327_4.img,200305296,200305296,OK
/mnt/mrdr/mc15/t1119_mrrsu_10n143_0327_4.img,632543040,632543040,OK
/mnt/mrdr/mc15/t1120_mrral_10n148_0327_4.img,759051648,759051648,OK
/mnt/mrdr/mc15/t1120_mrrde_10n148_0327_4.img,200305296,200305296,OK
/mnt/mrdr/mc15/t1120_mrrsu_10n148_0327_4.img,632543040,632543040,OK
/mnt/mrdr/mc15/t1121_mrral_10n153_0327_4.img,759051648,759051648,OK
/mnt/mrdr/mc15/t1121_mrrde_10n153_0327_4.img,200305296,200305296,OK
/mnt/mrdr/mc15/t1121_mrrsu_10n153_0327_4.img,632543040,632543040,OK
/mnt/mrdr/mc15/t1122_mrral_10n158_0327_4.img,759051648,759051648,OK
/mnt/mrdr/mc15/t1122_mrrde_10n158_0327_4.img,200305296,200305296,OK
/mnt/mrdr/mc15/t1122_mrrsu_10n158_0327_4.img,632543040,632543040,OK
/mnt/mrdr/mc15/t1123_mrral_10n163_0327_4.img,759051648,759051648,OK
/mnt/mrdr/mc15/t1123_mrrde_10n163_0327_4.img,200305296,200305296,OK
/mnt/mrdr/mc15/t1123_mrrsu_10n163_0327_4.img,632543040,632543040,OK
/mnt/mrdr/mc15/t1124_mrral_10n168_0327_4.img,759051648,759051648,OK
/mnt/mrdr/mc15/t1124_mrrde_10n168_0327_4.img,200305296,200305296,OK
/mnt/mrdr/mc15/t1124_mrrsu_10n168_0327_4.img,632543040,632543040,OK
/mnt/mrdr/mc15/t1125_mrral_10n173_0327_4.img,759051648,759051648,OK
/mnt/mrdr/mc15/t1125_mrrde_10n173_0327_4.img,200305296,200305296,OK
/mnt/mrdr/mc15/t1125_mrrsu_10n173_0327_4.img,632543040,632543040,OK
/mnt/mrdr/mc15/t1126_mrral_10n178_0327_4.img,759051648,759051648,OK
/mnt/mrdr/mc15/t1126_mrrde_10n178_0327_4.img,200305296,200305296,OK
/mnt/mrdr/mc15/t1126_mrrsu_10n178_0327_4.img,632543040,632543040,OK
/mnt/mrdr/mc15/t1190_mrral_15n138_0327_4.img,744445440,744445440,OK
/mnt/mrdr/mc15/t1190_mrrde_15n138_0327_4.img,196450880,196450880,OK
/mnt/mrdr/mc15/t1190_mrrsu_15n138_0327_4.img,620371200,620371200,OK
/mnt/mrdr/mc15/t1191_mrral_15n143_0327_4.img,744445440,744445440,OK
/mnt/mrdr/mc15/t1191_mrrde_15n143_0327_4.img,196450880,196450880,OK
/mnt/mrdr/mc15/t1191_mrrsu_15n143_0327_4.img,620371200,620371200,OK
/mnt/mrdr/mc15/t1192_mrral_15n148_0327_4.img,744445440,744445440,OK
/mnt/mrdr/mc15/t1192_mrrde_15n148_0327_4.img,196450880,196450880,OK
/mnt/mrdr/mc15/t1192_mrrsu_15n148_0327_4.img,620371200,620371200,OK
/mnt/mrdr/mc15/t1193_mrral_15n153_0327_4.img,744916608,744916608,OK
/mnt/mrdr/mc15/t1193_mrrde_15n153_0327_4.img,196575216,196575216,OK
/mnt/mrdr/mc15/t1193_mrrsu_15n153_0327_4.img,620763840,620763840,OK
/mnt/mrdr/mc15/t1194_mrral_15n158_0327_4.img,744445440,744445440,OK
/mnt/mrdr/mc15/t1194_mrrde_15n158_0327_4.img,196450880,196450880,OK
/mnt/mrdr/mc15/t1194_mrrsu_15n158_0327_4.img,620371200,620371200,OK
/mnt/mrdr/mc15/t1195_mrral_15n163_0327_4.img,744445440,744445440,OK
/mnt/mrdr/mc15/t1195_mrrde_15n163_0327_4.img,196450880,196450880,OK
/mnt/mrdr/mc15/t1195_mrrsu_15n163_0327_4.img,620371200,620371200,OK
/mnt/mrdr/mc15/t1196_mrral_15n168_0327_4.img,744445440,744445440,OK
/mnt/mrdr/mc15/t1196_mrrde_15n168_0327_4.img,196450880,196450880,OK
/mnt/mrdr/mc15/t1196_mrrsu_15n168_0327_4.img,620371200,620371200,OK
/mnt/mrdr/mc15/t1197_mrral_15n173_0327_4.img,744445440,744445440,OK
/mnt/mrdr/mc15/t1197_mrrde_15n173_0327_4.img,196450880,196450880,OK
/mnt/mrdr/mc15/t1197_mrrsu_15n173_0327_4.img,620371200,620371200,OK
/mnt/mrdr/mc15/t1198_mrral_15n178_0327_4.img,744445440,744445440,OK
/mnt/mrdr/mc15/t1198_mrrde_15n178_0327_4.img,196450880,196450880,OK
/mnt/mrdr/mc15/t1198_mrrsu_15n178_0327_4.img,620371200,620371200,OK
/mnt/mrdr/mc15/t1262_mrral_20n138_0327_4.img,724185216,724185216,OK
/mnt/mrdr/mc15/t1262_mrrde_20n138_0327_4.img,191104432,191104432,OK
/mnt/mrdr/mc15/t1262_mrrsu_20n138_0327_4.img,603487680,603487680,OK
/mnt/mrdr/mc15/t1263_mrral_20n143_0327_4.img,724185216,724185216,OK
/mnt/mrdr/mc15/t1263_mrrde_20n143_0327_4.img,191104432,191104432,OK
/mnt/mrdr/mc15/t1263_mrrsu_20n143_0327_4.img,603487680,603487680,OK
/mnt/mrdr/mc15/t1264_mrral_20n148_0327_4.img,724185216,724185216,OK
/mnt/mrdr/mc15/t1264_mrrde_20n148_0327_4.img,191104432,191104432,OK
/mnt/mrdr/mc15/t1264_mrrsu_20n148_0327_4.img,603487680,603487680,OK
/mnt/mrdr/mc15/t1265_mrral_20n153_0327_4.img,724656384,724656384,OK
/mnt/mrdr/mc15/t1265_mrrde_20n153_0327_4.img,191228768,191228768,OK
/mnt/mrdr/mc15/t1265_mrrsu_20n153_0327_4.img,603880320,603880320,OK
/mnt/mrdr/mc15/t1266_mrral_20n158_0327_4.img,724185216,724185216,OK
/mnt/mrdr/mc15/t1266_mrrde_20n158_0327_4.img,191104432,191104432,OK
/mnt/mrdr/mc15/t1266_mrrsu_20n158_0327_4.img,603487680,603487680,OK
/mnt/mrdr/mc15/t1267_mrral_20n163_0327_4.img,724185216,724185216,OK
/mnt/mrdr/mc15/t1267_mrrde_20n163_0327_4.img,191104432,191104432,OK
/mnt/mrdr/mc15/t1267_mrrsu_20n163_0327_4.img,603487680,603487680,OK
/mnt/mrdr/mc15/t1268_mrral_20n168_0327_4.img,724656384,724656384,OK
/mnt/mrdr/mc15/t1268_mrrde_20n168_0327_4.img,191228768,191228768,OK
/mnt/mrdr/mc15/t1268_mrrsu_20n168_0327_4.img,603880320,603880320,OK
/mnt/mrdr/mc15/t1269_mrral_20n173_0327_4.img,724656384,724656384,OK
/mnt/mrdr/mc15/t1269_mrrde_20n173_0327_4.img,191228768,191228768,OK
/mnt/mrdr/mc15/t1269_mrrsu_20n173_0327_4.img,603880320,603880320,OK
/mnt/mrdr/mc15/t1270_mrral_20n178_0327_4.img,724185216,724185216,OK
/mnt/mrdr/mc15/t1270_mrrde_20n178_0327_4.img,191104432,191104432,OK
/mnt/mrdr/mc15/t1270_mrrsu_20n178_0327_4.img,603487680,603487680,OK
/mnt/mrdr/mc15/t1334_mrral_25n138_0327_4.img,698742144,698742144,OK
/mnt/mrdr/mc15/t1334_mrrde_25n138_0327_4.img,184390288,184390288,OK
/mnt/mrdr/mc15/t1334_mrrsu_25n138_0327_4.img,582285120,582285120,OK
/mnt/mrdr/mc15/t1335_mrral_25n143_0327_4.img,698742144,698742144,OK
/mnt/mrdr/mc15/t1335_mrrde_25n143_0327_4.img,184390288,184390288,OK
/mnt/mrdr/mc15/t1335_mrrsu_25n143_0327_4.img,582285120,582285120,OK
/mnt/mrdr/mc15/t1336_mrral_25n148_0327_4.img,698742144,698742144,OK
/mnt/mrdr/mc15/t1336_mrrde_25n148_0327_4.img,184390288,184390288,OK
/mnt/mrdr/mc15/t1336_mrrsu_25n148_0327_4.img,582285120,582285120,OK
/mnt/mrdr/mc15/t1337_mrral_25n153_0327_4.img,698742144,698742144,OK
/mnt/mrdr/mc15/t1337_mrrde_25n153_0327_4.img,184390288,184390288,OK
/mnt/mrdr/mc15/t1337_mrrsu_25n153_0327_4.img,582285120,582285120,OK
/mnt/mrdr/mc15/t1338_mrral_25n158_0327_4.img,698742144,698742144,OK
/mnt/mrdr/mc15/t1338_mrrde_25n158_0327_4.img,184390288,184390288,OK
/mnt/mrdr/mc15/t1338_mrrsu_25n158_0327_4.img,582285120,582285120,OK
/mnt/mrdr/mc15/t1339_mrral_25n163_0327_4.img,698270976,698270976,OK
/mnt/mrdr/mc15/t1339_mrrde_25n163_0327_4.img,184265952,184265952,OK
/mnt/mrdr/mc15/t1339_mrrsu_25n163_0327_4.img,581892480,581892480,OK
/mnt/mrdr/mc15/t1340_mrral_25n168_0327_4.img,698742144,698742144,OK
/mnt/mrdr/mc15/t1340_mrrde_25n168_0327_4.img,184390288,184390288,OK
/mnt/mrdr/mc15/t1340_mrrsu_25n168_0327_4.img,582285120,582285120,OK
/mnt/mrdr/mc15/t1341_mrral_25n173_0327_4.img,698742144,698742144,OK
/mnt/mrdr/mc15/t1341_mrrde_25n173_0327_4.img,184390288,184390288,OK
/mnt/mrdr/mc15/t1341_mrrsu_25n173_0327_4.img,582285120,582285120,OK
/mnt/mrdr/mc15/t1342_mrral_25n178_0327_4.img,698742144,698742144,OK
/mnt/mrdr/mc15/t1342_mrrde_25n178_0327_4.img,184390288,184390288,OK
/mnt/mrdr/mc15/t1342_mrrsu_25n178_0327_4.img,582285120,582285120,OK
/mnt/mrdr/mc15/t1406_mrral_30n138_0327_4.img,667645056,667645056,OK
/mnt/mrdr/mc15/t1406_mrrde_30n138_0327_4.img,176184112,176184112,OK
/mnt/mrdr/mc15/t1406_mrrsu_30n138_0327_4.img,556370880,556370880,OK
/mnt/mrdr/mc15/t1407_mrral_30n143_0327_4.img,667645056,667645056,OK
/mnt/mrdr/mc15/t1407_mrrde_30n143_0327_4.img,176184112,176184112,OK
/mnt/mrdr/mc15/t1407_mrrsu_30n143_0327_4.img,556370880,556370880,OK
/mnt/mrdr/mc15/t1408_mrral_30n148_0327_4.img,667645056,667645056,OK
/mnt/mrdr/mc15/t1408_mrrde_30n148_0327_4.img,176184112,176184112,OK
/mnt/mrdr/mc15/t1408_mrrsu_30n148_0327_4.img,556370880,556370880,OK
/mnt/mrdr/mc15/t1409_mrral_30n153_0327_4.img,667645056,667645056,OK
/mnt/mrdr/mc15/t1409_mrrde_30n153_0327_4.img,176184112,176184112,OK
/mnt/mrdr/mc15/t1409_mrrsu_30n153_0327_4.img,556370880,556370880,OK
/mnt/mrdr/mc15/t1410_mrral_30n158_0327_4.img,667645056,667645056,OK
/mnt/mrdr/mc15/t1410_mrrde_30n158_0327_4.img,176184112,176184112,OK
/mnt/mrdr/mc15/t1410_mrrsu_30n158_0327_4.img,556370880,556370880,OK
/mnt/mrdr/mc15/t1411_mrral_30n163_0327_4.img,667645056,667645056,OK
/mnt/mrdr/mc15/t1411_mrrde_30n163_0327_4.img,176184112,176184112,OK
/mnt/mrdr/mc15/t1411_mrrsu_30n163_0327_4.img,556370880,556370880,OK
/mnt/mrdr/mc15/t1412_mrral_30n168_0327_4.img,667645056,667645056,OK
/mnt/mrdr/mc15/t1412_mrrde_30n168_0327_4.img,176184112,176184112,OK
/mnt/mrdr/mc15/t1412_mrrsu_30n168_0327_4.img,556370880,556370880,OK
/mnt/mrdr/mc15/t1413_mrral_30n173_0327_4.img,667173888,667173888,OK
/mnt/mrdr/mc15/t1413_mrrde_30n173_0327_4.img,176059776,176059776,OK
/mnt/mrdr/mc15/t1413_mrrsu_30n173_0327_4.img,555978240,555978240,OK
/mnt/mrdr/mc15/t1414_mrral_30n178_0327_4.img,667645056,667645056,OK
/mnt/mrdr/mc15/t1414_mrrde_30n178_0327_4.img,176184112,176184112,OK
/mnt/mrdr/mc15/t1414_mrrsu_30n178_0327_4.img,556370880,556370880,OK
/mnt/mrdr/mc16/t0623_mrral_25s183_0327_4.img,698742144,698742144,OK
/mnt/mrdr/mc16/t0623_mrrde_25s183_0327_4.img,184390288,184390288,OK
/mnt/mrdr/mc16/t0623_mrrsu_25s183_0327_4.img,582285120,582285120,OK
/mnt/mrdr/mc16/t0624_mrral_25s188_0327_4.img,698742144,698742144,OK
/mnt/mrdr/mc16/t0624_mrrde_25s188_0327_4.img,184390288,184390288,OK
/mnt/mrdr/mc16/t0624_mrrsu_25s188_0327_4.img,582285120,582285120,OK
/mnt/mrdr/mc16/t0625_mrral_25s193_0327_4.img,698270976,698270976,OK
/mnt/mrdr/mc16/t0625_mrrde_25s193_0327_4.img,184265952,184265952,OK
/mnt/mrdr/mc16/t0625_mrrsu_25s193_0327_4.img,581892480,581892480,OK
/mnt/mrdr/mc16/t0626_mrral_25s198_0327_4.img,698742144,698742144,OK
/mnt/mrdr/mc16/t0626_mrrde_25s198_0327_4.img,184390288,184390288,OK
/mnt/mrdr/mc16/t0626_mrrsu_25s198_0327_4.img,582285120,582285120,OK
/mnt/mrdr/mc16/t0627_mrral_25s203_0327_4.img,698742144,698742144,OK
/mnt/mrdr/mc16/t0627_mrrde_25s203_0327_4.img,184390288,184390288,OK
/mnt/mrdr/mc16/t0627_mrrsu_25s203_0327_4.img,582285120,582285120,OK
/mnt/mrdr/mc16/t0628_mrral_25s208_0327_4.img,698270976,698270976,OK
/mnt/mrdr/mc16/t0628_mrrde_25s208_0327_4.img,184265952,184265952,OK
/mnt/mrdr/mc16/t0628_mrrsu_25s208_0327_4.img,581892480,581892480,OK
/mnt/mrdr/mc16/t0629_mrral_25s213_0327_4.img,698742144,698742144,OK
/mnt/mrdr/mc16/t0629_mrrde_25s213_0327_4.img,184390288,184390288,OK
/mnt/mrdr/mc16/t0629_mrrsu_25s213_0327_4.img,582285120,582285120,OK
/mnt/mrdr/mc16/t0630_mrral_25s218_0327_4.img,698742144,698742144,OK
/mnt/mrdr/mc16/t0630_mrrde_25s218_0327_4.img,184390288,184390288,OK
/mnt/mrdr/mc16/t0630_mrrsu_25s218_0327_4.img,582285120,582285120,OK
/mnt/mrdr/mc16/t0631_mrral_25s223_0327_4.img,698270976,698270976,OK
/mnt/mrdr/mc16/t0631_mrrde_25s223_0327_4.img,184265952,184265952,OK
/mnt/mrdr/mc16/t0631_mrrsu_25s223_0327_4.img,581892480,581892480,OK
/mnt/mrdr/mc16/t0695_mrral_20s183_0327_4.img,724185216,724185216,OK
/mnt/mrdr/mc16/t0695_mrrde_20s183_0327_4.img,191104432,191104432,OK
/mnt/mrdr/mc16/t0695_mrrsu_20s183_0327_4.img,603487680,603487680,OK
/mnt/mrdr/mc16/t0696_mrral_20s188_0327_4.img,724656384,724656384,OK
/mnt/mrdr/mc16/t0696_mrrde_20s188_0327_4.img,191228768,191228768,OK
/mnt/mrdr/mc16/t0696_mrrsu_20s188_0327_4.img,603880320,603880320,OK
/mnt/mrdr/mc16/t0697_mrral_20s193_0327_4.img,724656384,724656384,OK
/mnt/mrdr/mc16/t0697_mrrde_20s193_0327_4.img,191228768,191228768,OK
/mnt/mrdr/mc16/t0697_mrrsu_20s193_0327_4.img,603880320,603880320,OK
/mnt/mrdr/mc16/t0698_mrral_20s198_0327_4.img,724656384,724656384,OK
/mnt/mrdr/mc16/t0698_mrrde_20s198_0327_4.img,191228768,191228768,OK
/mnt/mrdr/mc16/t0698_mrrsu_20s198_0327_4.img,603880320,603880320,OK
/mnt/mrdr/mc16/t0699_mrral_20s203_0327_4.img,724656384,724656384,OK
/mnt/mrdr/mc16/t0699_mrrde_20s203_0327_4.img,191228768,191228768,OK
/mnt/mrdr/mc16/t0699_mrrsu_20s203_0327_4.img,603880320,603880320,OK
/mnt/mrdr/mc16/t0700_mrral_20s208_0327_4.img,724656384,724656384,OK
/mnt/mrdr/mc16/t0700_mrrde_20s208_0327_4.img,191228768,191228768,OK
/mnt/mrdr/mc16/t0700_mrrsu_20s208_0327_4.img,603880320,603880320,OK
/mnt/mrdr/mc16/t0701_mrral_20s213_0327_4.img,724656384,724656384,OK
/mnt/mrdr/mc16/t0701_mrrde_20s213_0327_4.img,191228768,191228768,OK
/mnt/mrdr/mc16/t0701_mrrsu_20s213_0327_4.img,603880320,603880320,OK
/mnt/mrdr/mc16/t0702_mrral_20s218_0327_4.img,724656384,724656384,OK
/mnt/mrdr/mc16/t0702_mrrde_20s218_0327_4.img,191228768,191228768,OK
/mnt/mrdr/mc16/t0702_mrrsu_20s218_0327_4.img,603880320,603880320,OK
/mnt/mrdr/mc16/t0703_mrral_20s223_0327_4.img,724656384,724656384,OK
/mnt/mrdr/mc16/t0703_mrrde_20s223_0327_4.img,191228768,191228768,OK
/mnt/mrdr/mc16/t0703_mrrsu_20s223_0327_4.img,603880320,603880320,OK
/mnt/mrdr/mc16/t0767_mrral_15s183_0327_4.img,744445440,744445440,OK
/mnt/mrdr/mc16/t0767_mrrde_15s183_0327_4.img,196450880,196450880,OK
/mnt/mrdr/mc16/t0767_mrrsu_15s183_0327_4.img,620371200,620371200,OK
/mnt/mrdr/mc16/t0768_mrral_15s188_0327_4.img,744445440,744445440,OK
/mnt/mrdr/mc16/t0768_mrrde_15s188_0327_4.img,196450880,196450880,OK
/mnt/mrdr/mc16/t0768_mrrsu_15s188_0327_4.img,620371200,620371200,OK
/mnt/mrdr/mc16/t0769_mrral_15s193_0327_4.img,744916608,744916608,OK
/mnt/mrdr/mc16/t0769_mrrde_15s193_0327_4.img,196575216,196575216,OK
/mnt/mrdr/mc16/t0769_mrrsu_15s193_0327_4.img,620763840,620763840,OK
/mnt/mrdr/mc16/t0770_mrral_15s198_0327_4.img,744445440,744445440,OK
/mnt/mrdr/mc16/t0770_mrrde_15s198_0327_4.img,196450880,196450880,OK
/mnt/mrdr/mc16/t0770_mrrsu_15s198_0327_4.img,620371200,620371200,OK
/mnt/mrdr/mc16/t0771_mrral_15s203_0327_4.img,744445440,744445440,OK
/mnt/mrdr/mc16/t0771_mrrde_15s203_0327_4.img,196450880,196450880,OK
/mnt/mrdr/mc16/t0771_mrrsu_15s203_0327_4.img,620371200,620371200,OK
/mnt/mrdr/mc16/t0772_mrral_15s208_0327_4.img,744445440,744445440,OK
/mnt/mrdr/mc16/t0772_mrrde_15s208_0327_4.img,196450880,196450880,OK
/mnt/mrdr/mc16/t0772_mrrsu_15s208_0327_4.img,620371200,620371200,OK
/mnt/mrdr/mc16/t0773_mrral_15s213_0327_4.img,744445440,744445440,OK
/mnt/mrdr/mc16/t0773_mrrde_15s213_0327_4.img,196450880,196450880,OK
/mnt/mrdr/mc16/t0773_mrrsu_15s213_0327_4.img,620371200,620371200,OK
/mnt/mrdr/mc16/t0774_mrral_15s218_0327_4.img,744445440,744445440,OK
/mnt/mrdr/mc16/t0774_mrrde_15s218_0327_4.img,196450880,196450880,OK
/mnt/mrdr/mc16/t0774_mrrsu_15s218_0327_4.img,620371200,620371200,OK
/mnt/mrdr/mc16/t0775_mrral_15s223_0327_4.img,744916608,744916608,OK
/mnt/mrdr/mc16/t0775_mrrde_15s223_0327_4.img,196575216,196575216,OK
/mnt/mrdr/mc16/t0775_mrrsu_15s223_0327_4.img,620763840,620763840,OK
/mnt/mrdr/mc16/t0839_mrral_10s183_0327_4.img,759051648,759051648,OK
/mnt/mrdr/mc16/t0839_mrrde_10s183_0327_4.img,200305296,200305296,OK
/mnt/mrdr/mc16/t0839_mrrsu_10s183_0327_4.img,632543040,632543040,OK
/mnt/mrdr/mc16/t0840_mrral_10s188_0327_4.img,759051648,759051648,OK
/mnt/mrdr/mc16/t0840_mrrde_10s188_0327_4.img,200305296,200305296,OK
/mnt/mrdr/mc16/t0840_mrrsu_10s188_0327_4.img,632543040,632543040,OK
/mnt/mrdr/mc16/t0841_mrral_10s193_0327_4.img,759051648,759051648,OK
/mnt/mrdr/mc16/t0841_mrrde_10s193_0327_4.img,200305296,200305296,OK
/mnt/mrdr/mc16/t0841_mrrsu_10s193_0327_4.img,632543040,632543040,OK
/mnt/mrdr/mc16/t0842_mrral_10s198_0327_4.img,759051648,759051648,OK
/mnt/mrdr/mc16/t0842_mrrde_10s198_0327_4.img,200305296,200305296,OK
/mnt/mrdr/mc16/t0842_mrrsu_10s198_0327_4.img,632543040,632543040,OK
/mnt/mrdr/mc16/t0843_mrral_10s203_0327_4.img,759051648,759051648,OK
/mnt/mrdr/mc16/t0843_mrrde_10s203_0327_4.img,200305296,200305296,OK
/mnt/mrdr/mc16/t0843_mrrsu_10s203_0327_4.img,632543040,632543040,OK
/mnt/mrdr/mc16/t0844_mrral_10s208_0327_4.img,759051648,759051648,OK
/mnt/mrdr/mc16/t0844_mrrde_10s208_0327_4.img,200305296,200305296,OK
/mnt/mrdr/mc16/t0844_mrrsu_10s208_0327_4.img,632543040,632543040,OK
/mnt/mrdr/mc16/t0845_mrral_10s213_0327_4.img,759051648,759051648,OK
/mnt/mrdr/mc16/t0845_mrrde_10s213_0327_4.img,200305296,200305296,OK
/mnt/mrdr/mc16/t0845_mrrsu_10s213_0327_4.img,632543040,632543040,OK
/mnt/mrdr/mc16/t0846_mrral_10s218_0327_4.img,759051648,759051648,OK
/mnt/mrdr/mc16/t0846_mrrde_10s218_0327_4.img,200305296,200305296,OK
/mnt/mrdr/mc16/t0846_mrrsu_10s218_0327_4.img,632543040,632543040,OK
/mnt/mrdr/mc16/t0847_mrral_10s223_0327_4.img,759051648,759051648,OK
/mnt/mrdr/mc16/t0847_mrrde_10s223_0327_4.img,200305296,200305296,OK
/mnt/mrdr/mc16/t0847_mrrsu_10s223_0327_4.img,632543040,632543040,OK
/mnt/mrdr/mc16/t0911_mrral_05s183_0327_4.img,768003840,768003840,OK
/mnt/mrdr/mc16/t0911_mrrde_05s183_0327_4.img,202667680,202667680,OK
/mnt/mrdr/mc16/t0911_mrrsu_05s183_0327_4.img,640003200,640003200,OK
/mnt/mrdr/mc16/t0912_mrral_05s188_0327_4.img,768003840,768003840,OK
/mnt/mrdr/mc16/t0912_mrrde_05s188_0327_4.img,202667680,202667680,OK
/mnt/mrdr/mc16/t0912_mrrsu_05s188_0327_4.img,640003200,640003200,OK
/mnt/mrdr/mc16/t0913_mrral_05s193_0327_4.img,768003840,768003840,OK
/mnt/mrdr/mc16/t0913_mrrde_05s193_0327_4.img,202667680,202667680,OK
/mnt/mrdr/mc16/t0913_mrrsu_05s193_0327_4.img,640003200,640003200,OK
/mnt/mrdr/mc16/t0914_mrral_05s198_0327_4.img,768003840,768003840,OK
/mnt/mrdr/mc16/t0914_mrrde_05s198_0327_4.img,202667680,202667680,OK
/mnt/mrdr/mc16/t0914_mrrsu_05s198_0327_4.img,640003200,640003200,OK
/mnt/mrdr/mc16/t0915_mrral_05s203_0327_4.img,768003840,768003840,OK
/mnt/mrdr/mc16/t0915_mrrde_05s203_0327_4.img,202667680,202667680,OK
/mnt/mrdr/mc16/t0915_mrrsu_05s203_0327_4.img,640003200,640003200,OK
/mnt/mrdr/mc16/t0916_mrral_05s208_0327_4.img,768003840,768003840,OK
/mnt/mrdr/mc16/t0916_mrrde_05s208_0327_4.img,202667680,202667680,OK
/mnt/mrdr/mc16/t0916_mrrsu_05s208_0327_4.img,640003200,640003200,OK
/mnt/mrdr/mc16/t0917_mrral_05s213_0327_4.img,768003840,768003840,OK
/mnt/mrdr/mc16/t0917_mrrde_05s213_0327_4.img,202667680,202667680,OK
/mnt/mrdr/mc16/t0917_mrrsu_05s213_0327_4.img,640003200,640003200,OK
/mnt/mrdr/mc16/t0918_mrral_05s218_0327_4.img,768003840,768003840,OK
/mnt/mrdr/mc16/t0918_mrrde_05s218_0327_4.img,202667680,202667680,OK
/mnt/mrdr/mc16/t0918_mrrsu_05s218_0327_4.img,640003200,640003200,OK
/mnt/mrdr/mc16/t0919_mrral_05s223_0327_4.img,768003840,768003840,OK
/mnt/mrdr/mc16/t0919_mrrde_05s223_0327_4.img,202667680,202667680,OK
/mnt/mrdr/mc16/t0919_mrrsu_05s223_0327_4.img,640003200,640003200,OK
/mnt/mrdr/mc16/t0983_mrral_00n183_0327_4.img,770830848,770830848,OK
/mnt/mrdr/mc16/t0983_mrrde_00n183_0327_4.img,203413696,203413696,OK
/mnt/mrdr/mc16/t0983_mrrsu_00n183_0327_4.img,642359040,642359040,OK
/mnt/mrdr/mc16/t0984_mrral_00n188_0327_4.img,770830848,770830848,OK
/mnt/mrdr/mc16/t0984_mrrde_00n188_0327_4.img,203413696,203413696,OK
/mnt/mrdr/mc16/t0984_mrrsu_00n188_0327_4.img,642359040,642359040,OK
/mnt/mrdr/mc16/t0985_mrral_00n193_0327_4.img,770830848,770830848,OK
/mnt/mrdr/mc16/t0985_mrrde_00n193_0327_4.img,203413696,203413696,OK
/mnt/mrdr/mc16/t0985_mrrsu_00n193_0327_4.img,642359040,642359040,OK
/mnt/mrdr/mc16/t0986_mrral_00n198_0327_4.img,770830848,770830848,OK
/mnt/mrdr/mc16/t0986_mrrde_00n198_0327_4.img,203413696,203413696,OK
/mnt/mrdr/mc16/t0986_mrrsu_00n198_0327_4.img,642359040,642359040,OK
/mnt/mrdr/mc16/t0987_mrral_00n203_0327_4.img,770830848,770830848,OK
/mnt/mrdr/mc16/t0987_mrrde_00n203_0327_4.img,203413696,203413696,OK
/mnt/mrdr/mc16/t0987_mrrsu_00n203_0327_4.img,642359040,642359040,OK
/mnt/mrdr/mc16/t0988_mrral_00n208_0327_4.img,770830848,770830848,OK
/mnt/mrdr/mc16/t0988_mrrde_00n208_0327_4.img,203413696,203413696,OK
/mnt/mrdr/mc16/t0988_mrrsu_00n208_0327_4.img,642359040,642359040,OK
/mnt/mrdr/mc16/t0989_mrral_00n213_0327_4.img,770830848,770830848,OK
/mnt/mrdr/mc16/t0989_mrrde_00n213_0327_4.img,203413696,203413696,OK
/mnt/mrdr/mc16/t0989_mrrsu_00n213_0327_4.img,642359040,642359040,OK
/mnt/mrdr/mc16/t0990_mrral_00n218_0327_4.img,770830848,770830848,OK
/mnt/mrdr/mc16/t0990_mrrde_00n218_0327_4.img,203413696,203413696,OK
/mnt/mrdr/mc16/t0990_mrrsu_00n218_0327_4.img,642359040,642359040,OK
/mnt/mrdr/mc16/t0991_mrral_00n223_0327_4.img,770830848,770830848,OK
/mnt/mrdr/mc16/t0991_mrrde_00n223_0327_4.img,203413696,203413696,OK
/mnt/mrdr/mc16/t0991_mrrsu_00n223_0327_4.img,642359040,642359040,OK
/mnt/mrdr/mc17/t0632_mrral_25s228_0327_4.img,698742144,698742144,OK
/mnt/mrdr/mc17/t0632_mrrde_25s228_0327_4.img,184390288,184390288,OK
/mnt/mrdr/mc17/t0632_mrrsu_25s228_0327_4.img,582285120,582285120,OK
/mnt/mrdr/mc17/t0633_mrral_25s233_0327_4.img,698742144,698742144,OK
/mnt/mrdr/mc17/t0633_mrrde_25s233_0327_4.img,184390288,184390288,OK
/mnt/mrdr/mc17/t0633_mrrsu_25s233_0327_4.img,582285120,582285120,OK
/mnt/mrdr/mc17/t0634_mrral_25s238_0327_4.img,698270976,698270976,OK
/mnt/mrdr/mc17/t0634_mrrde_25s238_0327_4.img,184265952,184265952,OK
/mnt/mrdr/mc17/t0634_mrrsu_25s238_0327_4.img,581892480,581892480,OK
/mnt/mrdr/mc17/t0635_mrral_25s243_0327_4.img,698742144,698742144,OK
/mnt/mrdr/mc17/t0635_mrrde_25s243_0327_4.img,184390288,184390288,OK
/mnt/mrdr/mc17/t0635_mrrsu_25s243_0327_4.img,582285120,582285120,OK
/mnt/mrdr/mc17/t0636_mrral_25s248_0327_4.img,698742144,698742144,OK
/mnt/mrdr/mc17/t0636_mrrde_25s248_0327_4.img,184390288,184390288,OK
/mnt/mrdr/mc17/t0636_mrrsu_25s248_0327_4.img,582285120,582285120,OK
/mnt/mrdr/mc17/t0637_mrral_25s253_0327_4.img,698742144,698742144,OK
/mnt/mrdr/mc17/t0637_mrrde_25s253_0327_4.img,184390288,184390288,OK
/mnt/mrdr/mc17/t0637_mrrsu_25s253_0327_4.img,582285120,582285120,OK
/mnt/mrdr/mc17/t0638_mrral_25s258_0327_4.img,698270976,698270976,OK
/mnt/mrdr/mc17/t0638_mrrde_25s258_0327_4.img,184265952,184265952,OK
/mnt/mrdr/mc17/t0638_mrrsu_25s258_0327_4.img,581892480,581892480,OK
/mnt/mrdr/mc17/t0639_mrral_25s263_0327_4.img,698742144,698742144,OK
/mnt/mrdr/mc17/t0639_mrrde_25s263_0327_4.img,184390288,184390288,OK
/mnt/mrdr/mc17/t0639_mrrsu_25s263_0327_4.img,582285120,582285120,OK
/mnt/mrdr/mc17/t0640_mrral_25s268_0327_4.img,698742144,698742144,OK
/mnt/mrdr/mc17/t0640_mrrde_25s268_0327_4.img,184390288,184390288,OK
/mnt/mrdr/mc17/t0640_mrrsu_25s268_0327_4.img,582285120,582285120,OK
/mnt/mrdr/mc17/t0704_mrral_20s228_0327_4.img,724185216,724185216,OK
/mnt/mrdr/mc17/t0704_mrrde_20s228_0327_4.img,191104432,191104432,OK
/mnt/mrdr/mc17/t0704_mrrsu_20s228_0327_4.img,603487680,603487680,OK
/mnt/mrdr/mc17/t0705_mrral_20s233_0327_4.img,724656384,724656384,OK
/mnt/mrdr/mc17/t0705_mrrde_20s233_0327_4.img,191228768,191228768,OK
/mnt/mrdr/mc17/t0705_mrrsu_20s233_0327_4.img,603880320,603880320,OK
/mnt/mrdr/mc17/t0706_mrral_20s238_0327_4.img,724656384,724656384,OK
/mnt/mrdr/mc17/t0706_mrrde_20s238_0327_4.img,191228768,191228768,OK
/mnt/mrdr/mc17/t0706_mrrsu_20s238_0327_4.img,603880320,603880320,OK
/mnt/mrdr/mc17/t0707_mrral_20s243_0327_4.img,724185216,724185216,OK
/mnt/mrdr/mc17/t0707_mrrde_20s243_0327_4.img,191104432,191104432,OK
/mnt/mrdr/mc17/t0707_mrrsu_20s243_0327_4.img,603487680,603487680,OK
/mnt/mrdr/mc17/t0708_mrral_20s248_0327_4.img,724185216,724185216,OK
/mnt/mrdr/mc17/t0708_mrrde_20s248_0327_4.img,191104432,191104432,OK
/mnt/mrdr/mc17/t0708_mrrsu_20s248_0327_4.img,603487680,603487680,OK
/mnt/mrdr/mc17/t0709_mrral_20s253_0327_4.img,724185216,724185216,OK
/mnt/mrdr/mc17/t0709_mrrde_20s253_0327_4.img,191104432,191104432,OK
/mnt/mrdr/mc17/t0709_mrrsu_20s253_0327_4.img,603487680,603487680,OK
/mnt/mrdr/mc17/t0710_mrral_20s258_0327_4.img,724185216,724185216,OK
/mnt/mrdr/mc17/t0710_mrrde_20s258_0327_4.img,191104432,191104432,OK
/mnt/mrdr/mc17/t0710_mrrsu_20s258_0327_4.img,603487680,603487680,OK
/mnt/mrdr/mc17/t0711_mrral_20s263_0327_4.img,724185216,724185216,OK
/mnt/mrdr/mc17/t0711_mrrde_20s263_0327_4.img,191104432,191104432,OK
/mnt/mrdr/mc17/t0711_mrrsu_20s263_0327_4.img,603487680,603487680,OK
/mnt/mrdr/mc17/t0712_mrral_20s268_0327_4.img,724656384,724656384,OK
/mnt/mrdr/mc17/t0712_mrrde_20s268_0327_4.img,191228768,191228768,OK
/mnt/mrdr/mc17/t0712_mrrsu_20s268_0327_4.img,603880320,603880320,OK
/mnt/mrdr/mc17/t0776_mrral_15s228_0327_4.img,744445440,744445440,OK
/mnt/mrdr/mc17/t0776_mrrde_15s228_0327_4.img,196450880,196450880,OK
/mnt/mrdr/mc17/t0776_mrrsu_15s228_0327_4.img,620371200,620371200,OK
/mnt/mrdr/mc17/t0777_mrral_15s233_0327_4.img,744445440,744445440,OK
/mnt/mrdr/mc17/t0777_mrrde_15s233_0327_4.img,196450880,196450880,OK
/mnt/mrdr/mc17/t0777_mrrsu_15s233_0327_4.img,620371200,620371200,OK
/mnt/mrdr/mc17/t0778_mrral_15s238_0327_4.img,744445440,744445440,OK
/mnt/mrdr/mc17/t0778_mrrde_15s238_0327_4.img,196450880,196450880,OK
/mnt/mrdr/mc17/t0778_mrrsu_15s238_0327_4.img,620371200,620371200,OK
/mnt/mrdr/mc17/t0779_mrral_15s243_0327_4.img,744916608,744916608,OK
/mnt/mrdr/mc17/t0779_mrrde_15s243_0327_4.img,196575216,196575216,OK
/mnt/mrdr/mc17/t0779_mrrsu_15s243_0327_4.img,620763840,620763840,OK
/mnt/mrdr/mc17/t0780_mrral_15s248_0327_4.img,744445440,744445440,OK
/mnt/mrdr/mc17/t0780_mrrde_15s248_0327_4.img,196450880,196450880,OK
/mnt/mrdr/mc17/t0780_mrrsu_15s248_0327_4.img,620371200,620371200,OK
/mnt/mrdr/mc17/t0781_mrral_15s253_0327_4.img,744445440,744445440,OK
/mnt/mrdr/mc17/t0781_mrrde_15s253_0327_4.img,196450880,196450880,OK
/mnt/mrdr/mc17/t0781_mrrsu_15s253_0327_4.img,620371200,620371200,OK
/mnt/mrdr/mc17/t0782_mrral_15s258_0327_4.img,744916608,744916608,OK
/mnt/mrdr/mc17/t0782_mrrde_15s258_0327_4.img,196575216,196575216,OK
/mnt/mrdr/mc17/t0782_mrrsu_15s258_0327_4.img,620763840,620763840,OK
/mnt/mrdr/mc17/t0783_mrral_15s263_0327_4.img,744445440,744445440,OK
/mnt/mrdr/mc17/t0783_mrrde_15s263_0327_4.img,196450880,196450880,OK
/mnt/mrdr/mc17/t0783_mrrsu_15s263_0327_4.img,620371200,620371200,OK
/mnt/mrdr/mc17/t0784_mrral_15s268_0327_4.img,744445440,744445440,OK
/mnt/mrdr/mc17/t0784_mrrde_15s268_0327_4.img,196450880,196450880,OK
/mnt/mrdr/mc17/t0784_mrrsu_15s268_0327_4.img,620371200,620371200,OK
/mnt/mrdr/mc17/t0848_mrral_10s228_0327_4.img,759051648,759051648,OK
/mnt/mrdr/mc17/t0848_mrrde_10s228_0327_4.img,200305296,200305296,OK
/mnt/mrdr/mc17/t0848_mrrsu_10s228_0327_4.img,632543040,632543040,OK
/mnt/mrdr/mc17/t0849_mrral_10s233_0327_4.img,759051648,759051648,OK
/mnt/mrdr/mc17/t0849_mrrde_10s233_0327_4.img,200305296,200305296,OK
/mnt/mrdr/mc17/t0849_mrrsu_10s233_0327_4.img,632543040,632543040,OK
/mnt/mrdr/mc17/t0850_mrral_10s238_0327_4.img,759051648,759051648,OK
/mnt/mrdr/mc17/t0850_mrrde_10s238_0327_4.img,200305296,200305296,OK
/mnt/mrdr/mc17/t0850_mrrsu_10s238_0327_4.img,632543040,632543040,OK
/mnt/mrdr/mc17/t0851_mrral_10s243_0327_4.img,759051648,759051648,OK
/mnt/mrdr/mc17/t0851_mrrde_10s243_0327_4.img,200305296,200305296,OK
/mnt/mrdr/mc17/t0851_mrrsu_10s243_0327_4.img,632543040,632543040,OK
/mnt/mrdr/mc17/t0852_mrral_10s248_0327_4.img,759051648,759051648,OK
/mnt/mrdr/mc17/t0852_mrrde_10s248_0327_4.img,200305296,200305296,OK
/mnt/mrdr/mc17/t0852_mrrsu_10s248_0327_4.img,632543040,632543040,OK
/mnt/mrdr/mc17/t0853_mrral_10s253_0327_4.img,759051648,759051648,OK
/mnt/mrdr/mc17/t0853_mrrde_10s253_0327_4.img,200305296,200305296,OK
/mnt/mrdr/mc17/t0853_mrrsu_10s253_0327_4.img,632543040,632543040,OK
/mnt/mrdr/mc17/t0854_mrral_10s258_0327_4.img,759051648,759051648,OK
/mnt/mrdr/mc17/t0854_mrrde_10s258_0327_4.img,200305296,200305296,OK
/mnt/mrdr/mc17/t0854_mrrsu_10s258_0327_4.img,632543040,632543040,OK
/mnt/mrdr/mc17/t0855_mrral_10s263_0327_4.img,759051648,759051648,OK
/mnt/mrdr/mc17/t0855_mrrde_10s263_0327_4.img,200305296,200305296,OK
/mnt/mrdr/mc17/t0855_mrrsu_10s263_0327_4.img,632543040,632543040,OK
/mnt/mrdr/mc17/t0856_mrral_10s268_0327_4.img,759051648,759051648,OK
/mnt/mrdr/mc17/t0856_mrrde_10s268_0327_4.img,200305296,200305296,OK
/mnt/mrdr/mc17/t0856_mrrsu_10s268_0327_4.img,632543040,632543040,OK
/mnt/mrdr/mc17/t0920_mrral_05s228_0327_4.img,768003840,768003840,OK
/mnt/mrdr/mc17/t0920_mrrde_05s228_0327_4.img,202667680,202667680,OK
/mnt/mrdr/mc17/t0920_mrrsu_05s228_0327_4.img,640003200,640003200,OK
/mnt/mrdr/mc17/t0921_mrral_05s233_0327_4.img,768003840,768003840,OK
/mnt/mrdr/mc17/t0921_mrrde_05s233_0327_4.img,202667680,202667680,OK
/mnt/mrdr/mc17/t0921_mrrsu_05s233_0327_4.img,640003200,640003200,OK
/mnt/mrdr/mc17/t0922_mrral_05s238_0327_4.img,768003840,768003840,OK
/mnt/mrdr/mc17/t0922_mrrde_05s238_0327_4.img,202667680,202667680,OK
/mnt/mrdr/mc17/t0922_mrrsu_05s238_0327_4.img,640003200,640003200,OK
/mnt/mrdr/mc17/t0923_mrral_05s243_0327_4.img,768003840,768003840,OK
/mnt/mrdr/mc17/t0923_mrrde_05s243_0327_4.img,202667680,202667680,OK
/mnt/mrdr/mc17/t0923_mrrsu_05s243_0327_4.img,640003200,640003200,OK
/mnt/mrdr/mc17/t0924_mrral_05s248_0327_4.img,768003840,768003840,OK
/mnt/mrdr/mc17/t0924_mrrde_05s248_0327_4.img,202667680,202667680,OK
/mnt/mrdr/mc17/t0924_mrrsu_05s248_0327_4.img,640003200,640003200,OK
/mnt/mrdr/mc17/t0925_mrral_05s253_0327_4.img,768003840,768003840,OK
/mnt/mrdr/mc17/t0925_mrrde_05s253_0327_4.img,202667680,202667680,OK
/mnt/mrdr/mc17/t0925_mrrsu_05s253_0327_4.img,640003200,640003200,OK
/mnt/mrdr/mc17/t0926_mrral_05s258_0327_4.img,768003840,768003840,OK
/mnt/mrdr/mc17/t0926_mrrde_05s258_0327_4.img,202667680,202667680,OK
/mnt/mrdr/mc17/t0926_mrrsu_05s258_0327_4.img,640003200,640003200,OK
/mnt/mrdr/mc17/t0927_mrral_05s263_0327_4.img,768003840,768003840,OK
/mnt/mrdr/mc17/t0927_mrrde_05s263_0327_4.img,202667680,202667680,OK
/mnt/mrdr/mc17/t0927_mrrsu_05s263_0327_4.img,640003200,640003200,OK
/mnt/mrdr/mc17/t0928_mrral_05s268_0327_4.img,768003840,768003840,OK
/mnt/mrdr/mc17/t0928_mrrde_05s268_0327_4.img,202667680,202667680,OK
/mnt/mrdr/mc17/t0928_mrrsu_05s268_0327_4.img,640003200,640003200,OK
/mnt/mrdr/mc17/t0992_mrral_00n228_0327_4.img,770830848,770830848,OK
/mnt/mrdr/mc17/t0992_mrrde_00n228_0327_4.img,203413696,203413696,OK
/mnt/mrdr/mc17/t0992_mrrsu_00n228_0327_4.img,642359040,642359040,OK
/mnt/mrdr/mc17/t0993_mrral_00n233_0327_4.img,770830848,770830848,OK
/mnt/mrdr/mc17/t0993_mrrde_00n233_0327_4.img,203413696,203413696,OK
/mnt/mrdr/mc17/t0993_mrrsu_00n233_0327_4.img,642359040,642359040,OK
/mnt/mrdr/mc17/t0994_mrral_00n238_0327_4.img,770830848,770830848,OK
/mnt/mrdr/mc17/t0994_mrrde_00n238_0327_4.img,203413696,203413696,OK
/mnt/mrdr/mc17/t0994_mrrsu_00n238_0327_4.img,642359040,642359040,OK
/mnt/mrdr/mc17/t0995_mrral_00n243_0327_4.img,770830848,770830848,OK
/mnt/mrdr/mc17/t0995_mrrde_00n243_0327_4.img,203413696,203413696,OK
/mnt/mrdr/mc17/t0995_mrrsu_00n243_0327_4.img,642359040,642359040,OK
/mnt/mrdr/mc17/t0996_mrral_00n248_0327_4.img,770830848,770830848,OK
/mnt/mrdr/mc17/t0996_mrrde_00n248_0327_4.img,203413696,203413696,OK
/mnt/mrdr/mc17/t0996_mrrsu_00n248_0327_4.img,642359040,642359040,OK
/mnt/mrdr/mc17/t0997_mrral_00n253_0327_4.img,770830848,770830848,OK
/mnt/mrdr/mc17/t0997_mrrde_00n253_0327_4.img,203413696,203413696,OK
/mnt/mrdr/mc17/t0997_mrrsu_00n253_0327_4.img,642359040,642359040,OK
/mnt/mrdr/mc17/t0998_mrral_00n258_0327_4.img,770830848,770830848,OK
/mnt/mrdr/mc17/t0998_mrrde_00n258_0327_4.img,203413696,203413696,OK
/mnt/mrdr/mc17/t0998_mrrsu_00n258_0327_4.img,642359040,642359040,OK
/mnt/mrdr/mc17/t0999_mrral_00n263_0327_4.img,770830848,770830848,OK
/mnt/mrdr/mc17/t0999_mrrde_00n263_0327_4.img,203413696,203413696,OK
/mnt/mrdr/mc17/t0999_mrrsu_00n263_0327_4.img,642359040,642359040,OK
/mnt/mrdr/mc17/t1000_mrral_00n268_0327_4.img,770830848,770830848,OK
/mnt/mrdr/mc17/t1000_mrrde_00n268_0327_4.img,203413696,203413696,OK
/mnt/mrdr/mc17/t1000_mrrsu_00n268_0327_4.img,642359040,642359040,OK
/mnt/mrdr/mc18/t0641_mrral_25s273_0327_4.img,698742144,698742144,OK
/mnt/mrdr/mc18/t0641_mrrde_25s273_0327_4.img,184390288,184390288,OK
/mnt/mrdr/mc18/t0641_mrrsu_25s273_0327_4.img,582285120,582285120,OK
/mnt/mrdr/mc18/t0642_mrral_25s278_0327_4.img,698742144,698742144,OK
/mnt/mrdr/mc18/t0642_mrrde_25s278_0327_4.img,184390288,184390288,OK
/mnt/mrdr/mc18/t0642_mrrsu_25s278_0327_4.img,582285120,582285120,OK
/mnt/mrdr/mc18/t0643_mrral_25s283_0327_4.img,698742144,698742144,OK
/mnt/mrdr/mc18/t0643_mrrde_25s283_0327_4.img,184390288,184390288,OK
/mnt/mrdr/mc18/t0643_mrrsu_25s283_0327_4.img,582285120,582285120,OK
/mnt/mrdr/mc18/t0644_mrral_25s288_0327_4.img,698742144,698742144,OK
/mnt/mrdr/mc18/t0644_mrrde_25s288_0327_4.img,184390288,184390288,OK
/mnt/mrdr/mc18/t0644_mrrsu_25s288_0327_4.img,582285120,582285120,OK
/mnt/mrdr/mc18/t0645_mrral_25s293_0327_4.img,698742144,698742144,OK
/mnt/mrdr/mc18/t0645_mrrde_25s293_0327_4.img,184390288,184390288,OK
/mnt/mrdr/mc18/t0645_mrrsu_25s293_0327_4.img,582285120,582285120,OK
/mnt/mrdr/mc18/t0646_mrral_25s298_0327_4.img,698742144,698742144,OK
/mnt/mrdr/mc18/t0646_mrrde_25s298_0327_4.img,184390288,184390288,OK
/mnt/mrdr/mc18/t0646_mrrsu_25s298_0327_4.img,582285120,582285120,OK
/mnt/mrdr/mc18/t0647_mrral_25s303_0327_4.img,698742144,698742144,OK
/mnt/mrdr/mc18/t0647_mrrde_25s303_0327_4.img,184390288,184390288,OK
/mnt/mrdr/mc18/t0647_mrrsu_25s303_0327_4.img,582285120,582285120,OK
/mnt/mrdr/mc18/t0648_mrral_25s308_0327_4.img,698742144,698742144,OK
/mnt/mrdr/mc18/t0648_mrrde_25s308_0327_4.img,184390288,184390288,OK
/mnt/mrdr/mc18/t0648_mrrsu_25s308_0327_4.img,582285120,582285120,OK
/mnt/mrdr/mc18/t0649_mrral_25s313_0327_4.img,698742144,698742144,OK
/mnt/mrdr/mc18/t0649_mrrde_25s313_0327_4.img,184390288,184390288,OK
/mnt/mrdr/mc18/t0649_mrrsu_25s313_0327_4.img,582285120,582285120,OK
/mnt/mrdr/mc18/t0713_mrral_20s273_0327_4.img,724185216,724185216,OK
/mnt/mrdr/mc18/t0713_mrrde_20s273_0327_4.img,191104432,191104432,OK
/mnt/mrdr/mc18/t0713_mrrsu_20s273_0327_4.img,603487680,603487680,OK
/mnt/mrdr/mc18/t0714_mrral_20s278_0327_4.img,724185216,724185216,OK
/mnt/mrdr/mc18/t0714_mrrde_20s278_0327_4.img,191104432,191104432,OK
/mnt/mrdr/mc18/t0714_mrrsu_20s278_0327_4.img,603487680,603487680,OK
/mnt/mrdr/mc18/t0715_mrral_20s283_0327_4.img,724185216,724185216,OK
/mnt/mrdr/mc18/t0715_mrrde_20s283_0327_4.img,191104432,191104432,OK
/mnt/mrdr/mc18/t0715_mrrsu_20s283_0327_4.img,603487680,603487680,OK
/mnt/mrdr/mc18/t0716_mrral_20s288_0327_4.img,724185216,724185216,OK
/mnt/mrdr/mc18/t0716_mrrde_20s288_0327_4.img,191104432,191104432,OK
/mnt/mrdr/mc18/t0716_mrrsu_20s288_0327_4.img,603487680,603487680,OK
/mnt/mrdr/mc18/t0717_mrral_20s293_0327_4.img,724656384,724656384,OK
/mnt/mrdr/mc18/t0717_mrrde_20s293_0327_4.img,191228768,191228768,OK
/mnt/mrdr/mc18/t0717_mrrsu_20s293_0327_4.img,603880320,603880320,OK
/mnt/mrdr/mc18/t0718_mrral_20s298_0327_4.img,724656384,724656384,OK
/mnt/mrdr/mc18/t0718_mrrde_20s298_0327_4.img,191228768,191228768,OK
/mnt/mrdr/mc18/t0718_mrrsu_20s298_0327_4.img,603880320,603880320,OK
/mnt/mrdr/mc18/t0719_mrral_20s303_0327_4.img,724656384,724656384,OK
/mnt/mrdr/mc18/t0719_mrrde_20s303_0327_4.img,191228768,191228768,OK
/mnt/mrdr/mc18/t0719_mrrsu_20s303_0327_4.img,603880320,603880320,OK
/mnt/mrdr/mc18/t0720_mrral_20s308_0327_4.img,724656384,724656384,OK
/mnt/mrdr/mc18/t0720_mrrde_20s308_0327_4.img,191228768,191228768,OK
/mnt/mrdr/mc18/t0720_mrrsu_20s308_0327_4.img,603880320,603880320,OK
/mnt/mrdr/mc18/t0721_mrral_20s313_0327_4.img,724656384,724656384,OK
/mnt/mrdr/mc18/t0721_mrrde_20s313_0327_4.img,191228768,191228768,OK
/mnt/mrdr/mc18/t0721_mrrsu_20s313_0327_4.img,603880320,603880320,OK
/mnt/mrdr/mc18/t0785_mrral_15s273_0327_4.img,744916608,744916608,OK
/mnt/mrdr/mc18/t0785_mrrde_15s273_0327_4.img,196575216,196575216,OK
/mnt/mrdr/mc18/t0785_mrrsu_15s273_0327_4.img,620763840,620763840,OK
/mnt/mrdr/mc18/t0786_mrral_15s278_0327_4.img,744445440,744445440,OK
/mnt/mrdr/mc18/t0786_mrrde_15s278_0327_4.img,196450880,196450880,OK
/mnt/mrdr/mc18/t0786_mrrsu_15s278_0327_4.img,620371200,620371200,OK
/mnt/mrdr/mc18/t0787_mrral_15s283_0327_4.img,744445440,744445440,OK
/mnt/mrdr/mc18/t0787_mrrde_15s283_0327_4.img,196450880,196450880,OK
/mnt/mrdr/mc18/t0787_mrrsu_15s283_0327_4.img,620371200,620371200,OK
/mnt/mrdr/mc18/t0788_mrral_15s288_0327_4.img,744445440,744445440,OK
/mnt/mrdr/mc18/t0788_mrrde_15s288_0327_4.img,196450880,196450880,OK
/mnt/mrdr/mc18/t0788_mrrsu_15s288_0327_4.img,620371200,620371200,OK
/mnt/mrdr/mc18/t0789_mrral_15s293_0327_4.img,744445440,744445440,OK
/mnt/mrdr/mc18/t0789_mrrde_15s293_0327_4.img,196450880,196450880,OK
/mnt/mrdr/mc18/t0789_mrrsu_15s293_0327_4.img,620371200,620371200,OK
/mnt/mrdr/mc18/t0790_mrral_15s298_0327_4.img,744445440,744445440,OK
/mnt/mrdr/mc18/t0790_mrrde_15s298_0327_4.img,196450880,196450880,OK
/mnt/mrdr/mc18/t0790_mrrsu_15s298_0327_4.img,620371200,620371200,OK
/mnt/mrdr/mc18/t0791_mrral_15s303_0327_4.img,744916608,744916608,OK
/mnt/mrdr/mc18/t0791_mrrde_15s303_0327_4.img,196575216,196575216,OK
/mnt/mrdr/mc18/t0791_mrrsu_15s303_0327_4.img,620763840,620763840,OK
/mnt/mrdr/mc18/t0792_mrral_15s308_0327_4.img,744445440,744445440,OK
/mnt/mrdr/mc18/t0792_mrrde_15s308_0327_4.img,196450880,196450880,OK
/mnt/mrdr/mc18/t0792_mrrsu_15s308_0327_4.img,620371200,620371200,OK
/mnt/mrdr/mc18/t0793_mrral_15s313_0327_4.img,744445440,744445440,OK
/mnt/mrdr/mc18/t0793_mrrde_15s313_0327_4.img,196450880,196450880,OK
/mnt/mrdr/mc18/t0793_mrrsu_15s313_0327_4.img,620371200,620371200,OK
/mnt/mrdr/mc18/t0857_mrral_10s273_0327_4.img,759051648,759051648,OK
/mnt/mrdr/mc18/t0857_mrrde_10s273_0327_4.img,200305296,200305296,OK
/mnt/mrdr/mc18/t0857_mrrsu_10s273_0327_4.img,632543040,632543040,OK
/mnt/mrdr/mc18/t0858_mrral_10s278_0327_4.img,759051648,759051648,OK
/mnt/mrdr/mc18/t0858_mrrde_10s278_0327_4.img,200305296,200305296,OK
/mnt/mrdr/mc18/t0858_mrrsu_10s278_0327_4.img,632543040,632543040,OK
/mnt/mrdr/mc18/t0859_mrral_10s283_0327_4.img,759051648,759051648,OK
/mnt/mrdr/mc18/t0859_mrrde_10s283_0327_4.img,200305296,200305296,OK
/mnt/mrdr/mc18/t0859_mrrsu_10s283_0327_4.img,632543040,632543040,OK
/mnt/mrdr/mc18/t0860_mrral_10s288_0327_4.img,759051648,759051648,OK
/mnt/mrdr/mc18/t0860_mrrde_10s288_0327_4.img,200305296,200305296,OK
/mnt/mrdr/mc18/t0860_mrrsu_10s288_0327_4.img,632543040,632543040,OK
/mnt/mrdr/mc18/t0861_mrral_10s293_0327_4.img,759051648,759051648,OK
/mnt/mrdr/mc18/t0861_mrrde_10s293_0327_4.img,200305296,200305296,OK
/mnt/mrdr/mc18/t0861_mrrsu_10s293_0327_4.img,632543040,632543040,OK
/mnt/mrdr/mc18/t0862_mrral_10s298_0327_4.img,759051648,759051648,OK
/mnt/mrdr/mc18/t0862_mrrde_10s298_0327_4.img,200305296,200305296,OK
/mnt/mrdr/mc18/t0862_mrrsu_10s298_0327_4.img,632543040,632543040,OK
/mnt/mrdr/mc18/t0863_mrral_10s303_0327_4.img,759051648,759051648,OK
/mnt/mrdr/mc18/t0863_mrrde_10s303_0327_4.img,200305296,200305296,OK
/mnt/mrdr/mc18/t0863_mrrsu_10s303_0327_4.img,632543040,632543040,OK
/mnt/mrdr/mc18/t0864_mrral_10s308_0327_4.img,759051648,759051648,OK
/mnt/mrdr/mc18/t0864_mrrde_10s308_0327_4.img,200305296,200305296,OK
/mnt/mrdr/mc18/t0864_mrrsu_10s308_0327_4.img,632543040,632543040,OK
/mnt/mrdr/mc18/t0865_mrral_10s313_0327_4.img,759051648,759051648,OK
/mnt/mrdr/mc18/t0865_mrrde_10s313_0327_4.img,200305296,200305296,OK
/mnt/mrdr/mc18/t0865_mrrsu_10s313_0327_4.img,632543040,632543040,OK
/mnt/mrdr/mc18/t0929_mrral_05s273_0327_4.img,768003840,768003840,OK
/mnt/mrdr/mc18/t0929_mrrde_05s273_0327_4.img,202667680,202667680,OK
/mnt/mrdr/mc18/t0929_mrrsu_05s273_0327_4.img,640003200,640003200,OK
/mnt/mrdr/mc18/t0930_mrral_05s278_0327_4.img,767532672,767532672,OK
/mnt/mrdr/mc18/t0930_mrrde_05s278_0327_4.img,202543344,202543344,OK
/mnt/mrdr/mc18/t0930_mrrsu_05s278_0327_4.img,639610560,639610560,OK
/mnt/mrdr/mc18/t0931_mrral_05s283_0327_4.img,768003840,768003840,OK
/mnt/mrdr/mc18/t0931_mrrde_05s283_0327_4.img,202667680,202667680,OK
/mnt/mrdr/mc18/t0931_mrrsu_05s283_0327_4.img,640003200,640003200,OK
/mnt/mrdr/mc18/t0932_mrral_05s288_0327_4.img,768003840,768003840,OK
/mnt/mrdr/mc18/t0932_mrrde_05s288_0327_4.img,202667680,202667680,OK
/mnt/mrdr/mc18/t0932_mrrsu_05s288_0327_4.img,640003200,640003200,OK
/mnt/mrdr/mc18/t0933_mrral_05s293_0327_4.img,767532672,767532672,OK
/mnt/mrdr/mc18/t0933_mrrde_05s293_0327_4.img,202543344,202543344,OK
/mnt/mrdr/mc18/t0933_mrrsu_05s293_0327_4.img,639610560,639610560,OK
/mnt/mrdr/mc18/t0934_mrral_05s298_0327_4.img,767532672,767532672,OK
/mnt/mrdr/mc18/t0934_mrrde_05s298_0327_4.img,202543344,202543344,OK
/mnt/mrdr/mc18/t0934_mrrsu_05s298_0327_4.img,639610560,639610560,OK
/mnt/mrdr/mc18/t0935_mrral_05s303_0327_4.img,768003840,768003840,OK
/mnt/mrdr/mc18/t0935_mrrde_05s303_0327_4.img,202667680,202667680,OK
/mnt/mrdr/mc18/t0935_mrrsu_05s303_0327_4.img,640003200,640003200,OK
/mnt/mrdr/mc18/t0936_mrral_05s308_0327_4.img,768003840,768003840,OK
/mnt/mrdr/mc18/t0936_mrrde_05s308_0327_4.img,202667680,202667680,OK
/mnt/mrdr/mc18/t0936_mrrsu_05s308_0327_4.img,640003200,640003200,OK
/mnt/mrdr/mc18/t0937_mrral_05s313_0327_4.img,767532672,767532672,OK
/mnt/mrdr/mc18/t0937_mrrde_05s313_0327_4.img,202543344,202543344,OK
/mnt/mrdr/mc18/t0937_mrrsu_05s313_0327_4.img,639610560,639610560,OK
/mnt/mrdr/mc18/t1001_mrral_00n273_0327_4.img,770830848,770830848,OK
/mnt/mrdr/mc18/t1001_mrrde_00n273_0327_4.img,203413696,203413696,OK
/mnt/mrdr/mc18/t1001_mrrsu_00n273_0327_4.img,642359040,642359040,OK
/mnt/mrdr/mc18/t1002_mrral_00n278_0327_4.img,770830848,770830848,OK
/mnt/mrdr/mc18/t1002_mrrde_00n278_0327_4.img,203413696,203413696,OK
/mnt/mrdr/mc18/t1002_mrrsu_00n278_0327_4.img,642359040,642359040,OK
/mnt/mrdr/mc18/t1003_mrral_00n283_0327_4.img,770830848,770830848,OK
/mnt/mrdr/mc18/t1003_mrrde_00n283_0327_4.img,203413696,203413696,OK
/mnt/mrdr/mc18/t1003_mrrsu_00n283_0327_4.img,642359040,642359040,OK
/mnt/mrdr/mc18/t1004_mrral_00n288_0327_4.img,770830848,770830848,OK
/mnt/mrdr/mc18/t1004_mrrde_00n288_0327_4.img,203413696,203413696,OK
/mnt/mrdr/mc18/t1004_mrrsu_00n288_0327_4.img,642359040,642359040,OK
/mnt/mrdr/mc18/t1005_mrral_00n293_0327_4.img,770830848,770830848,OK
/mnt/mrdr/mc18/t1005_mrrde_00n293_0327_4.img,203413696,203413696,OK
/mnt/mrdr/mc18/t1005_mrrsu_00n293_0327_4.img,642359040,642359040,OK
/mnt/mrdr/mc18/t1006_mrral_00n298_0327_4.img,770830848,770830848,OK
/mnt/mrdr/mc18/t1006_mrrde_00n298_0327_4.img,203413696,203413696,OK
/mnt/mrdr/mc18/t1006_mrrsu_00n298_0327_4.img,642359040,642359040,OK
/mnt/mrdr/mc18/t1007_mrral_00n303_0327_4.img,770830848,770830848,OK
/mnt/mrdr/mc18/t1007_mrrde_00n303_0327_4.img,203413696,203413696,OK
/mnt/mrdr/mc18/t1007_mrrsu_00n303_0327_4.img,642359040,642359040,OK
/mnt/mrdr/mc18/t1008_mrral_00n308_0327_4.img,770830848,770830848,OK
/mnt/mrdr/mc18/t1008_mrrde_00n308_0327_4.img,203413696,203413696,OK
/mnt/mrdr/mc18/t1008_mrrsu_00n308_0327_4.img,642359040,642359040,OK
/mnt/mrdr/mc18/t1009_mrral_00n313_0327_4.img,770830848,770830848,OK
/mnt/mrdr/mc18/t1009_mrrde_00n313_0327_4.img,203413696,203413696,OK
/mnt/mrdr/mc18/t1009_mrrsu_00n313_0327_4.img,642359040,642359040,OK
/mnt/mrdr/mc19/t0650_mrral_25s318_0327_4.img,698742144,698742144,OK
/mnt/mrdr/mc19/t0650_mrrde_25s318_0327_4.img,184390288,184390288,OK
/mnt/mrdr/mc19/t0650_mrrsu_25s318_0327_4.img,582285120,582285120,OK
/mnt/mrdr/mc19/t0651_mrral_25s323_0327_4.img,698270976,698270976,OK
/mnt/mrdr/mc19/t0651_mrrde_25s323_0327_4.img,184265952,184265952,OK
/mnt/mrdr/mc19/t0651_mrrsu_25s323_0327_4.img,581892480,581892480,OK
/mnt/mrdr/mc19/t0652_mrral_25s328_0327_4.img,698270976,698270976,OK
/mnt/mrdr/mc19/t0652_mrrde_25s328_0327_4.img,184265952,184265952,OK
/mnt/mrdr/mc19/t0652_mrrsu_25s328_0327_4.img,581892480,581892480,OK
/mnt/mrdr/mc19/t0653_mrral_25s333_0327_4.img,698742144,698742144,OK
/mnt/mrdr/mc19/t0653_mrrde_25s333_0327_4.img,184390288,184390288,OK
/mnt/mrdr/mc19/t0653_mrrsu_25s333_0327_4.img,582285120,582285120,OK
/mnt/mrdr/mc19/t0654_mrral_25s338_0327_4.img,698270976,698270976,OK
/mnt/mrdr/mc19/t0654_mrrde_25s338_0327_4.img,184265952,184265952,OK
/mnt/mrdr/mc19/t0654_mrrsu_25s338_0327_4.img,581892480,581892480,OK
/mnt/mrdr/mc19/t0655_mrral_25s343_0327_4.img,698742144,698742144,OK
/mnt/mrdr/mc19/t0655_mrrde_25s343_0327_4.img,184390288,184390288,OK
/mnt/mrdr/mc19/t0655_mrrsu_25s343_0327_4.img,582285120,582285120,OK
/mnt/mrdr/mc19/t0656_mrral_25s348_0327_4.img,698742144,698742144,OK
/mnt/mrdr/mc19/t0656_mrrde_25s348_0327_4.img,184390288,184390288,OK
/mnt/mrdr/mc19/t0656_mrrsu_25s348_0327_4.img,582285120,582285120,OK
/mnt/mrdr/mc19/t0657_mrral_25s353_0327_4.img,698270976,698270976,OK
/mnt/mrdr/mc19/t0657_mrrde_25s353_0327_4.img,184265952,184265952,OK
/mnt/mrdr/mc19/t0657_mrrsu_25s353_0327_4.img,581892480,581892480,OK
/mnt/mrdr/mc19/t0658_mrral_25s358_0327_4.img,698742144,698742144,OK
/mnt/mrdr/mc19/t0658_mrrde_25s358_0327_4.img,184390288,184390288,OK
/mnt/mrdr/mc19/t0658_mrrsu_25s358_0327_4.img,582285120,582285120,OK
/mnt/mrdr/mc19/t0722_mrral_20s318_0327_4.img,724185216,724185216,OK
/mnt/mrdr/mc19/t0722_mrrde_20s318_0327_4.img,191104432,191104432,OK
/mnt/mrdr/mc19/t0722_mrrsu_20s318_0327_4.img,603487680,603487680,OK
/mnt/mrdr/mc19/t0723_mrral_20s323_0327_4.img,724185216,724185216,OK
/mnt/mrdr/mc19/t0723_mrrde_20s323_0327_4.img,191104432,191104432,OK
/mnt/mrdr/mc19/t0723_mrrsu_20s323_0327_4.img,603487680,603487680,OK
/mnt/mrdr/mc19/t0724_mrral_20s328_0327_4.img,724185216,724185216,OK
/mnt/mrdr/mc19/t0724_mrrde_20s328_0327_4.img,191104432,191104432,OK
/mnt/mrdr/mc19/t0724_mrrsu_20s328_0327_4.img,603487680,603487680,OK
/mnt/mrdr/mc19/t0725_mrral_20s333_0327_4.img,724656384,724656384,OK
/mnt/mrdr/mc19/t0725_mrrde_20s333_0327_4.img,191228768,191228768,OK
/mnt/mrdr/mc19/t0725_mrrsu_20s333_0327_4.img,603880320,603880320,OK
/mnt/mrdr/mc19/t0726_mrral_20s338_0327_4.img,724185216,724185216,OK
/mnt/mrdr/mc19/t0726_mrrde_20s338_0327_4.img,191104432,191104432,OK
/mnt/mrdr/mc19/t0726_mrrsu_20s338_0327_4.img,603487680,603487680,OK
/mnt/mrdr/mc19/t0727_mrral_20s343_0327_4.img,724656384,724656384,OK
/mnt/mrdr/mc19/t0727_mrrde_20s343_0327_4.img,191228768,191228768,OK
/mnt/mrdr/mc19/t0727_mrrsu_20s343_0327_4.img,603880320,603880320,OK
/mnt/mrdr/mc19/t0728_mrral_20s348_0327_4.img,724656384,724656384,OK
/mnt/mrdr/mc19/t0728_mrrde_20s348_0327_4.img,191228768,191228768,OK
/mnt/mrdr/mc19/t0728_mrrsu_20s348_0327_4.img,603880320,603880320,OK
/mnt/mrdr/mc19/t0729_mrral_20s353_0327_4.img,724185216,724185216,OK
/mnt/mrdr/mc19/t0729_mrrde_20s353_0327_4.img,191104432,191104432,OK
/mnt/mrdr/mc19/t0729_mrrsu_20s353_0327_4.img,603487680,603487680,OK
/mnt/mrdr/mc19/t0730_mrral_20s358_0327_4.img,724185216,724185216,OK
/mnt/mrdr/mc19/t0730_mrrde_20s358_0327_4.img,191104432,191104432,OK
/mnt/mrdr/mc19/t0730_mrrsu_20s358_0327_4.img,603487680,603487680,OK
/mnt/mrdr/mc19/t0794_mrral_15s318_0327_4.img,744916608,744916608,OK
/mnt/mrdr/mc19/t0794_mrrde_15s318_0327_4.img,196575216,196575216,OK
/mnt/mrdr/mc19/t0794_mrrsu_15s318_0327_4.img,620763840,620763840,OK
/mnt/mrdr/mc19/t0795_mrral_15s323_0327_4.img,744445440,744445440,OK
/mnt/mrdr/mc19/t0795_mrrde_15s323_0327_4.img,196450880,196450880,OK
/mnt/mrdr/mc19/t0795_mrrsu_15s323_0327_4.img,620371200,620371200,OK
/mnt/mrdr/mc19/t0796_mrral_15s328_0327_4.img,744916608,744916608,OK
/mnt/mrdr/mc19/t0796_mrrde_15s328_0327_4.img,196575216,196575216,OK
/mnt/mrdr/mc19/t0796_mrrsu_15s328_0327_4.img,620763840,620763840,OK
/mnt/mrdr/mc19/t0797_mrral_15s333_0327_4.img,744445440,744445440,OK
/mnt/mrdr/mc19/t0797_mrrde_15s333_0327_4.img,196450880,196450880,OK
/mnt/mrdr/mc19/t0797_mrrsu_15s333_0327_4.img,620371200,620371200,OK
/mnt/mrdr/mc19/t0798_mrral_15s338_0327_4.img,744916608,744916608,OK
/mnt/mrdr/mc19/t0798_mrrde_15s338_0327_4.img,196575216,196575216,OK
/mnt/mrdr/mc19/t0798_mrrsu_15s338_0327_4.img,620763840,620763840,OK
/mnt/mrdr/mc19/t0799_mrral_15s343_0327_4.img,744445440,744445440,OK
/mnt/mrdr/mc19/t0799_mrrde_15s343_0327_4.img,196450880,196450880,OK
/mnt/mrdr/mc19/t0799_mrrsu_15s343_0327_4.img,620371200,620371200,OK
/mnt/mrdr/mc19/t0800_mrral_15s348_0327_4.img,744916608,744916608,OK
/mnt/mrdr/mc19/t0800_mrrde_15s348_0327_4.img,196575216,196575216,OK
/mnt/mrdr/mc19/t0800_mrrsu_15s348_0327_4.img,620763840,620763840,OK
/mnt/mrdr/mc19/t0801_mrral_15s353_0327_4.img,744445440,744445440,OK
/mnt/mrdr/mc19/t0801_mrrde_15s353_0327_4.img,196450880,196450880,OK
/mnt/mrdr/mc19/t0801_mrrsu_15s353_0327_4.img,620371200,620371200,OK
/mnt/mrdr/mc19/t0802_mrral_15s358_0327_4.img,744916608,744916608,OK
/mnt/mrdr/mc19/t0802_mrrde_15s358_0327_4.img,196575216,196575216,OK
/mnt/mrdr/mc19/t0802_mrrsu_15s358_0327_4.img,620763840,620763840,OK
/mnt/mrdr/mc19/t0866_mrral_10s318_0327_4.img,759051648,759051648,OK
/mnt/mrdr/mc19/t0866_mrrde_10s318_0327_4.img,200305296,200305296,OK
/mnt/mrdr/mc19/t0866_mrrsu_10s318_0327_4.img,632543040,632543040,OK
/mnt/mrdr/mc19/t0867_mrral_10s323_0327_4.img,759051648,759051648,OK
/mnt/mrdr/mc19/t0867_mrrde_10s323_0327_4.img,200305296,200305296,OK
/mnt/mrdr/mc19/t0867_mrrsu_10s323_0327_4.img,632543040,632543040,OK
/mnt/mrdr/mc19/t0868_mrral_10s328_0327_4.img,759051648,759051648,OK
/mnt/mrdr/mc19/t0868_mrrde_10s328_0327_4.img,200305296,200305296,OK
/mnt/mrdr/mc19/t0868_mrrsu_10s328_0327_4.img,632543040,632543040,OK
/mnt/mrdr/mc19/t0869_mrral_10s333_0327_4.img,759051648,759051648,OK
/mnt/mrdr/mc19/t0869_mrrde_10s333_0327_4.img,200305296,200305296,OK
/mnt/mrdr/mc19/t0869_mrrsu_10s333_0327_4.img,632543040,632543040,OK
/mnt/mrdr/mc19/t0870_mrral_10s338_0327_4.img,759051648,759051648,OK
/mnt/mrdr/mc19/t0870_mrrde_10s338_0327_4.img,200305296,200305296,OK
/mnt/mrdr/mc19/t0870_mrrsu_10s338_0327_4.img,632543040,632543040,OK
/mnt/mrdr/mc19/t0871_mrral_10s343_0327_4.img,759051648,759051648,OK
/mnt/mrdr/mc19/t0871_mrrde_10s343_0327_4.img,200305296,200305296,OK
/mnt/mrdr/mc19/t0871_mrrsu_10s343_0327_4.img,632543040,632543040,OK
/mnt/mrdr/mc19/t0872_mrral_10s348_0327_4.img,759051648,759051648,OK
/mnt/mrdr/mc19/t0872_mrrde_10s348_0327_4.img,200305296,200305296,OK
/mnt/mrdr/mc19/t0872_mrrsu_10s348_0327_4.img,632543040,632543040,OK
/mnt/mrdr/mc19/t0873_mrral_10s353_0327_4.img,759051648,759051648,OK
/mnt/mrdr/mc19/t0873_mrrde_10s353_0327_4.img,200305296,200305296,OK
/mnt/mrdr/mc19/t0873_mrrsu_10s353_0327_4.img,632543040,632543040,OK
/mnt/mrdr/mc19/t0874_mrral_10s358_0327_4.img,759051648,759051648,OK
/mnt/mrdr/mc19/t0874_mrrde_10s358_0327_4.img,200305296,200305296,OK
/mnt/mrdr/mc19/t0874_mrrsu_10s358_0327_4.img,632543040,632543040,OK
/mnt/mrdr/mc19/t0938_mrral_05s318_0327_4.img,767532672,767532672,OK
/mnt/mrdr/mc19/t0938_mrrde_05s318_0327_4.img,202543344,202543344,OK
/mnt/mrdr/mc19/t0938_mrrsu_05s318_0327_4.img,639610560,639610560,OK
/mnt/mrdr/mc19/t0939_mrral_05s323_0327_4.img,768003840,768003840,OK
/mnt/mrdr/mc19/t0939_mrrde_05s323_0327_4.img,202667680,202667680,OK
/mnt/mrdr/mc19/t0939_mrrsu_05s323_0327_4.img,640003200,640003200,OK
/mnt/mrdr/mc19/t0940_mrral_05s328_0327_4.img,767532672,767532672,OK
/mnt/mrdr/mc19/t0940_mrrde_05s328_0327_4.img,202543344,202543344,OK
/mnt/mrdr/mc19/t0940_mrrsu_05s328_0327_4.img,639610560,639610560,OK
/mnt/mrdr/mc19/t0941_mrral_05s333_0327_4.img,767532672,767532672,OK
/mnt/mrdr/mc19/t0941_mrrde_05s333_0327_4.img,202543344,202543344,OK
/mnt/mrdr/mc19/t0941_mrrsu_05s333_0327_4.img,639610560,639610560,OK
/mnt/mrdr/mc19/t0942_mrral_05s338_0327_4.img,768003840,768003840,OK
/mnt/mrdr/mc19/t0942_mrrde_05s338_0327_4.img,202667680,202667680,OK
/mnt/mrdr/mc19/t0942_mrrsu_05s338_0327_4.img,640003200,640003200,OK
/mnt/mrdr/mc19/t0943_mrral_05s343_0327_4.img,768003840,768003840,OK
/mnt/mrdr/mc19/t0943_mrrde_05s343_0327_4.img,202667680,202667680,OK
/mnt/mrdr/mc19/t0943_mrrsu_05s343_0327_4.img,640003200,640003200,OK
/mnt/mrdr/mc19/t0944_mrral_05s348_0327_4.img,768003840,768003840,OK
/mnt/mrdr/mc19/t0944_mrrde_05s348_0327_4.img,202667680,202667680,OK
/mnt/mrdr/mc19/t0944_mrrsu_05s348_0327_4.img,640003200,640003200,OK
/mnt/mrdr/mc19/t0945_mrral_05s353_0327_4.img,768003840,768003840,OK
/mnt/mrdr/mc19/t0945_mrrde_05s353_0327_4.img,202667680,202667680,OK
/mnt/mrdr/mc19/t0945_mrrsu_05s353_0327_4.img,640003200,640003200,OK
/mnt/mrdr/mc19/t0946_mrral_05s358_0327_4.img,768003840,768003840,OK
/mnt/mrdr/mc19/t0946_mrrde_05s358_0327_4.img,202667680,202667680,OK
/mnt/mrdr/mc19/t0946_mrrsu_05s358_0327_4.img,640003200,640003200,OK
/mnt/mrdr/mc19/t1010_mrral_00n318_0327_4.img,770830848,770830848,OK
/mnt/mrdr/mc19/t1010_mrrde_00n318_0327_4.img,203413696,203413696,OK
/mnt/mrdr/mc19/t1010_mrrsu_00n318_0327_4.img,642359040,642359040,OK
/mnt/mrdr/mc19/t1011_mrral_00n323_0327_4.img,770830848,770830848,OK
/mnt/mrdr/mc19/t1011_mrrde_00n323_0327_4.img,203413696,203413696,OK
/mnt/mrdr/mc19/t1011_mrrsu_00n323_0327_4.img,642359040,642359040,OK
/mnt/mrdr/mc19/t1012_mrral_00n328_0327_4.img,770830848,770830848,OK
/mnt/mrdr/mc19/t1012_mrrde_00n328_0327_4.img,203413696,203413696,OK
/mnt/mrdr/mc19/t1012_mrrsu_00n328_0327_4.img,642359040,642359040,OK
/mnt/mrdr/mc19/t1013_mrral_00n333_0327_4.img,770830848,770830848,OK
/mnt/mrdr/mc19/t1013_mrrde_00n333_0327_4.img,203413696,203413696,OK
/mnt/mrdr/mc19/t1013_mrrsu_00n333_0327_4.img,642359040,642359040,OK
/mnt/mrdr/mc19/t1014_mrral_00n338_0327_4.img,770830848,770830848,OK
/mnt/mrdr/mc19/t1014_mrrde_00n338_0327_4.img,203413696,203413696,OK
/mnt/mrdr/mc19/t1014_mrrsu_00n338_0327_4.img,642359040,642359040,OK
/mnt/mrdr/mc19/t1015_mrral_00n343_0327_4.img,770830848,770830848,OK
/mnt/mrdr/mc19/t1015_mrrde_00n343_0327_4.img,203413696,203413696,OK
/mnt/mrdr/mc19/t1015_mrrsu_00n343_0327_4.img,642359040,642359040,OK
/mnt/mrdr/mc19/t1016_mrral_00n348_0327_4.img,770830848,770830848,OK
/mnt/mrdr/mc19/t1016_mrrde_00n348_0327_4.img,203413696,203413696,OK
/mnt/mrdr/mc19/t1016_mrrsu_00n348_0327_4.img,642359040,642359040,OK
/mnt/mrdr/mc19/t1017_mrral_00n353_0327_4.img,770830848,770830848,OK
/mnt/mrdr/mc19/t1017_mrrde_00n353_0327_4.img,203413696,203413696,OK
/mnt/mrdr/mc19/t1017_mrrsu_00n353_0327_4.img,642359040,642359040,OK
/mnt/mrdr/mc19/t1018_mrral_00n358_0327_4.img,770830848,770830848,OK
/mnt/mrdr/mc19/t1018_mrrde_00n358_0327_4.img,203413696,203413696,OK
/mnt/mrdr/mc19/t1018_mrrsu_00n358_0327_4.img,642359040,642359040,OK
/mnt/mrdr/mc20/t0587_mrral_25s003_0327_4.img,698270976,698270976,OK
/mnt/mrdr/mc20/t0587_mrrde_25s003_0327_4.img,184265952,184265952,OK
/mnt/mrdr/mc20/t0587_mrrsu_25s003_0327_4.img,581892480,581892480,OK
/mnt/mrdr/mc20/t0588_mrral_25s008_0327_4.img,698742144,698742144,OK
/mnt/mrdr/mc20/t0588_mrrde_25s008_0327_4.img,184390288,184390288,OK
/mnt/mrdr/mc20/t0588_mrrsu_25s008_0327_4.img,582285120,582285120,OK
/mnt/mrdr/mc20/t0589_mrral_25s013_0327_4.img,698742144,698742144,OK
/mnt/mrdr/mc20/t0589_mrrde_25s013_0327_4.img,184390288,184390288,OK
/mnt/mrdr/mc20/t0589_mrrsu_25s013_0327_4.img,582285120,582285120,OK
/mnt/mrdr/mc20/t0590_mrral_25s018_0327_4.img,698270976,698270976,OK
/mnt/mrdr/mc20/t0590_mrrde_25s018_0327_4.img,184265952,184265952,OK
/mnt/mrdr/mc20/t0590_mrrsu_25s018_0327_4.img,581892480,581892480,OK
/mnt/mrdr/mc20/t0591_mrral_25s023_0327_4.img,698742144,698742144,OK
/mnt/mrdr/mc20/t0591_mrrde_25s023_0327_4.img,184390288,184390288,OK
/mnt/mrdr/mc20/t0591_mrrsu_25s023_0327_4.img,582285120,582285120,OK
/mnt/mrdr/mc20/t0592_mrral_25s028_0327_4.img,698742144,698742144,OK
/mnt/mrdr/mc20/t0592_mrrde_25s028_0327_4.img,184390288,184390288,OK
/mnt/mrdr/mc20/t0592_mrrsu_25s028_0327_4.img,582285120,582285120,OK
/mnt/mrdr/mc20/t0593_mrral_25s033_0327_4.img,698742144,698742144,OK
/mnt/mrdr/mc20/t0593_mrrde_25s033_0327_4.img,184390288,184390288,OK
/mnt/mrdr/mc20/t0593_mrrsu_25s033_0327_4.img,582285120,582285120,OK
/mnt/mrdr/mc20/t0594_mrral_25s038_0327_4.img,698270976,698270976,OK
/mnt/mrdr/mc20/t0594_mrrde_25s038_0327_4.img,184265952,184265952,OK
/mnt/mrdr/mc20/t0594_mrrsu_25s038_0327_4.img,581892480,581892480,OK
/mnt/mrdr/mc20/t0595_mrral_25s043_0327_4.img,698742144,698742144,OK
/mnt/mrdr/mc20/t0595_mrrde_25s043_0327_4.img,184390288,184390288,OK
/mnt/mrdr/mc20/t0595_mrrsu_25s043_0327_4.img,582285120,582285120,OK
/mnt/mrdr/mc20/t0659_mrral_20s003_0327_4.img,724185216,724185216,OK
/mnt/mrdr/mc20/t0659_mrrde_20s003_0327_4.img,191104432,191104432,OK
/mnt/mrdr/mc20/t0659_mrrsu_20s003_0327_4.img,603487680,603487680,OK
/mnt/mrdr/mc20/t0660_mrral_20s008_0327_4.img,724185216,724185216,OK
/mnt/mrdr/mc20/t0660_mrrde_20s008_0327_4.img,191104432,191104432,OK
/mnt/mrdr/mc20/t0660_mrrsu_20s008_0327_4.img,603487680,603487680,OK
/mnt/mrdr/mc20/t0661_mrral_20s013_0327_4.img,724656384,724656384,OK
/mnt/mrdr/mc20/t0661_mrrde_20s013_0327_4.img,191228768,191228768,OK
/mnt/mrdr/mc20/t0661_mrrsu_20s013_0327_4.img,603880320,603880320,OK
/mnt/mrdr/mc20/t0662_mrral_20s018_0327_4.img,724185216,724185216,OK
/mnt/mrdr/mc20/t0662_mrrde_20s018_0327_4.img,191104432,191104432,OK
/mnt/mrdr/mc20/t0662_mrrsu_20s018_0327_4.img,603487680,603487680,OK
/mnt/mrdr/mc20/t0663_mrral_20s023_0327_4.img,724185216,724185216,OK
/mnt/mrdr/mc20/t0663_mrrde_20s023_0327_4.img,191104432,191104432,OK
/mnt/mrdr/mc20/t0663_mrrsu_20s023_0327_4.img,603487680,603487680,OK
/mnt/mrdr/mc20/t0664_mrral_20s028_0327_4.img,724185216,724185216,OK
/mnt/mrdr/mc20/t0664_mrrde_20s028_0327_4.img,191104432,191104432,OK
/mnt/mrdr/mc20/t0664_mrrsu_20s028_0327_4.img,603487680,603487680,OK
/mnt/mrdr/mc20/t0665_mrral_20s033_0327_4.img,724185216,724185216,OK
/mnt/mrdr/mc20/t0665_mrrde_20s033_0327_4.img,191104432,191104432,OK
/mnt/mrdr/mc20/t0665_mrrsu_20s033_0327_4.img,603487680,603487680,OK
/mnt/mrdr/mc20/t0666_mrral_20s038_0327_4.img,724185216,724185216,OK
/mnt/mrdr/mc20/t0666_mrrde_20s038_0327_4.img,191104432,191104432,OK
/mnt/mrdr/mc20/t0666_mrrsu_20s038_0327_4.img,603487680,603487680,OK
/mnt/mrdr/mc20/t0667_mrral_20s043_0327_4.img,724185216,724185216,OK
/mnt/mrdr/mc20/t0667_mrrde_20s043_0327_4.img,191104432,191104432,OK
/mnt/mrdr/mc20/t0667_mrrsu_20s043_0327_4.img,603487680,603487680,OK
/mnt/mrdr/mc20/t0731_mrral_15s003_0327_4.img,744445440,744445440,OK
/mnt/mrdr/mc20/t0731_mrrde_15s003_0327_4.img,196450880,196450880,OK
/mnt/mrdr/mc20/t0731_mrrsu_15s003_0327_4.img,620371200,620371200,OK
/mnt/mrdr/mc20/t0732_mrral_15s008_0327_4.img,744916608,744916608,OK
/mnt/mrdr/mc20/t0732_mrrde_15s008_0327_4.img,196575216,196575216,OK
/mnt/mrdr/mc20/t0732_mrrsu_15s008_0327_4.img,620763840,620763840,OK
/mnt/mrdr/mc20/t0733_mrral_15s013_0327_4.img,744445440,744445440,OK
/mnt/mrdr/mc20/t0733_mrrde_15s013_0327_4.img,196450880,196450880,OK
/mnt/mrdr/mc20/t0733_mrrsu_15s013_0327_4.img,620371200,620371200,OK
/mnt/mrdr/mc20/t0734_mrral_15s018_0327_4.img,744445440,744445440,OK
/mnt/mrdr/mc20/t0734_mrrde_15s018_0327_4.img,196450880,196450880,OK
/mnt/mrdr/mc20/t0734_mrrsu_15s018_0327_4.img,620371200,620371200,OK
/mnt/mrdr/mc20/t0735_mrral_15s023_0327_4.img,744445440,744445440,OK
/mnt/mrdr/mc20/t0735_mrrde_15s023_0327_4.img,196450880,196450880,OK
/mnt/mrdr/mc20/t0735_mrrsu_15s023_0327_4.img,620371200,620371200,OK
/mnt/mrdr/mc20/t0736_mrral_15s028_0327_4.img,744445440,744445440,OK
/mnt/mrdr/mc20/t0736_mrrde_15s028_0327_4.img,196450880,196450880,OK
/mnt/mrdr/mc20/t0736_mrrsu_15s028_0327_4.img,620371200,620371200,OK
/mnt/mrdr/mc20/t0737_mrral_15s033_0327_4.img,744916608,744916608,OK
/mnt/mrdr/mc20/t0737_mrrde_15s033_0327_4.img,196575216,196575216,OK
/mnt/mrdr/mc20/t0737_mrrsu_15s033_0327_4.img,620763840,620763840,OK
/mnt/mrdr/mc20/t0738_mrral_15s038_0327_4.img,744916608,744916608,OK
/mnt/mrdr/mc20/t0738_mrrde_15s038_0327_4.img,196575216,196575216,OK
/mnt/mrdr/mc20/t0738_mrrsu_15s038_0327_4.img,620763840,620763840,OK
/mnt/mrdr/mc20/t0739_mrral_15s043_0327_4.img,744445440,744445440,OK
/mnt/mrdr/mc20/t0739_mrrde_15s043_0327_4.img,196450880,196450880,OK
/mnt/mrdr/mc20/t0739_mrrsu_15s043_0327_4.img,620371200,620371200,OK
/mnt/mrdr/mc20/t0803_mrral_10s003_0327_4.img,759522816,759522816,OK
/mnt/mrdr/mc20/t0803_mrrde_10s003_0327_4.img,200429632,200429632,OK
/mnt/mrdr/mc20/t0803_mrrsu_10s003_0327_4.img,632935680,632935680,OK
/mnt/mrdr/mc20/t0804_mrral_10s008_0327_4.img,759051648,759051648,OK
/mnt/mrdr/mc20/t0804_mrrde_10s008_0327_4.img,200305296,200305296,OK
/mnt/mrdr/mc20/t0804_mrrsu_10s008_0327_4.img,632543040,632543040,OK
/mnt/mrdr/mc20/t0805_mrral_10s013_0327_4.img,759522816,759522816,OK
/mnt/mrdr/mc20/t0805_mrrde_10s013_0327_4.img,200429632,200429632,OK
/mnt/mrdr/mc20/t0805_mrrsu_10s013_0327_4.img,632935680,632935680,OK
/mnt/mrdr/mc20/t0806_mrral_10s018_0327_4.img,759051648,759051648,OK
/mnt/mrdr/mc20/t0806_mrrde_10s018_0327_4.img,200305296,200305296,OK
/mnt/mrdr/mc20/t0806_mrrsu_10s018_0327_4.img,632543040,632543040,OK
/mnt/mrdr/mc20/t0807_mrral_10s023_0327_4.img,759051648,759051648,OK
/mnt/mrdr/mc20/t0807_mrrde_10s023_0327_4.img,200305296,200305296,OK
/mnt/mrdr/mc20/t0807_mrrsu_10s023_0327_4.img,632543040,632543040,OK
/mnt/mrdr/mc20/t0808_mrral_10s028_0327_4.img,759051648,759051648,OK
/mnt/mrdr/mc20/t0808_mrrde_10s028_0327_4.img,200305296,200305296,OK
/mnt/mrdr/mc20/t0808_mrrsu_10s028_0327_4.img,632543040,632543040,OK
/mnt/mrdr/mc20/t0809_mrral_10s033_0327_4.img,759051648,759051648,OK
/mnt/mrdr/mc20/t0809_mrrde_10s033_0327_4.img,200305296,200305296,OK
/mnt/mrdr/mc20/t0809_mrrsu_10s033_0327_4.img,632543040,632543040,OK
/mnt/mrdr/mc20/t0810_mrral_10s038_0327_4.img,759051648,759051648,OK
/mnt/mrdr/mc20/t0810_mrrde_10s038_0327_4.img,200305296,200305296,OK
/mnt/mrdr/mc20/t0810_mrrsu_10s038_0327_4.img,632543040,632543040,OK
/mnt/mrdr/mc20/t0811_mrral_10s043_0327_4.img,759051648,759051648,OK
/mnt/mrdr/mc20/t0811_mrrde_10s043_0327_4.img,200305296,200305296,OK
/mnt/mrdr/mc20/t0811_mrrsu_10s043_0327_4.img,632543040,632543040,OK
/mnt/mrdr/mc20/t0875_mrral_05s003_0327_4.img,768003840,768003840,OK
/mnt/mrdr/mc20/t0875_mrrde_05s003_0327_4.img,202667680,202667680,OK
/mnt/mrdr/mc20/t0875_mrrsu_05s003_0327_4.img,640003200,640003200,OK
/mnt/mrdr/mc20/t0876_mrral_05s008_0327_4.img,768003840,768003840,OK
/mnt/mrdr/mc20/t0876_mrrde_05s008_0327_4.img,202667680,202667680,OK
/mnt/mrdr/mc20/t0876_mrrsu_05s008_0327_4.img,640003200,640003200,OK
/mnt/mrdr/mc20/t0877_mrral_05s013_0327_4.img,768003840,768003840,OK
/mnt/mrdr/mc20/t0877_mrrde_05s013_0327_4.img,202667680,202667680,OK
/mnt/mrdr/mc20/t0877_mrrsu_05s013_0327_4.img,640003200,640003200,OK
/mnt/mrdr/mc20/t0878_mrral_05s018_0327_4.img,768003840,768003840,OK
/mnt/mrdr/mc20/t0878_mrrde_05s018_0327_4.img,202667680,202667680,OK
/mnt/mrdr/mc20/t0878_mrrsu_05s018_0327_4.img,640003200,640003200,OK
/mnt/mrdr/mc20/t0879_mrral_05s023_0327_4.img,768003840,768003840,OK
/mnt/mrdr/mc20/t0879_mrrde_05s023_0327_4.img,202667680,202667680,OK
/mnt/mrdr/mc20/t0879_mrrsu_05s023_0327_4.img,640003200,640003200,OK
/mnt/mrdr/mc20/t0880_mrral_05s028_0327_4.img,767532672,767532672,OK
/mnt/mrdr/mc20/t0880_mrrde_05s028_0327_4.img,202543344,202543344,OK
/mnt/mrdr/mc20/t0880_mrrsu_05s028_0327_4.img,639610560,639610560,OK
/mnt/mrdr/mc20/t0881_mrral_05s033_0327_4.img,768003840,768003840,OK
/mnt/mrdr/mc20/t0881_mrrde_05s033_0327_4.img,202667680,202667680,OK
/mnt/mrdr/mc20/t0881_mrrsu_05s033_0327_4.img,640003200,640003200,OK
/mnt/mrdr/mc20/t0882_mrral_05s038_0327_4.img,768003840,768003840,OK
/mnt/mrdr/mc20/t0882_mrrde_05s038_0327_4.img,202667680,202667680,OK
/mnt/mrdr/mc20/t0882_mrrsu_05s038_0327_4.img,640003200,640003200,OK
/mnt/mrdr/mc20/t0883_mrral_05s043_0327_4.img,768003840,768003840,OK
/mnt/mrdr/mc20/t0883_mrrde_05s043_0327_4.img,202667680,202667680,OK
/mnt/mrdr/mc20/t0883_mrrsu_05s043_0327_4.img,640003200,640003200,OK
/mnt/mrdr/mc20/t0947_mrral_00n003_0327_4.img,770830848,770830848,OK
/mnt/mrdr/mc20/t0947_mrrde_00n003_0327_4.img,203413696,203413696,OK
/mnt/mrdr/mc20/t0947_mrrsu_00n003_0327_4.img,642359040,642359040,OK
/mnt/mrdr/mc20/t0948_mrral_00n008_0327_4.img,770830848,770830848,OK
/mnt/mrdr/mc20/t0948_mrrde_00n008_0327_4.img,203413696,203413696,OK
/mnt/mrdr/mc20/t0948_mrrsu_00n008_0327_4.img,642359040,642359040,OK
/mnt/mrdr/mc20/t0949_mrral_00n013_0327_4.img,770830848,770830848,OK
/mnt/mrdr/mc20/t0949_mrrde_00n013_0327_4.img,203413696,203413696,OK
/mnt/mrdr/mc20/t0949_mrrsu_00n013_0327_4.img,642359040,642359040,OK
/mnt/mrdr/mc20/t0950_mrral_00n018_0327_4.img,770830848,770830848,OK
/mnt/mrdr/mc20/t0950_mrrde_00n018_0327_4.img,203413696,203413696,OK
/mnt/mrdr/mc20/t0950_mrrsu_00n018_0327_4.img,642359040,642359040,OK
/mnt/mrdr/mc20/t0951_mrral_00n023_0327_4.img,770830848,770830848,OK
/mnt/mrdr/mc20/t0951_mrrde_00n023_0327_4.img,203413696,203413696,OK
/mnt/mrdr/mc20/t0951_mrrsu_00n023_0327_4.img,642359040,642359040,OK
/mnt/mrdr/mc20/t0952_mrral_00n028_0327_4.img,770830848,770830848,OK
/mnt/mrdr/mc20/t0952_mrrde_00n028_0327_4.img,203413696,203413696,OK
/mnt/mrdr/mc20/t0952_mrrsu_00n028_0327_4.img,642359040,642359040,OK
/mnt/mrdr/mc20/t0953_mrral_00n033_0327_4.img,770830848,770830848,OK
/mnt/mrdr/mc20/t0953_mrrde_00n033_0327_4.img,203413696,203413696,OK
/mnt/mrdr/mc20/t0953_mrrsu_00n033_0327_4.img,642359040,642359040,OK
/mnt/mrdr/mc20/t0954_mrral_00n038_0327_4.img,770830848,770830848,OK
/mnt/mrdr/mc20/t0954_mrrde_00n038_0327_4.img,203413696,203413696,OK
/mnt/mrdr/mc20/t0954_mrrsu_00n038_0327_4.img,642359040,642359040,OK
/mnt/mrdr/mc20/t0955_mrral_00n043_0327_4.img,770830848,770830848,OK
/mnt/mrdr/mc20/t0955_mrrde_00n043_0327_4.img,203413696,203413696,OK
/mnt/mrdr/mc20/t0955_mrrsu_00n043_0327_4.img,642359040,642359040,OK
/mnt/mrdr/mc21/t0596_mrral_25s048_0327_4.img,698742144,698742144,OK
/mnt/mrdr/mc21/t0596_mrrde_25s048_0327_4.img,184390288,184390288,OK
/mnt/mrdr/mc21/t0596_mrrsu_25s048_0327_4.img,582285120,582285120,OK
/mnt/mrdr/mc21/t0597_mrral_25s053_0327_4.img,698742144,698742144,OK
/mnt/mrdr/mc21/t0597_mrrde_25s053_0327_4.img,184390288,184390288,OK
/mnt/mrdr/mc21/t0597_mrrsu_25s053_0327_4.img,582285120,582285120,OK
/mnt/mrdr/mc21/t0598_mrral_25s058_0327_4.img,698270976,698270976,OK
/mnt/mrdr/mc21/t0598_mrrde_25s058_0327_4.img,184265952,184265952,OK
/mnt/mrdr/mc21/t0598_mrrsu_25s058_0327_4.img,581892480,581892480,OK
/mnt/mrdr/mc21/t0599_mrral_25s063_0327_4.img,698742144,698742144,OK
/mnt/mrdr/mc21/t0599_mrrde_25s063_0327_4.img,184390288,184390288,OK
/mnt/mrdr/mc21/t0599_mrrsu_25s063_0327_4.img,582285120,582285120,OK
/mnt/mrdr/mc21/t0600_mrral_25s068_0327_4.img,698742144,698742144,OK
/mnt/mrdr/mc21/t0600_mrrde_25s068_0327_4.img,184390288,184390288,OK
/mnt/mrdr/mc21/t0600_mrrsu_25s068_0327_4.img,582285120,582285120,OK
/mnt/mrdr/mc21/t0601_mrral_25s073_0327_4.img,698742144,698742144,OK
/mnt/mrdr/mc21/t0601_mrrde_25s073_0327_4.img,184390288,184390288,OK
/mnt/mrdr/mc21/t0601_mrrsu_25s073_0327_4.img,582285120,582285120,OK
/mnt/mrdr/mc21/t0602_mrral_25s078_0327_4.img,698270976,698270976,OK
/mnt/mrdr/mc21/t0602_mrrde_25s078_0327_4.img,184265952,184265952,OK
/mnt/mrdr/mc21/t0602_mrrsu_25s078_0327_4.img,581892480,581892480,OK
/mnt/mrdr/mc21/t0603_mrral_25s083_0327_4.img,698742144,698742144,OK
/mnt/mrdr/mc21/t0603_mrrde_25s083_0327_4.img,184390288,184390288,OK
/mnt/mrdr/mc21/t0603_mrrsu_25s083_0327_4.img,582285120,582285120,OK
/mnt/mrdr/mc21/t0604_mrral_25s088_0327_4.img,698742144,698742144,OK
/mnt/mrdr/mc21/t0604_mrrde_25s088_0327_4.img,184390288,184390288,OK
/mnt/mrdr/mc21/t0604_mrrsu_25s088_0327_4.img,582285120,582285120,OK
/mnt/mrdr/mc21/t0668_mrral_20s048_0327_4.img,724656384,724656384,OK
/mnt/mrdr/mc21/t0668_mrrde_20s048_0327_4.img,191228768,191228768,OK
/mnt/mrdr/mc21/t0668_mrrsu_20s048_0327_4.img,603880320,603880320,OK
/mnt/mrdr/mc21/t0669_mrral_20s053_0327_4.img,724185216,724185216,OK
/mnt/mrdr/mc21/t0669_mrrde_20s053_0327_4.img,191104432,191104432,OK
/mnt/mrdr/mc21/t0669_mrrsu_20s053_0327_4.img,603487680,603487680,OK
/mnt/mrdr/mc21/t0670_mrral_20s058_0327_4.img,724185216,724185216,OK
/mnt/mrdr/mc21/t0670_mrrde_20s058_0327_4.img,191104432,191104432,OK
/mnt/mrdr/mc21/t0670_mrrsu_20s058_0327_4.img,603487680,603487680,OK
/mnt/mrdr/mc21/t0671_mrral_20s063_0327_4.img,724185216,724185216,OK
/mnt/mrdr/mc21/t0671_mrrde_20s063_0327_4.img,191104432,191104432,OK
/mnt/mrdr/mc21/t0671_mrrsu_20s063_0327_4.img,603487680,603487680,OK
/mnt/mrdr/mc21/t0672_mrral_20s068_0327_4.img,724185216,724185216,OK
/mnt/mrdr/mc21/t0672_mrrde_20s068_0327_4.img,191104432,191104432,OK
/mnt/mrdr/mc21/t0672_mrrsu_20s068_0327_4.img,603487680,603487680,OK
/mnt/mrdr/mc21/t0673_mrral_20s073_0327_4.img,724656384,724656384,OK
/mnt/mrdr/mc21/t0673_mrrde_20s073_0327_4.img,191228768,191228768,OK
/mnt/mrdr/mc21/t0673_mrrsu_20s073_0327_4.img,603880320,603880320,OK
/mnt/mrdr/mc21/t0674_mrral_20s078_0327_4.img,724656384,724656384,OK
/mnt/mrdr/mc21/t0674_mrrde_20s078_0327_4.img,191228768,191228768,OK
/mnt/mrdr/mc21/t0674_mrrsu_20s078_0327_4.img,603880320,603880320,OK
/mnt/mrdr/mc21/t0675_mrral_20s083_0327_4.img,724185216,724185216,OK
/mnt/mrdr/mc21/t0675_mrrde_20s083_0327_4.img,191104432,191104432,OK
/mnt/mrdr/mc21/t0675_mrrsu_20s083_0327_4.img,603487680,603487680,OK
/mnt/mrdr/mc21/t0676_mrral_20s088_0327_4.img,724656384,724656384,OK
/mnt/mrdr/mc21/t0676_mrrde_20s088_0327_4.img,191228768,191228768,OK
/mnt/mrdr/mc21/t0676_mrrsu_20s088_0327_4.img,603880320,603880320,OK
/mnt/mrdr/mc21/t0740_mrral_15s048_0327_4.img,744445440,744445440,OK
/mnt/mrdr/mc21/t0740_mrrde_15s048_0327_4.img,196450880,196450880,OK
/mnt/mrdr/mc21/t0740_mrrsu_15s048_0327_4.img,620371200,620371200,OK
/mnt/mrdr/mc21/t0741_mrral_15s053_0327_4.img,744445440,744445440,OK
/mnt/mrdr/mc21/t0741_mrrde_15s053_0327_4.img,196450880,196450880,OK
/mnt/mrdr/mc21/t0741_mrrsu_15s053_0327_4.img,620371200,620371200,OK
/mnt/mrdr/mc21/t0742_mrral_15s058_0327_4.img,744445440,744445440,OK
/mnt/mrdr/mc21/t0742_mrrde_15s058_0327_4.img,196450880,196450880,OK
/mnt/mrdr/mc21/t0742_mrrsu_15s058_0327_4.img,620371200,620371200,OK
/mnt/mrdr/mc21/t0743_mrral_15s063_0327_4.img,744916608,744916608,OK
/mnt/mrdr/mc21/t0743_mrrde_15s063_0327_4.img,196575216,196575216,OK
/mnt/mrdr/mc21/t0743_mrrsu_15s063_0327_4.img,620763840,620763840,OK
/mnt/mrdr/mc21/t0744_mrral_15s068_0327_4.img,744445440,744445440,OK
/mnt/mrdr/mc21/t0744_mrrde_15s068_0327_4.img,196450880,196450880,OK
/mnt/mrdr/mc21/t0744_mrrsu_15s068_0327_4.img,620371200,620371200,OK
/mnt/mrdr/mc21/t0745_mrral_15s073_0327_4.img,744445440,744445440,OK
/mnt/mrdr/mc21/t0745_mrrde_15s073_0327_4.img,196450880,196450880,OK
/mnt/mrdr/mc21/t0745_mrrsu_15s073_0327_4.img,620371200,620371200,OK
/mnt/mrdr/mc21/t0746_mrral_15s078_0327_4.img,744916608,744916608,OK
/mnt/mrdr/mc21/t0746_mrrde_15s078_0327_4.img,196575216,196575216,OK
/mnt/mrdr/mc21/t0746_mrrsu_15s078_0327_4.img,620763840,620763840,OK
/mnt/mrdr/mc21/t0747_mrral_15s083_0327_4.img,744445440,744445440,OK
/mnt/mrdr/mc21/t0747_mrrde_15s083_0327_4.img,196450880,196450880,OK
/mnt/mrdr/mc21/t0747_mrrsu_15s083_0327_4.img,620371200,620371200,OK
/mnt/mrdr/mc21/t0748_mrral_15s088_0327_4.img,744445440,744445440,OK
/mnt/mrdr/mc21/t0748_mrrde_15s088_0327_4.img,196450880,196450880,OK
/mnt/mrdr/mc21/t0748_mrrsu_15s088_0327_4.img,620371200,620371200,OK
/mnt/mrdr/mc21/t0812_mrral_10s048_0327_4.img,759051648,759051648,OK
/mnt/mrdr/mc21/t0812_mrrde_10s048_0327_4.img,200305296,200305296,OK
/mnt/mrdr/mc21/t0812_mrrsu_10s048_0327_4.img,632543040,632543040,OK
/mnt/mrdr/mc21/t0813_mrral_10s053_0327_4.img,759051648,759051648,OK
/mnt/mrdr/mc21/t0813_mrrde_10s053_0327_4.img,200305296,200305296,OK
/mnt/mrdr/mc21/t0813_mrrsu_10s053_0327_4.img,632543040,632543040,OK
/mnt/mrdr/mc21/t0814_mrral_10s058_0327_4.img,759522816,759522816,OK
/mnt/mrdr/mc21/t0814_mrrde_10s058_0327_4.img,200429632,200429632,OK
/mnt/mrdr/mc21/t0814_mrrsu_10s058_0327_4.img,632935680,632935680,OK
/mnt/mrdr/mc21/t0815_mrral_10s063_0327_4.img,759051648,759051648,OK
/mnt/mrdr/mc21/t0815_mrrde_10s063_0327_4.img,200305296,200305296,OK
/mnt/mrdr/mc21/t0815_mrrsu_10s063_0327_4.img,632543040,632543040,OK
/mnt/mrdr/mc21/t0816_mrral_10s068_0327_4.img,759051648,759051648,OK
/mnt/mrdr/mc21/t0816_mrrde_10s068_0327_4.img,200305296,200305296,OK
/mnt/mrdr/mc21/t0816_mrrsu_10s068_0327_4.img,632543040,632543040,OK
/mnt/mrdr/mc21/t0817_mrral_10s073_0327_4.img,759051648,759051648,OK
/mnt/mrdr/mc21/t0817_mrrde_10s073_0327_4.img,200305296,200305296,OK
/mnt/mrdr/mc21/t0817_mrrsu_10s073_0327_4.img,632543040,632543040,OK
/mnt/mrdr/mc21/t0818_mrral_10s078_0327_4.img,759051648,759051648,OK
/mnt/mrdr/mc21/t0818_mrrde_10s078_0327_4.img,200305296,200305296,OK
/mnt/mrdr/mc21/t0818_mrrsu_10s078_0327_4.img,632543040,632543040,OK
/mnt/mrdr/mc21/t0819_mrral_10s083_0327_4.img,759051648,759051648,OK
/mnt/mrdr/mc21/t0819_mrrde_10s083_0327_4.img,200305296,200305296,OK
/mnt/mrdr/mc21/t0819_mrrsu_10s083_0327_4.img,632543040,632543040,OK
/mnt/mrdr/mc21/t0820_mrral_10s088_0327_4.img,759522816,759522816,OK
/mnt/mrdr/mc21/t0820_mrrde_10s088_0327_4.img,200429632,200429632,OK
/mnt/mrdr/mc21/t0820_mrrsu_10s088_0327_4.img,632935680,632935680,OK
/mnt/mrdr/mc21/t0884_mrral_05s048_0327_4.img,768003840,768003840,OK
/mnt/mrdr/mc21/t0884_mrrde_05s048_0327_4.img,202667680,202667680,OK
/mnt/mrdr/mc21/t0884_mrrsu_05s048_0327_4.img,640003200,640003200,OK
/mnt/mrdr/mc21/t0885_mrral_05s053_0327_4.img,768003840,768003840,OK
/mnt/mrdr/mc21/t0885_mrrde_05s053_0327_4.img,202667680,202667680,OK
/mnt/mrdr/mc21/t0885_mrrsu_05s053_0327_4.img,640003200,640003200,OK
/mnt/mrdr/mc21/t0886_mrral_05s058_0327_4.img,768003840,768003840,OK
/mnt/mrdr/mc21/t0886_mrrde_05s058_0327_4.img,202667680,202667680,OK
/mnt/mrdr/mc21/t0886_mrrsu_05s058_0327_4.img,640003200,640003200,OK
/mnt/mrdr/mc21/t0887_mrral_05s063_0327_4.img,768003840,768003840,OK
/mnt/mrdr/mc21/t0887_mrrde_05s063_0327_4.img,202667680,202667680,OK
/mnt/mrdr/mc21/t0887_mrrsu_05s063_0327_4.img,640003200,640003200,OK
/mnt/mrdr/mc21/t0888_mrral_05s068_0327_4.img,768003840,768003840,OK
/mnt/mrdr/mc21/t0888_mrrde_05s068_0327_4.img,202667680,202667680,OK
/mnt/mrdr/mc21/t0888_mrrsu_05s068_0327_4.img,640003200,640003200,OK
/mnt/mrdr/mc21/t0889_mrral_05s073_0327_4.img,768003840,768003840,OK
/mnt/mrdr/mc21/t0889_mrrde_05s073_0327_4.img,202667680,202667680,OK
/mnt/mrdr/mc21/t0889_mrrsu_05s073_0327_4.img,640003200,640003200,OK
/mnt/mrdr/mc21/t0890_mrral_05s078_0327_4.img,768003840,768003840,OK
/mnt/mrdr/mc21/t0890_mrrde_05s078_0327_4.img,202667680,202667680,OK
/mnt/mrdr/mc21/t0890_mrrsu_05s078_0327_4.img,640003200,640003200,OK
/mnt/mrdr/mc21/t0891_mrral_05s083_0327_4.img,768003840,768003840,OK
/mnt/mrdr/mc21/t0891_mrrde_05s083_0327_4.img,202667680,202667680,OK
/mnt/mrdr/mc21/t0891_mrrsu_05s083_0327_4.img,640003200,640003200,OK
/mnt/mrdr/mc21/t0892_mrral_05s088_0327_4.img,768003840,768003840,OK
/mnt/mrdr/mc21/t0892_mrrde_05s088_0327_4.img,202667680,202667680,OK
/mnt/mrdr/mc21/t0892_mrrsu_05s088_0327_4.img,640003200,640003200,OK
/mnt/mrdr/mc21/t0956_mrral_00n048_0327_4.img,770830848,770830848,OK
/mnt/mrdr/mc21/t0956_mrrde_00n048_0327_4.img,203413696,203413696,OK
/mnt/mrdr/mc21/t0956_mrrsu_00n048_0327_4.img,642359040,642359040,OK
/mnt/mrdr/mc21/t0957_mrral_00n053_0327_4.img,770830848,770830848,OK
/mnt/mrdr/mc21/t0957_mrrde_00n053_0327_4.img,203413696,203413696,OK
/mnt/mrdr/mc21/t0957_mrrsu_00n053_0327_4.img,642359040,642359040,OK
/mnt/mrdr/mc21/t0958_mrral_00n058_0327_4.img,770830848,770830848,OK
/mnt/mrdr/mc21/t0958_mrrde_00n058_0327_4.img,203413696,203413696,OK
/mnt/mrdr/mc21/t0958_mrrsu_00n058_0327_4.img,642359040,642359040,OK
/mnt/mrdr/mc21/t0959_mrral_00n063_0327_4.img,770830848,770830848,OK
/mnt/mrdr/mc21/t0959_mrrde_00n063_0327_4.img,203413696,203413696,OK
/mnt/mrdr/mc21/t0959_mrrsu_00n063_0327_4.img,642359040,642359040,OK
/mnt/mrdr/mc21/t0960_mrral_00n068_0327_4.img,770830848,770830848,OK
/mnt/mrdr/mc21/t0960_mrrde_00n068_0327_4.img,203413696,203413696,OK
/mnt/mrdr/mc21/t0960_mrrsu_00n068_0327_4.img,642359040,642359040,OK
/mnt/mrdr/mc21/t0961_mrral_00n073_0327_4.img,770830848,770830848,OK
/mnt/mrdr/mc21/t0961_mrrde_00n073_0327_4.img,203413696,203413696,OK
/mnt/mrdr/mc21/t0961_mrrsu_00n073_0327_4.img,642359040,642359040,OK
/mnt/mrdr/mc21/t0962_mrral_00n078_0327_4.img,770830848,770830848,OK
/mnt/mrdr/mc21/t0962_mrrde_00n078_0327_4.img,203413696,203413696,OK
/mnt/mrdr/mc21/t0962_mrrsu_00n078_0327_4.img,642359040,642359040,OK
/mnt/mrdr/mc21/t0963_mrral_00n083_0327_4.img,770830848,770830848,OK
/mnt/mrdr/mc21/t0963_mrrde_00n083_0327_4.img,203413696,203413696,OK
/mnt/mrdr/mc21/t0963_mrrsu_00n083_0327_4.img,642359040,642359040,OK
/mnt/mrdr/mc21/t0964_mrral_00n088_0327_4.img,770830848,770830848,OK
/mnt/mrdr/mc21/t0964_mrrde_00n088_0327_4.img,203413696,203413696,OK
/mnt/mrdr/mc21/t0964_mrrsu_00n088_0327_4.img,642359040,642359040,OK
/mnt/mrdr/mc22/t0605_mrral_25s093_0327_4.img,698742144,698742144,OK
/mnt/mrdr/mc22/t0605_mrrde_25s093_0327_4.img,184390288,184390288,OK
/mnt/mrdr/mc22/t0605_mrrsu_25s093_0327_4.img,582285120,582285120,OK
/mnt/mrdr/mc22/t0606_mrral_25s098_0327_4.img,698270976,698270976,OK
/mnt/mrdr/mc22/t0606_mrrde_25s098_0327_4.img,184265952,184265952,OK
/mnt/mrdr/mc22/t0606_mrrsu_25s098_0327_4.img,581892480,581892480,OK
/mnt/mrdr/mc22/t0607_mrral_25s103_0327_4.img,698742144,698742144,OK
/mnt/mrdr/mc22/t0607_mrrde_25s103_0327_4.img,184390288,184390288,OK
/mnt/mrdr/mc22/t0607_mrrsu_25s103_0327_4.img,582285120,582285120,OK
/mnt/mrdr/mc22/t0608_mrral_25s108_0327_4.img,698742144,698742144,OK
/mnt/mrdr/mc22/t0608_mrrde_25s108_0327_4.img,184390288,184390288,OK
/mnt/mrdr/mc22/t0608_mrrsu_25s108_0327_4.img,582285120,582285120,OK
/mnt/mrdr/mc22/t0609_mrral_25s113_0327_4.img,698270976,698270976,OK
/mnt/mrdr/mc22/t0609_mrrde_25s113_0327_4.img,184265952,184265952,OK
/mnt/mrdr/mc22/t0609_mrrsu_25s113_0327_4.img,581892480,581892480,OK
/mnt/mrdr/mc22/t0610_mrral_25s118_0327_4.img,698270976,698270976,OK
/mnt/mrdr/mc22/t0610_mrrde_25s118_0327_4.img,184265952,184265952,OK
/mnt/mrdr/mc22/t0610_mrrsu_25s118_0327_4.img,581892480,581892480,OK
/mnt/mrdr/mc22/t0611_mrral_25s123_0327_4.img,698742144,698742144,OK
/mnt/mrdr/mc22/t0611_mrrde_25s123_0327_4.img,184390288,184390288,OK
/mnt/mrdr/mc22/t0611_mrrsu_25s123_0327_4.img,582285120,582285120,OK
/mnt/mrdr/mc22/t0612_mrral_25s128_0327_4.img,698742144,698742144,OK
/mnt/mrdr/mc22/t0612_mrrde_25s128_0327_4.img,184390288,184390288,OK
/mnt/mrdr/mc22/t0612_mrrsu_25s128_0327_4.img,582285120,582285120,OK
/mnt/mrdr/mc22/t0613_mrral_25s133_0327_4.img,698742144,698742144,OK
/mnt/mrdr/mc22/t0613_mrrde_25s133_0327_4.img,184390288,184390288,OK
/mnt/mrdr/mc22/t0613_mrrsu_25s133_0327_4.img,582285120,582285120,OK
/mnt/mrdr/mc22/t0677_mrral_20s093_0327_4.img,724185216,724185216,OK
/mnt/mrdr/mc22/t0677_mrrde_20s093_0327_4.img,191104432,191104432,OK
/mnt/mrdr/mc22/t0677_mrrsu_20s093_0327_4.img,603487680,603487680,OK
/mnt/mrdr/mc22/t0678_mrral_20s098_0327_4.img,724656384,724656384,OK
/mnt/mrdr/mc22/t0678_mrrde_20s098_0327_4.img,191228768,191228768,OK
/mnt/mrdr/mc22/t0678_mrrsu_20s098_0327_4.img,603880320,603880320,OK
/mnt/mrdr/mc22/t0679_mrral_20s103_0327_4.img,724185216,724185216,OK
/mnt/mrdr/mc22/t0679_mrrde_20s103_0327_4.img,191104432,191104432,OK
/mnt/mrdr/mc22/t0679_mrrsu_20s103_0327_4.img,603487680,603487680,OK
/mnt/mrdr/mc22/t0680_mrral_20s108_0327_4.img,724185216,724185216,OK
/mnt/mrdr/mc22/t0680_mrrde_20s108_0327_4.img,191104432,191104432,OK
/mnt/mrdr/mc22/t0680_mrrsu_20s108_0327_4.img,603487680,603487680,OK
/mnt/mrdr/mc22/t0681_mrral_20s113_0327_4.img,724656384,724656384,OK
/mnt/mrdr/mc22/t0681_mrrde_20s113_0327_4.img,191228768,191228768,OK
/mnt/mrdr/mc22/t0681_mrrsu_20s113_0327_4.img,603880320,603880320,OK
/mnt/mrdr/mc22/t0682_mrral_20s118_0327_4.img,724185216,724185216,OK
/mnt/mrdr/mc22/t0682_mrrde_20s118_0327_4.img,191104432,191104432,OK
/mnt/mrdr/mc22/t0682_mrrsu_20s118_0327_4.img,603487680,603487680,OK
/mnt/mrdr/mc22/t0683_mrral_20s123_0327_4.img,724185216,724185216,OK
/mnt/mrdr/mc22/t0683_mrrde_20s123_0327_4.img,191104432,191104432,OK
/mnt/mrdr/mc22/t0683_mrrsu_20s123_0327_4.img,603487680,603487680,OK
/mnt/mrdr/mc22/t0684_mrral_20s128_0327_4.img,724656384,724656384,OK
/mnt/mrdr/mc22/t0684_mrrde_20s128_0327_4.img,191228768,191228768,OK
/mnt/mrdr/mc22/t0684_mrrsu_20s128_0327_4.img,603880320,603880320,OK
/mnt/mrdr/mc22/t0685_mrral_20s133_0327_4.img,724185216,724185216,OK
/mnt/mrdr/mc22/t0685_mrrde_20s133_0327_4.img,191104432,191104432,OK
/mnt/mrdr/mc22/t0685_mrrsu_20s133_0327_4.img,603487680,603487680,OK
/mnt/mrdr/mc22/t0749_mrral_15s093_0327_4.img,744445440,744445440,OK
/mnt/mrdr/mc22/t0749_mrrde_15s093_0327_4.img,196450880,196450880,OK
/mnt/mrdr/mc22/t0749_mrrsu_15s093_0327_4.img,620371200,620371200,OK
/mnt/mrdr/mc22/t0750_mrral_15s098_0327_4.img,744445440,744445440,OK
/mnt/mrdr/mc22/t0750_mrrde_15s098_0327_4.img,196450880,196450880,OK
/mnt/mrdr/mc22/t0750_mrrsu_15s098_0327_4.img,620371200,620371200,OK
/mnt/mrdr/mc22/t0751_mrral_15s103_0327_4.img,744445440,744445440,OK
/mnt/mrdr/mc22/t0751_mrrde_15s103_0327_4.img,196450880,196450880,OK
/mnt/mrdr/mc22/t0751_mrrsu_15s103_0327_4.img,620371200,620371200,OK
/mnt/mrdr/mc22/t0752_mrral_15s108_0327_4.img,744445440,744445440,OK
/mnt/mrdr/mc22/t0752_mrrde_15s108_0327_4.img,196450880,196450880,OK
/mnt/mrdr/mc22/t0752_mrrsu_15s108_0327_4.img,620371200,620371200,OK
/mnt/mrdr/mc22/t0753_mrral_15s113_0327_4.img,744916608,744916608,OK
/mnt/mrdr/mc22/t0753_mrrde_15s113_0327_4.img,196575216,196575216,OK
/mnt/mrdr/mc22/t0753_mrrsu_15s113_0327_4.img,620763840,620763840,OK
/mnt/mrdr/mc22/t0754_mrral_15s118_0327_4.img,744445440,744445440,OK
/mnt/mrdr/mc22/t0754_mrrde_15s118_0327_4.img,196450880,196450880,OK
/mnt/mrdr/mc22/t0754_mrrsu_15s118_0327_4.img,620371200,620371200,OK
/mnt/mrdr/mc22/t0755_mrral_15s123_0327_4.img,744445440,744445440,OK
/mnt/mrdr/mc22/t0755_mrrde_15s123_0327_4.img,196450880,196450880,OK
/mnt/mrdr/mc22/t0755_mrrsu_15s123_0327_4.img,620371200,620371200,OK
/mnt/mrdr/mc22/t0756_mrral_15s128_0327_4.img,744916608,744916608,OK
/mnt/mrdr/mc22/t0756_mrrde_15s128_0327_4.img,196575216,196575216,OK
/mnt/mrdr/mc22/t0756_mrrsu_15s128_0327_4.img,620763840,620763840,OK
/mnt/mrdr/mc22/t0757_mrral_15s133_0327_4.img,744916608,744916608,OK
/mnt/mrdr/mc22/t0757_mrrde_15s133_0327_4.img,196575216,196575216,OK
/mnt/mrdr/mc22/t0757_mrrsu_15s133_0327_4.img,620763840,620763840,OK
/mnt/mrdr/mc22/t0821_mrral_10s093_0327_4.img,759051648,759051648,OK
/mnt/mrdr/mc22/t0821_mrrde_10s093_0327_4.img,200305296,200305296,OK
/mnt/mrdr/mc22/t0821_mrrsu_10s093_0327_4.img,632543040,632543040,OK
/mnt/mrdr/mc22/t0822_mrral_10s098_0327_4.img,759051648,759051648,OK
/mnt/mrdr/mc22/t0822_mrrde_10s098_0327_4.img,200305296,200305296,OK
/mnt/mrdr/mc22/t0822_mrrsu_10s098_0327_4.img,632543040,632543040,OK
/mnt/mrdr/mc22/t0823_mrral_10s103_0327_4.img,759051648,759051648,OK
/mnt/mrdr/mc22/t0823_mrrde_10s103_0327_4.img,200305296,200305296,OK
/mnt/mrdr/mc22/t0823_mrrsu_10s103_0327_4.img,632543040,632543040,OK
/mnt/mrdr/mc22/t0824_mrral_10s108_0327_4.img,759051648,759051648,OK
/mnt/mrdr/mc22/t0824_mrrde_10s108_0327_4.img,200305296,200305296,OK
/mnt/mrdr/mc22/t0824_mrrsu_10s108_0327_4.img,632543040,632543040,OK
/mnt/mrdr/mc22/t0825_mrral_10s113_0327_4.img,759051648,759051648,OK
/mnt/mrdr/mc22/t0825_mrrde_10s113_0327_4.img,200305296,200305296,OK
/mnt/mrdr/mc22/t0825_mrrsu_10s113_0327_4.img,632543040,632543040,OK
/mnt/mrdr/mc22/t0826_mrral_10s118_0327_4.img,759051648,759051648,OK
/mnt/mrdr/mc22/t0826_mrrde_10s118_0327_4.img,200305296,200305296,OK
/mnt/mrdr/mc22/t0826_mrrsu_10s118_0327_4.img,632543040,632543040,OK
/mnt/mrdr/mc22/t0827_mrral_10s123_0327_4.img,759051648,759051648,OK
/mnt/mrdr/mc22/t0827_mrrde_10s123_0327_4.img,200305296,200305296,OK
/mnt/mrdr/mc22/t0827_mrrsu_10s123_0327_4.img,632543040,632543040,OK
/mnt/mrdr/mc22/t0828_mrral_10s128_0327_4.img,759051648,759051648,OK
/mnt/mrdr/mc22/t0828_mrrde_10s128_0327_4.img,200305296,200305296,OK
/mnt/mrdr/mc22/t0828_mrrsu_10s128_0327_4.img,632543040,632543040,OK
/mnt/mrdr/mc22/t0829_mrral_10s133_0327_4.img,759051648,759051648,OK
/mnt/mrdr/mc22/t0829_mrrde_10s133_0327_4.img,200305296,200305296,OK
/mnt/mrdr/mc22/t0829_mrrsu_10s133_0327_4.img,632543040,632543040,OK
/mnt/mrdr/mc22/t0893_mrral_05s093_0327_4.img,768003840,768003840,OK
/mnt/mrdr/mc22/t0893_mrrde_05s093_0327_4.img,202667680,202667680,OK
/mnt/mrdr/mc22/t0893_mrrsu_05s093_0327_4.img,640003200,640003200,OK
/mnt/mrdr/mc22/t0894_mrral_05s098_0327_4.img,767532672,767532672,OK
/mnt/mrdr/mc22/t0894_mrrde_05s098_0327_4.img,202543344,202543344,OK
/mnt/mrdr/mc22/t0894_mrrsu_05s098_0327_4.img,639610560,639610560,OK
/mnt/mrdr/mc22/t0895_mrral_05s103_0327_4.img,768003840,768003840,OK
/mnt/mrdr/mc22/t0895_mrrde_05s103_0327_4.img,202667680,202667680,OK
/mnt/mrdr/mc22/t0895_mrrsu_05s103_0327_4.img,640003200,640003200,OK
/mnt/mrdr/mc22/t0896_mrral_05s108_0327_4.img,768003840,768003840,OK
/mnt/mrdr/mc22/t0896_mrrde_05s108_0327_4.img,202667680,202667680,OK
/mnt/mrdr/mc22/t0896_mrrsu_05s108_0327_4.img,640003200,640003200,OK
/mnt/mrdr/mc22/t0897_mrral_05s113_0327_4.img,768003840,768003840,OK
/mnt/mrdr/mc22/t0897_mrrde_05s113_0327_4.img,202667680,202667680,OK
/mnt/mrdr/mc22/t0897_mrrsu_05s113_0327_4.img,640003200,640003200,OK
/mnt/mrdr/mc22/t0898_mrral_05s118_0327_4.img,767532672,767532672,OK
/mnt/mrdr/mc22/t0898_mrrde_05s118_0327_4.img,202543344,202543344,OK
/mnt/mrdr/mc22/t0898_mrrsu_05s118_0327_4.img,639610560,639610560,OK
/mnt/mrdr/mc22/t0899_mrral_05s123_0327_4.img,768003840,768003840,OK
/mnt/mrdr/mc22/t0899_mrrde_05s123_0327_4.img,202667680,202667680,OK
/mnt/mrdr/mc22/t0899_mrrsu_05s123_0327_4.img,640003200,640003200,OK
/mnt/mrdr/mc22/t0900_mrral_05s128_0327_4.img,768003840,768003840,OK
/mnt/mrdr/mc22/t0900_mrrde_05s128_0327_4.img,202667680,202667680,OK
/mnt/mrdr/mc22/t0900_mrrsu_05s128_0327_4.img,640003200,640003200,OK
/mnt/mrdr/mc22/t0901_mrral_05s133_0327_4.img,768003840,768003840,OK
/mnt/mrdr/mc22/t0901_mrrde_05s133_0327_4.img,202667680,202667680,OK
/mnt/mrdr/mc22/t0901_mrrsu_05s133_0327_4.img,640003200,640003200,OK
/mnt/mrdr/mc22/t0965_mrral_00n093_0327_4.img,770830848,770830848,OK
/mnt/mrdr/mc22/t0965_mrrde_00n093_0327_4.img,203413696,203413696,OK
/mnt/mrdr/mc22/t0965_mrrsu_00n093_0327_4.img,642359040,642359040,OK
/mnt/mrdr/mc22/t0966_mrral_00n098_0327_4.img,770830848,770830848,OK
/mnt/mrdr/mc22/t0966_mrrde_00n098_0327_4.img,203413696,203413696,OK
/mnt/mrdr/mc22/t0966_mrrsu_00n098_0327_4.img,642359040,642359040,OK
/mnt/mrdr/mc22/t0967_mrral_00n103_0327_4.img,770830848,770830848,OK
/mnt/mrdr/mc22/t0967_mrrde_00n103_0327_4.img,203413696,203413696,OK
/mnt/mrdr/mc22/t0967_mrrsu_00n103_0327_4.img,642359040,642359040,OK
/mnt/mrdr/mc22/t0968_mrral_00n108_0327_4.img,770830848,770830848,OK
/mnt/mrdr/mc22/t0968_mrrde_00n108_0327_4.img,203413696,203413696,OK
/mnt/mrdr/mc22/t0968_mrrsu_00n108_0327_4.img,642359040,642359040,OK
/mnt/mrdr/mc22/t0969_mrral_00n113_0327_4.img,770830848,770830848,OK
/mnt/mrdr/mc22/t0969_mrrde_00n113_0327_4.img,203413696,203413696,OK
/mnt/mrdr/mc22/t0969_mrrsu_00n113_0327_4.img,642359040,642359040,OK
/mnt/mrdr/mc22/t0970_mrral_00n118_0327_4.img,770830848,770830848,OK
/mnt/mrdr/mc22/t0970_mrrde_00n118_0327_4.img,203413696,203413696,OK
/mnt/mrdr/mc22/t0970_mrrsu_00n118_0327_4.img,642359040,642359040,OK
/mnt/mrdr/mc22/t0971_mrral_00n123_0327_4.img,770830848,770830848,OK
/mnt/mrdr/mc22/t0971_mrrde_00n123_0327_4.img,203413696,203413696,OK
/mnt/mrdr/mc22/t0971_mrrsu_00n123_0327_4.img,642359040,642359040,OK
/mnt/mrdr/mc22/t0972_mrral_00n128_0327_4.img,770830848,770830848,OK
/mnt/mrdr/mc22/t0972_mrrde_00n128_0327_4.img,203413696,203413696,OK
/mnt/mrdr/mc22/t0972_mrrsu_00n128_0327_4.img,642359040,642359040,OK
/mnt/mrdr/mc22/t0973_mrral_00n133_0327_4.img,770830848,770830848,OK
/mnt/mrdr/mc22/t0973_mrrde_00n133_0327_4.img,203413696,203413696,OK
/mnt/mrdr/mc22/t0973_mrrsu_00n133_0327_4.img,642359040,642359040,OK
/mnt/mrdr/mc23/t0614_mrral_25s138_0327_4.img,698742144,698742144,OK
/mnt/mrdr/mc23/t0614_mrrde_25s138_0327_4.img,184390288,184390288,OK
/mnt/mrdr/mc23/t0614_mrrsu_25s138_0327_4.img,582285120,582285120,OK
/mnt/mrdr/mc23/t0615_mrral_25s143_0327_4.img,698270976,698270976,OK
/mnt/mrdr/mc23/t0615_mrrde_25s143_0327_4.img,184265952,184265952,OK
/mnt/mrdr/mc23/t0615_mrrsu_25s143_0327_4.img,581892480,581892480,OK
/mnt/mrdr/mc23/t0616_mrral_25s148_0327_4.img,698742144,698742144,OK
/mnt/mrdr/mc23/t0616_mrrde_25s148_0327_4.img,184390288,184390288,OK
/mnt/mrdr/mc23/t0616_mrrsu_25s148_0327_4.img,582285120,582285120,OK
/mnt/mrdr/mc23/t0617_mrral_25s153_0327_4.img,698742144,698742144,OK
/mnt/mrdr/mc23/t0617_mrrde_25s153_0327_4.img,184390288,184390288,OK
/mnt/mrdr/mc23/t0617_mrrsu_25s153_0327_4.img,582285120,582285120,OK
/mnt/mrdr/mc23/t0618_mrral_25s158_0327_4.img,698742144,698742144,OK
/mnt/mrdr/mc23/t0618_mrrde_25s158_0327_4.img,184390288,184390288,OK
/mnt/mrdr/mc23/t0618_mrrsu_25s158_0327_4.img,582285120,582285120,OK
/mnt/mrdr/mc23/t0619_mrral_25s163_0327_4.img,698742144,698742144,OK
/mnt/mrdr/mc23/t0619_mrrde_25s163_0327_4.img,184390288,184390288,OK
/mnt/mrdr/mc23/t0619_mrrsu_25s163_0327_4.img,582285120,582285120,OK
/mnt/mrdr/mc23/t0620_mrral_25s168_0327_4.img,698742144,698742144,OK
/mnt/mrdr/mc23/t0620_mrrde_25s168_0327_4.img,184390288,184390288,OK
/mnt/mrdr/mc23/t0620_mrrsu_25s168_0327_4.img,582285120,582285120,OK
/mnt/mrdr/mc23/t0621_mrral_25s173_0327_4.img,698270976,698270976,OK
/mnt/mrdr/mc23/t0621_mrrde_25s173_0327_4.img,184265952,184265952,OK
/mnt/mrdr/mc23/t0621_mrrsu_25s173_0327_4.img,581892480,581892480,OK
/mnt/mrdr/mc23/t0622_mrral_25s178_0327_4.img,698270976,698270976,OK
/mnt/mrdr/mc23/t0622_mrrde_25s178_0327_4.img,184265952,184265952,OK
/mnt/mrdr/mc23/t0622_mrrsu_25s178_0327_4.img,581892480,581892480,OK
/mnt/mrdr/mc23/t0686_mrral_20s138_0327_4.img,724185216,724185216,OK
/mnt/mrdr/mc23/t0686_mrrde_20s138_0327_4.img,191104432,191104432,OK
/mnt/mrdr/mc23/t0686_mrrsu_20s138_0327_4.img,603487680,603487680,OK
/mnt/mrdr/mc23/t0687_mrral_20s143_0327_4.img,724185216,724185216,OK
/mnt/mrdr/mc23/t0687_mrrde_20s143_0327_4.img,191104432,191104432,OK
/mnt/mrdr/mc23/t0687_mrrsu_20s143_0327_4.img,603487680,603487680,OK
/mnt/mrdr/mc23/t0688_mrral_20s148_0327_4.img,724185216,724185216,OK
/mnt/mrdr/mc23/t0688_mrrde_20s148_0327_4.img,191104432,191104432,OK
/mnt/mrdr/mc23/t0688_mrrsu_20s148_0327_4.img,603487680,603487680,OK
/mnt/mrdr/mc23/t0689_mrral_20s153_0327_4.img,724185216,724185216,OK
/mnt/mrdr/mc23/t0689_mrrde_20s153_0327_4.img,191104432,191104432,OK
/mnt/mrdr/mc23/t0689_mrrsu_20s153_0327_4.img,603487680,603487680,OK
/mnt/mrdr/mc23/t0690_mrral_20s158_0327_4.img,724185216,724185216,OK
/mnt/mrdr/mc23/t0690_mrrde_20s158_0327_4.img,191104432,191104432,OK
/mnt/mrdr/mc23/t0690_mrrsu_20s158_0327_4.img,603487680,603487680,OK
/mnt/mrdr/mc23/t0691_mrral_20s163_0327_4.img,724185216,724185216,OK
/mnt/mrdr/mc23/t0691_mrrde_20s163_0327_4.img,191104432,191104432,OK
/mnt/mrdr/mc23/t0691_mrrsu_20s163_0327_4.img,603487680,603487680,OK
/mnt/mrdr/mc23/t0692_mrral_20s168_0327_4.img,724656384,724656384,OK
/mnt/mrdr/mc23/t0692_mrrde_20s168_0327_4.img,191228768,191228768,OK
/mnt/mrdr/mc23/t0692_mrrsu_20s168_0327_4.img,603880320,603880320,OK
/mnt/mrdr/mc23/t0693_mrral_20s173_0327_4.img,724185216,724185216,OK
/mnt/mrdr/mc23/t0693_mrrde_20s173_0327_4.img,191104432,191104432,OK
/mnt/mrdr/mc23/t0693_mrrsu_20s173_0327_4.img,603487680,603487680,OK
/mnt/mrdr/mc23/t0694_mrral_20s178_0327_4.img,724656384,724656384,OK
/mnt/mrdr/mc23/t0694_mrrde_20s178_0327_4.img,191228768,191228768,OK
/mnt/mrdr/mc23/t0694_mrrsu_20s178_0327_4.img,603880320,603880320,OK
/mnt/mrdr/mc23/t0758_mrral_15s138_0327_4.img,744916608,744916608,OK
/mnt/mrdr/mc23/t0758_mrrde_15s138_0327_4.img,196575216,196575216,OK
/mnt/mrdr/mc23/t0758_mrrsu_15s138_0327_4.img,620763840,620763840,OK
/mnt/mrdr/mc23/t0759_mrral_15s143_0327_4.img,744916608,744916608,OK
/mnt/mrdr/mc23/t0759_mrrde_15s143_0327_4.img,196575216,196575216,OK
/mnt/mrdr/mc23/t0759_mrrsu_15s143_0327_4.img,620763840,620763840,OK
/mnt/mrdr/mc23/t0760_mrral_15s148_0327_4.img,744445440,744445440,OK
/mnt/mrdr/mc23/t0760_mrrde_15s148_0327_4.img,196450880,196450880,OK
/mnt/mrdr/mc23/t0760_mrrsu_15s148_0327_4.img,620371200,620371200,OK
/mnt/mrdr/mc23/t0761_mrral_15s153_0327_4.img,744916608,744916608,OK
/mnt/mrdr/mc23/t0761_mrrde_15s153_0327_4.img,196575216,196575216,OK
/mnt/mrdr/mc23/t0761_mrrsu_15s153_0327_4.img,620763840,620763840,OK
/mnt/mrdr/mc23/t0762_mrral_15s158_0327_4.img,744916608,744916608,OK
/mnt/mrdr/mc23/t0762_mrrde_15s158_0327_4.img,196575216,196575216,OK
/mnt/mrdr/mc23/t0762_mrrsu_15s158_0327_4.img,620763840,620763840,OK
/mnt/mrdr/mc23/t0763_mrral_15s163_0327_4.img,744445440,744445440,OK
/mnt/mrdr/mc23/t0763_mrrde_15s163_0327_4.img,196450880,196450880,OK
/mnt/mrdr/mc23/t0763_mrrsu_15s163_0327_4.img,620371200,620371200,OK
/mnt/mrdr/mc23/t0764_mrral_15s168_0327_4.img,744445440,744445440,OK
/mnt/mrdr/mc23/t0764_mrrde_15s168_0327_4.img,196450880,196450880,OK
/mnt/mrdr/mc23/t0764_mrrsu_15s168_0327_4.img,620371200,620371200,OK
/mnt/mrdr/mc23/t0765_mrral_15s173_0327_4.img,744916608,744916608,OK
/mnt/mrdr/mc23/t0765_mrrde_15s173_0327_4.img,196575216,196575216,OK
/mnt/mrdr/mc23/t0765_mrrsu_15s173_0327_4.img,620763840,620763840,OK
/mnt/mrdr/mc23/t0766_mrral_15s178_0327_4.img,744916608,744916608,OK
/mnt/mrdr/mc23/t0766_mrrde_15s178_0327_4.img,196575216,196575216,OK
/mnt/mrdr/mc23/t0766_mrrsu_15s178_0327_4.img,620763840,620763840,OK
/mnt/mrdr/mc23/t0830_mrral_10s138_0327_4.img,759051648,759051648,OK
/mnt/mrdr/mc23/t0830_mrrde_10s138_0327_4.img,200305296,200305296,OK
/mnt/mrdr/mc23/t0830_mrrsu_10s138_0327_4.img,632543040,632543040,OK
/mnt/mrdr/mc23/t0831_mrral_10s143_0327_4.img,759051648,759051648,OK
/mnt/mrdr/mc23/t0831_mrrde_10s143_0327_4.img,200305296,200305296,OK
/mnt/mrdr/mc23/t0831_mrrsu_10s143_0327_4.img,632543040,632543040,OK
/mnt/mrdr/mc23/t0832_mrral_10s148_0327_4.img,759051648,759051648,OK
/mnt/mrdr/mc23/t0832_mrrde_10s148_0327_4.img,200305296,200305296,OK
/mnt/mrdr/mc23/t0832_mrrsu_10s148_0327_4.img,632543040,632543040,OK
/mnt/mrdr/mc23/t0833_mrral_10s153_0327_4.img,759522816,759522816,OK
/mnt/mrdr/mc23/t0833_mrrde_10s153_0327_4.img,200429632,200429632,OK
/mnt/mrdr/mc23/t0833_mrrsu_10s153_0327_4.img,632935680,632935680,OK
/mnt/mrdr/mc23/t0834_mrral_10s158_0327_4.img,759051648,759051648,OK
/mnt/mrdr/mc23/t0834_mrrde_10s158_0327_4.img,200305296,200305296,OK
/mnt/mrdr/mc23/t0834_mrrsu_10s158_0327_4.img,632543040,632543040,OK
/mnt/mrdr/mc23/t0835_mrral_10s163_0327_4.img,759051648,759051648,OK
/mnt/mrdr/mc23/t0835_mrrde_10s163_0327_4.img,200305296,200305296,OK
/mnt/mrdr/mc23/t0835_mrrsu_10s163_0327_4.img,632543040,632543040,OK
/mnt/mrdr/mc23/t0836_mrral_10s168_0327_4.img,759051648,759051648,OK
/mnt/mrdr/mc23/t0836_mrrde_10s168_0327_4.img,200305296,200305296,OK
/mnt/mrdr/mc23/t0836_mrrsu_10s168_0327_4.img,632543040,632543040,OK
/mnt/mrdr/mc23/t0837_mrral_10s173_0327_4.img,759051648,759051648,OK
/mnt/mrdr/mc23/t0837_mrrde_10s173_0327_4.img,200305296,200305296,OK
/mnt/mrdr/mc23/t0837_mrrsu_10s173_0327_4.img,632543040,632543040,OK
/mnt/mrdr/mc23/t0838_mrral_10s178_0327_4.img,759051648,759051648,OK
/mnt/mrdr/mc23/t0838_mrrde_10s178_0327_4.img,200305296,200305296,OK
/mnt/mrdr/mc23/t0838_mrrsu_10s178_0327_4.img,632543040,632543040,OK
/mnt/mrdr/mc23/t0902_mrral_05s138_0327_4.img,768003840,768003840,OK
/mnt/mrdr/mc23/t0902_mrrde_05s138_0327_4.img,202667680,202667680,OK
/mnt/mrdr/mc23/t0902_mrrsu_05s138_0327_4.img,640003200,640003200,OK
/mnt/mrdr/mc23/t0903_mrral_05s143_0327_4.img,767532672,767532672,OK
/mnt/mrdr/mc23/t0903_mrrde_05s143_0327_4.img,202543344,202543344,OK
/mnt/mrdr/mc23/t0903_mrrsu_05s143_0327_4.img,639610560,639610560,OK
/mnt/mrdr/mc23/t0904_mrral_05s148_0327_4.img,768003840,768003840,OK
/mnt/mrdr/mc23/t0904_mrrde_05s148_0327_4.img,202667680,202667680,OK
/mnt/mrdr/mc23/t0904_mrrsu_05s148_0327_4.img,640003200,640003200,OK
/mnt/mrdr/mc23/t0905_mrral_05s153_0327_4.img,768003840,768003840,OK
/mnt/mrdr/mc23/t0905_mrrde_05s153_0327_4.img,202667680,202667680,OK
/mnt/mrdr/mc23/t0905_mrrsu_05s153_0327_4.img,640003200,640003200,OK
/mnt/mrdr/mc23/t0906_mrral_05s158_0327_4.img,767532672,767532672,OK
/mnt/mrdr/mc23/t0906_mrrde_05s158_0327_4.img,202543344,202543344,OK
/mnt/mrdr/mc23/t0906_mrrsu_05s158_0327_4.img,639610560,639610560,OK
/mnt/mrdr/mc23/t0907_mrral_05s163_0327_4.img,768003840,768003840,OK
/mnt/mrdr/mc23/t0907_mrrde_05s163_0327_4.img,202667680,202667680,OK
/mnt/mrdr/mc23/t0907_mrrsu_05s163_0327_4.img,640003200,640003200,OK
/mnt/mrdr/mc23/t0908_mrral_05s168_0327_4.img,768003840,768003840,OK
/mnt/mrdr/mc23/t0908_mrrde_05s168_0327_4.img,202667680,202667680,OK
/mnt/mrdr/mc23/t0908_mrrsu_05s168_0327_4.img,640003200,640003200,OK
/mnt/mrdr/mc23/t0909_mrral_05s173_0327_4.img,767532672,767532672,OK
/mnt/mrdr/mc23/t0909_mrrde_05s173_0327_4.img,202543344,202543344,OK
/mnt/mrdr/mc23/t0909_mrrsu_05s173_0327_4.img,639610560,639610560,OK
/mnt/mrdr/mc23/t0910_mrral_05s178_0327_4.img,767532672,767532672,OK
/mnt/mrdr/mc23/t0910_mrrde_05s178_0327_4.img,202543344,202543344,OK
/mnt/mrdr/mc23/t0910_mrrsu_05s178_0327_4.img,639610560,639610560,OK
/mnt/mrdr/mc23/t0974_mrral_00n138_0327_4.img,770830848,770830848,OK
/mnt/mrdr/mc23/t0974_mrrde_00n138_0327_4.img,203413696,203413696,OK
/mnt/mrdr/mc23/t0974_mrrsu_00n138_0327_4.img,642359040,642359040,OK
/mnt/mrdr/mc23/t0975_mrral_00n143_0327_4.img,770830848,770830848,OK
/mnt/mrdr/mc23/t0975_mrrde_00n143_0327_4.img,203413696,203413696,OK
/mnt/mrdr/mc23/t0975_mrrsu_00n143_0327_4.img,642359040,642359040,OK
/mnt/mrdr/mc23/t0976_mrral_00n148_0327_4.img,770830848,770830848,OK
/mnt/mrdr/mc23/t0976_mrrde_00n148_0327_4.img,203413696,203413696,OK
/mnt/mrdr/mc23/t0976_mrrsu_00n148_0327_4.img,642359040,642359040,OK
/mnt/mrdr/mc23/t0977_mrral_00n153_0327_4.img,770830848,770830848,OK
/mnt/mrdr/mc23/t0977_mrrde_00n153_0327_4.img,203413696,203413696,OK
/mnt/mrdr/mc23/t0977_mrrsu_00n153_0327_4.img,642359040,642359040,OK
/mnt/mrdr/mc23/t0978_mrral_00n158_0327_4.img,770830848,770830848,OK
/mnt/mrdr/mc23/t0978_mrrde_00n158_0327_4.img,203413696,203413696,OK
/mnt/mrdr/mc23/t0978_mrrsu_00n158_0327_4.img,642359040,642359040,OK
/mnt/mrdr/mc23/t0979_mrral_00n163_0327_4.img,770830848,770830848,OK
/mnt/mrdr/mc23/t0979_mrrde_00n163_0327_4.img,203413696,203413696,OK
/mnt/mrdr/mc23/t0979_mrrsu_00n163_0327_4.img,642359040,642359040,OK
/mnt/mrdr/mc23/t0980_mrral_00n168_0327_4.img,770830848,770830848,OK
/mnt/mrdr/mc23/t0980_mrrde_00n168_0327_4.img,203413696,203413696,OK
/mnt/mrdr/mc23/t0980_mrrsu_00n168_0327_4.img,642359040,642359040,OK
/mnt/mrdr/mc23/t0981_mrral_00n173_0327_4.img,770830848,770830848,OK
/mnt/mrdr/mc23/t0981_mrrde_00n173_0327_4.img,203413696,203413696,OK
/mnt/mrdr/mc23/t0981_mrrsu_00n173_0327_4.img,642359040,642359040,OK
/mnt/mrdr/mc23/t0982_mrral_00n178_0327_4.img,770830848,770830848,OK
/mnt/mrdr/mc23/t0982_mrrde_00n178_0327_4.img,203413696,203413696,OK
/mnt/mrdr/mc23/t0982_mrrsu_00n178_0327_4.img,642359040,642359040,OK
/mnt/mrdr/mc24/t0164_mrral_60s183_0327_4.img,514044288,514044288,OK
/mnt/mrdr/mc24/t0164_mrrde_60s183_0327_4.img,135650576,135650576,OK
/mnt/mrdr/mc24/t0164_mrrsu_60s183_0327_4.img,428370240,428370240,OK
/mnt/mrdr/mc24/t0165_mrral_60s190_0327_4.img,514044288,514044288,OK
/mnt/mrdr/mc24/t0165_mrrde_60s190_0327_4.img,135650576,135650576,OK
/mnt/mrdr/mc24/t0165_mrrsu_60s190_0327_4.img,428370240,428370240,OK
/mnt/mrdr/mc24/t0166_mrral_60s197_0327_4.img,514044288,514044288,OK
/mnt/mrdr/mc24/t0166_mrrde_60s197_0327_4.img,135650576,135650576,OK
/mnt/mrdr/mc24/t0166_mrrsu_60s197_0327_4.img,428370240,428370240,OK
/mnt/mrdr/mc24/t0167_mrral_60s203_0327_4.img,514044288,514044288,OK
/mnt/mrdr/mc24/t0167_mrrde_60s203_0327_4.img,135650576,135650576,OK
/mnt/mrdr/mc24/t0167_mrrsu_60s203_0327_4.img,428370240,428370240,OK
/mnt/mrdr/mc24/t0168_mrral_60s210_0327_4.img,514044288,514044288,OK
/mnt/mrdr/mc24/t0168_mrrde_60s210_0327_4.img,135650576,135650576,OK
/mnt/mrdr/mc24/t0168_mrrsu_60s210_0327_4.img,428370240,428370240,OK
/mnt/mrdr/mc24/t0169_mrral_60s217_0327_4.img,514044288,514044288,OK
/mnt/mrdr/mc24/t0169_mrrde_60s217_0327_4.img,135650576,135650576,OK
/mnt/mrdr/mc24/t0169_mrrsu_60s217_0327_4.img,428370240,428370240,OK
/mnt/mrdr/mc24/t0170_mrral_60s223_0327_4.img,514044288,514044288,OK
/mnt/mrdr/mc24/t0170_mrrde_60s223_0327_4.img,135650576,135650576,OK
/mnt/mrdr/mc24/t0170_mrrsu_60s223_0327_4.img,428370240,428370240,OK
/mnt/mrdr/mc24/t0171_mrral_60s230_0327_4.img,514044288,514044288,OK
/mnt/mrdr/mc24/t0171_mrrde_60s230_0327_4.img,135650576,135650576,OK
/mnt/mrdr/mc24/t0171_mrrsu_60s230_0327_4.img,428370240,428370240,OK
/mnt/mrdr/mc24/t0172_mrral_60s237_0327_4.img,514044288,514044288,OK
/mnt/mrdr/mc24/t0172_mrrde_60s237_0327_4.img,135650576,135650576,OK
/mnt/mrdr/mc24/t0172_mrrsu_60s237_0327_4.img,428370240,428370240,OK
/mnt/mrdr/mc24/t0218_mrral_55s183_0327_4.img,589431168,589431168,OK
/mnt/mrdr/mc24/t0218_mrrde_55s183_0327_4.img,155544336,155544336,OK
/mnt/mrdr/mc24/t0218_mrrsu_55s183_0327_4.img,491192640,491192640,OK
/mnt/mrdr/mc24/t0219_mrral_55s190_0327_4.img,589902336,589902336,OK
/mnt/mrdr/mc24/t0219_mrrde_55s190_0327_4.img,155668672,155668672,OK
/mnt/mrdr/mc24/t0219_mrrsu_55s190_0327_4.img,491585280,491585280,OK
/mnt/mrdr/mc24/t0220_mrral_55s197_0327_4.img,589902336,589902336,OK
/mnt/mrdr/mc24/t0220_mrrde_55s197_0327_4.img,155668672,155668672,OK
/mnt/mrdr/mc24/t0220_mrrsu_55s197_0327_4.img,491585280,491585280,OK
/mnt/mrdr/mc24/t0221_mrral_55s203_0327_4.img,589902336,589902336,OK
/mnt/mrdr/mc24/t0221_mrrde_55s203_0327_4.img,155668672,155668672,OK
/mnt/mrdr/mc24/t0221_mrrsu_55s203_0327_4.img,491585280,491585280,OK
/mnt/mrdr/mc24/t0222_mrral_55s210_0327_4.img,589431168,589431168,OK
/mnt/mrdr/mc24/t0222_mrrde_55s210_0327_4.img,155544336,155544336,OK
/mnt/mrdr/mc24/t0222_mrrsu_55s210_0327_4.img,491192640,491192640,OK
/mnt/mrdr/mc24/t0223_mrral_55s217_0327_4.img,589902336,589902336,OK
/mnt/mrdr/mc24/t0223_mrrde_55s217_0327_4.img,155668672,155668672,OK
/mnt/mrdr/mc24/t0223_mrrsu_55s217_0327_4.img,491585280,491585280,OK
/mnt/mrdr/mc24/t0224_mrral_55s223_0327_4.img,589431168,589431168,OK
/mnt/mrdr/mc24/t0224_mrrde_55s223_0327_4.img,155544336,155544336,OK
/mnt/mrdr/mc24/t0224_mrrsu_55s223_0327_4.img,491192640,491192640,OK
/mnt/mrdr/mc24/t0225_mrral_55s230_0327_4.img,589902336,589902336,OK
/mnt/mrdr/mc24/t0225_mrrde_55s230_0327_4.img,155668672,155668672,OK
/mnt/mrdr/mc24/t0225_mrrsu_55s230_0327_4.img,491585280,491585280,OK
/mnt/mrdr/mc24/t0226_mrral_55s237_0327_4.img,589431168,589431168,OK
/mnt/mrdr/mc24/t0226_mrrde_55s237_0327_4.img,155544336,155544336,OK
/mnt/mrdr/mc24/t0226_mrrsu_55s237_0327_4.img,491192640,491192640,OK
/mnt/mrdr/mc24/t0272_mrral_50s183_0327_4.img,660577536,660577536,OK
/mnt/mrdr/mc24/t0272_mrrde_50s183_0327_4.img,174319072,174319072,OK
/mnt/mrdr/mc24/t0272_mrrsu_50s183_0327_4.img,550481280,550481280,OK
/mnt/mrdr/mc24/t0273_mrral_50s190_0327_4.img,660577536,660577536,OK
/mnt/mrdr/mc24/t0273_mrrde_50s190_0327_4.img,174319072,174319072,OK
/mnt/mrdr/mc24/t0273_mrrsu_50s190_0327_4.img,550481280,550481280,OK
/mnt/mrdr/mc24/t0274_mrral_50s197_0327_4.img,660577536,660577536,OK
/mnt/mrdr/mc24/t0274_mrrde_50s197_0327_4.img,174319072,174319072,OK
/mnt/mrdr/mc24/t0274_mrrsu_50s197_0327_4.img,550481280,550481280,OK
/mnt/mrdr/mc24/t0275_mrral_50s203_0327_4.img,660577536,660577536,OK
/mnt/mrdr/mc24/t0275_mrrde_50s203_0327_4.img,174319072,174319072,OK
/mnt/mrdr/mc24/t0275_mrrsu_50s203_0327_4.img,550481280,550481280,OK
/mnt/mrdr/mc24/t0276_mrral_50s210_0327_4.img,660577536,660577536,OK
/mnt/mrdr/mc24/t0276_mrrde_50s210_0327_4.img,174319072,174319072,OK
/mnt/mrdr/mc24/t0276_mrrsu_50s210_0327_4.img,550481280,550481280,OK
/mnt/mrdr/mc24/t0277_mrral_50s217_0327_4.img,660577536,660577536,OK
/mnt/mrdr/mc24/t0277_mrrde_50s217_0327_4.img,174319072,174319072,OK
/mnt/mrdr/mc24/t0277_mrrsu_50s217_0327_4.img,550481280,550481280,OK
/mnt/mrdr/mc24/t0278_mrral_50s223_0327_4.img,660577536,660577536,OK
/mnt/mrdr/mc24/t0278_mrrde_50s223_0327_4.img,174319072,174319072,OK
/mnt/mrdr/mc24/t0278_mrrsu_50s223_0327_4.img,550481280,550481280,OK
/mnt/mrdr/mc24/t0279_mrral_50s230_0327_4.img,660577536,660577536,OK
/mnt/mrdr/mc24/t0279_mrrde_50s230_0327_4.img,174319072,174319072,OK
/mnt/mrdr/mc24/t0279_mrrsu_50s230_0327_4.img,550481280,550481280,OK
/mnt/mrdr/mc24/t0280_mrral_50s237_0327_4.img,660577536,660577536,OK
/mnt/mrdr/mc24/t0280_mrrde_50s237_0327_4.img,174319072,174319072,OK
/mnt/mrdr/mc24/t0280_mrrsu_50s237_0327_4.img,550481280,550481280,OK
/mnt/mrdr/mc24/t0335_mrral_45s183_0327_4.img,545141376,545141376,OK
/mnt/mrdr/mc24/t0335_mrrde_45s183_0327_4.img,143856752,143856752,OK
/mnt/mrdr/mc24/t0335_mrrsu_45s183_0327_4.img,454284480,454284480,OK
/mnt/mrdr/mc24/t0336_mrral_45s188_0327_4.img,545141376,545141376,OK
/mnt/mrdr/mc24/t0336_mrrde_45s188_0327_4.img,143856752,143856752,OK
/mnt/mrdr/mc24/t0336_mrrsu_45s188_0327_4.img,454284480,454284480,OK
/mnt/mrdr/mc24/t0337_mrral_45s193_0327_4.img,545141376,545141376,OK
/mnt/mrdr/mc24/t0337_mrrde_45s193_0327_4.img,143856752,143856752,OK
/mnt/mrdr/mc24/t0337_mrrsu_45s193_0327_4.img,454284480,454284480,OK
/mnt/mrdr/mc24/t0338_mrral_45s198_0327_4.img,545141376,545141376,OK
/mnt/mrdr/mc24/t0338_mrrde_45s198_0327_4.img,143856752,143856752,OK
/mnt/mrdr/mc24/t0338_mrrsu_45s198_0327_4.img,454284480,454284480,OK
/mnt/mrdr/mc24/t0339_mrral_45s203_0327_4.img,545612544,545612544,OK
/mnt/mrdr/mc24/t0339_mrrde_45s203_0327_4.img,143981088,143981088,OK
/mnt/mrdr/mc24/t0339_mrrsu_45s203_0327_4.img,454677120,454677120,OK
/mnt/mrdr/mc24/t0340_mrral_45s208_0327_4.img,545141376,545141376,OK
/mnt/mrdr/mc24/t0340_mrrde_45s208_0327_4.img,143856752,143856752,OK
/mnt/mrdr/mc24/t0340_mrrsu_45s208_0327_4.img,454284480,454284480,OK
/mnt/mrdr/mc24/t0341_mrral_45s213_0327_4.img,545141376,545141376,OK
/mnt/mrdr/mc24/t0341_mrrde_45s213_0327_4.img,143856752,143856752,OK
/mnt/mrdr/mc24/t0341_mrrsu_45s213_0327_4.img,454284480,454284480,OK
/mnt/mrdr/mc24/t0342_mrral_45s218_0327_4.img,545141376,545141376,OK
/mnt/mrdr/mc24/t0342_mrrde_45s218_0327_4.img,143856752,143856752,OK
/mnt/mrdr/mc24/t0342_mrrsu_45s218_0327_4.img,454284480,454284480,OK
/mnt/mrdr/mc24/t0343_mrral_45s223_0327_4.img,545141376,545141376,OK
/mnt/mrdr/mc24/t0343_mrrde_45s223_0327_4.img,143856752,143856752,OK
/mnt/mrdr/mc24/t0343_mrrsu_45s223_0327_4.img,454284480,454284480,OK
/mnt/mrdr/mc24/t0344_mrral_45s228_0327_4.img,545612544,545612544,OK
/mnt/mrdr/mc24/t0344_mrrde_45s228_0327_4.img,143981088,143981088,OK
/mnt/mrdr/mc24/t0344_mrrsu_45s228_0327_4.img,454677120,454677120,OK
/mnt/mrdr/mc24/t0345_mrral_45s233_0327_4.img,545141376,545141376,OK
/mnt/mrdr/mc24/t0345_mrrde_45s233_0327_4.img,143856752,143856752,OK
/mnt/mrdr/mc24/t0345_mrrsu_45s233_0327_4.img,454284480,454284480,OK
/mnt/mrdr/mc24/t0346_mrral_45s238_0327_4.img,545141376,545141376,OK
/mnt/mrdr/mc24/t0346_mrrde_45s238_0327_4.img,143856752,143856752,OK
/mnt/mrdr/mc24/t0346_mrrsu_45s238_0327_4.img,454284480,454284480,OK
/mnt/mrdr/mc24/t0407_mrral_40s183_0327_4.img,590844672,590844672,OK
/mnt/mrdr/mc24/t0407_mrrde_40s183_0327_4.img,155917344,155917344,OK
/mnt/mrdr/mc24/t0407_mrrsu_40s183_0327_4.img,492370560,492370560,OK
/mnt/mrdr/mc24/t0408_mrral_40s188_0327_4.img,590373504,590373504,OK
/mnt/mrdr/mc24/t0408_mrrde_40s188_0327_4.img,155793008,155793008,OK
/mnt/mrdr/mc24/t0408_mrrsu_40s188_0327_4.img,491977920,491977920,OK
/mnt/mrdr/mc24/t0409_mrral_40s193_0327_4.img,590844672,590844672,OK
/mnt/mrdr/mc24/t0409_mrrde_40s193_0327_4.img,155917344,155917344,OK
/mnt/mrdr/mc24/t0409_mrrsu_40s193_0327_4.img,492370560,492370560,OK
/mnt/mrdr/mc24/t0410_mrral_40s198_0327_4.img,590844672,590844672,OK
/mnt/mrdr/mc24/t0410_mrrde_40s198_0327_4.img,155917344,155917344,OK
/mnt/mrdr/mc24/t0410_mrrsu_40s198_0327_4.img,492370560,492370560,OK
/mnt/mrdr/mc24/t0411_mrral_40s203_0327_4.img,590373504,590373504,OK
/mnt/mrdr/mc24/t0411_mrrde_40s203_0327_4.img,155793008,155793008,OK
/mnt/mrdr/mc24/t0411_mrrsu_40s203_0327_4.img,491977920,491977920,OK
/mnt/mrdr/mc24/t0412_mrral_40s208_0327_4.img,590844672,590844672,OK
/mnt/mrdr/mc24/t0412_mrrde_40s208_0327_4.img,155917344,155917344,OK
/mnt/mrdr/mc24/t0412_mrrsu_40s208_0327_4.img,492370560,492370560,OK
/mnt/mrdr/mc24/t0413_mrral_40s213_0327_4.img,590844672,590844672,OK
/mnt/mrdr/mc24/t0413_mrrde_40s213_0327_4.img,155917344,155917344,OK
/mnt/mrdr/mc24/t0413_mrrsu_40s213_0327_4.img,492370560,492370560,OK
/mnt/mrdr/mc24/t0414_mrral_40s218_0327_4.img,590844672,590844672,OK
/mnt/mrdr/mc24/t0414_mrrde_40s218_0327_4.img,155917344,155917344,OK
/mnt/mrdr/mc24/t0414_mrrsu_40s218_0327_4.img,492370560,492370560,OK
/mnt/mrdr/mc24/t0415_mrral_40s223_0327_4.img,590844672,590844672,OK
/mnt/mrdr/mc24/t0415_mrrde_40s223_0327_4.img,155917344,155917344,OK
/mnt/mrdr/mc24/t0415_mrrsu_40s223_0327_4.img,492370560,492370560,OK
/mnt/mrdr/mc24/t0416_mrral_40s228_0327_4.img,590373504,590373504,OK
/mnt/mrdr/mc24/t0416_mrrde_40s228_0327_4.img,155793008,155793008,OK
/mnt/mrdr/mc24/t0416_mrrsu_40s228_0327_4.img,491977920,491977920,OK
/mnt/mrdr/mc24/t0417_mrral_40s233_0327_4.img,590373504,590373504,OK
/mnt/mrdr/mc24/t0417_mrrde_40s233_0327_4.img,155793008,155793008,OK
/mnt/mrdr/mc24/t0417_mrrsu_40s233_0327_4.img,491977920,491977920,OK
/mnt/mrdr/mc24/t0418_mrral_40s238_0327_4.img,590844672,590844672,OK
/mnt/mrdr/mc24/t0418_mrrde_40s238_0327_4.img,155917344,155917344,OK
/mnt/mrdr/mc24/t0418_mrrsu_40s238_0327_4.img,492370560,492370560,OK
/mnt/mrdr/mc24/t0479_mrral_35s183_0327_4.img,631365120,631365120,OK
/mnt/mrdr/mc24/t0479_mrrde_35s183_0327_4.img,166610240,166610240,OK
/mnt/mrdr/mc24/t0479_mrrsu_35s183_0327_4.img,526137600,526137600,OK
/mnt/mrdr/mc24/t0480_mrral_35s188_0327_4.img,631836288,631836288,OK
/mnt/mrdr/mc24/t0480_mrrde_35s188_0327_4.img,166734576,166734576,OK
/mnt/mrdr/mc24/t0480_mrrsu_35s188_0327_4.img,526530240,526530240,OK
/mnt/mrdr/mc24/t0481_mrral_35s193_0327_4.img,631365120,631365120,OK
/mnt/mrdr/mc24/t0481_mrrde_35s193_0327_4.img,166610240,166610240,OK
/mnt/mrdr/mc24/t0481_mrrsu_35s193_0327_4.img,526137600,526137600,OK
/mnt/mrdr/mc24/t0482_mrral_35s198_0327_4.img,631365120,631365120,OK
/mnt/mrdr/mc24/t0482_mrrde_35s198_0327_4.img,166610240,166610240,OK
/mnt/mrdr/mc24/t0482_mrrsu_35s198_0327_4.img,526137600,526137600,OK
/mnt/mrdr/mc24/t0483_mrral_35s203_0327_4.img,631836288,631836288,OK
/mnt/mrdr/mc24/t0483_mrrde_35s203_0327_4.img,166734576,166734576,OK
/mnt/mrdr/mc24/t0483_mrrsu_35s203_0327_4.img,526530240,526530240,OK
/mnt/mrdr/mc24/t0484_mrral_35s208_0327_4.img,631365120,631365120,OK
/mnt/mrdr/mc24/t0484_mrrde_35s208_0327_4.img,166610240,166610240,OK
/mnt/mrdr/mc24/t0484_mrrsu_35s208_0327_4.img,526137600,526137600,OK
/mnt/mrdr/mc24/t0485_mrral_35s213_0327_4.img,631365120,631365120,OK
/mnt/mrdr/mc24/t0485_mrrde_35s213_0327_4.img,166610240,166610240,OK
/mnt/mrdr/mc24/t0485_mrrsu_35s213_0327_4.img,526137600,526137600,OK
/mnt/mrdr/mc24/t0486_mrral_35s218_0327_4.img,631365120,631365120,OK
/mnt/mrdr/mc24/t0486_mrrde_35s218_0327_4.img,166610240,166610240,OK
/mnt/mrdr/mc24/t0486_mrrsu_35s218_0327_4.img,526137600,526137600,OK
/mnt/mrdr/mc24/t0487_mrral_35s223_0327_4.img,631836288,631836288,OK
/mnt/mrdr/mc24/t0487_mrrde_35s223_0327_4.img,166734576,166734576,OK
/mnt/mrdr/mc24/t0487_mrrsu_35s223_0327_4.img,526530240,526530240,OK
/mnt/mrdr/mc24/t0488_mrral_35s228_0327_4.img,631365120,631365120,OK
/mnt/mrdr/mc24/t0488_mrrde_35s228_0327_4.img,166610240,166610240,OK
/mnt/mrdr/mc24/t0488_mrrsu_35s228_0327_4.img,526137600,526137600,OK
/mnt/mrdr/mc24/t0489_mrral_35s233_0327_4.img,631365120,631365120,OK
/mnt/mrdr/mc24/t0489_mrrde_35s233_0327_4.img,166610240,166610240,OK
/mnt/mrdr/mc24/t0489_mrrsu_35s233_0327_4.img,526137600,526137600,OK
/mnt/mrdr/mc24/t0490_mrral_35s238_0327_4.img,631365120,631365120,OK
/mnt/mrdr/mc24/t0490_mrrde_35s238_0327_4.img,166610240,166610240,OK
/mnt/mrdr/mc24/t0490_mrrsu_35s238_0327_4.img,526137600,526137600,OK
/mnt/mrdr/mc24/t0551_mrral_30s183_0327_4.img,667645056,667645056,OK
/mnt/mrdr/mc24/t0551_mrrde_30s183_0327_4.img,176184112,176184112,OK
/mnt/mrdr/mc24/t0551_mrrsu_30s183_0327_4.img,556370880,556370880,OK
/mnt/mrdr/mc24/t0552_mrral_30s188_0327_4.img,667645056,667645056,OK
/mnt/mrdr/mc24/t0552_mrrde_30s188_0327_4.img,176184112,176184112,OK
/mnt/mrdr/mc24/t0552_mrrsu_30s188_0327_4.img,556370880,556370880,OK
/mnt/mrdr/mc24/t0553_mrral_30s193_0327_4.img,667645056,667645056,OK
/mnt/mrdr/mc24/t0553_mrrde_30s193_0327_4.img,176184112,176184112,OK
/mnt/mrdr/mc24/t0553_mrrsu_30s193_0327_4.img,556370880,556370880,OK
/mnt/mrdr/mc24/t0554_mrral_30s198_0327_4.img,667645056,667645056,OK
/mnt/mrdr/mc24/t0554_mrrde_30s198_0327_4.img,176184112,176184112,OK
/mnt/mrdr/mc24/t0554_mrrsu_30s198_0327_4.img,556370880,556370880,OK
/mnt/mrdr/mc24/t0555_mrral_30s203_0327_4.img,667645056,667645056,OK
/mnt/mrdr/mc24/t0555_mrrde_30s203_0327_4.img,176184112,176184112,OK
/mnt/mrdr/mc24/t0555_mrrsu_30s203_0327_4.img,556370880,556370880,OK
/mnt/mrdr/mc24/t0556_mrral_30s208_0327_4.img,667173888,667173888,OK
/mnt/mrdr/mc24/t0556_mrrde_30s208_0327_4.img,176059776,176059776,OK
/mnt/mrdr/mc24/t0556_mrrsu_30s208_0327_4.img,555978240,555978240,OK
/mnt/mrdr/mc24/t0557_mrral_30s213_0327_4.img,667645056,667645056,OK
/mnt/mrdr/mc24/t0557_mrrde_30s213_0327_4.img,176184112,176184112,OK
/mnt/mrdr/mc24/t0557_mrrsu_30s213_0327_4.img,556370880,556370880,OK
/mnt/mrdr/mc24/t0558_mrral_30s218_0327_4.img,667645056,667645056,OK
/mnt/mrdr/mc24/t0558_mrrde_30s218_0327_4.img,176184112,176184112,OK
/mnt/mrdr/mc24/t0558_mrrsu_30s218_0327_4.img,556370880,556370880,OK
/mnt/mrdr/mc24/t0559_mrral_30s223_0327_4.img,667645056,667645056,OK
/mnt/mrdr/mc24/t0559_mrrde_30s223_0327_4.img,176184112,176184112,OK
/mnt/mrdr/mc24/t0559_mrrsu_30s223_0327_4.img,556370880,556370880,OK
/mnt/mrdr/mc24/t0560_mrral_30s228_0327_4.img,667173888,667173888,OK
/mnt/mrdr/mc24/t0560_mrrde_30s228_0327_4.img,176059776,176059776,OK
/mnt/mrdr/mc24/t0560_mrrsu_30s228_0327_4.img,555978240,555978240,OK
/mnt/mrdr/mc24/t0561_mrral_30s233_0327_4.img,667645056,667645056,OK
/mnt/mrdr/mc24/t0561_mrrde_30s233_0327_4.img,176184112,176184112,OK
/mnt/mrdr/mc24/t0561_mrrsu_30s233_0327_4.img,556370880,556370880,OK
/mnt/mrdr/mc24/t0562_mrral_30s238_0327_4.img,667645056,667645056,OK
/mnt/mrdr/mc24/t0562_mrrde_30s238_0327_4.img,176184112,176184112,OK
/mnt/mrdr/mc24/t0562_mrrsu_30s238_0327_4.img,556370880,556370880,OK
/mnt/mrdr/mc25/t0173_mrral_60s243_0327_4.img,514044288,514044288,OK
/mnt/mrdr/mc25/t0173_mrrde_60s243_0327_4.img,135650576,135650576,OK
/mnt/mrdr/mc25/t0173_mrrsu_60s243_0327_4.img,428370240,428370240,OK
/mnt/mrdr/mc25/t0174_mrral_60s250_0327_4.img,514044288,514044288,OK
/mnt/mrdr/mc25/t0174_mrrde_60s250_0327_4.img,135650576,135650576,OK
/mnt/mrdr/mc25/t0174_mrrsu_60s250_0327_4.img,428370240,428370240,OK
/mnt/mrdr/mc25/t0175_mrral_60s257_0327_4.img,514044288,514044288,OK
/mnt/mrdr/mc25/t0175_mrrde_60s257_0327_4.img,135650576,135650576,OK
/mnt/mrdr/mc25/t0175_mrrsu_60s257_0327_4.img,428370240,428370240,OK
/mnt/mrdr/mc25/t0176_mrral_60s263_0327_4.img,514044288,514044288,OK
/mnt/mrdr/mc25/t0176_mrrde_60s263_0327_4.img,135650576,135650576,OK
/mnt/mrdr/mc25/t0176_mrrsu_60s263_0327_4.img,428370240,428370240,OK
/mnt/mrdr/mc25/t0177_mrral_60s270_0327_4.img,514044288,514044288,OK
/mnt/mrdr/mc25/t0177_mrrde_60s270_0327_4.img,135650576,135650576,OK
/mnt/mrdr/mc25/t0177_mrrsu_60s270_0327_4.img,428370240,428370240,OK
/mnt/mrdr/mc25/t0178_mrral_60s277_0327_4.img,514044288,514044288,OK
/mnt/mrdr/mc25/t0178_mrrde_60s277_0327_4.img,135650576,135650576,OK
/mnt/mrdr/mc25/t0178_mrrsu_60s277_0327_4.img,428370240,428370240,OK
/mnt/mrdr/mc25/t0179_mrral_60s283_0327_4.img,514044288,514044288,OK
/mnt/mrdr/mc25/t0179_mrrde_60s283_0327_4.img,135650576,135650576,OK
/mnt/mrdr/mc25/t0179_mrrsu_60s283_0327_4.img,428370240,428370240,OK
/mnt/mrdr/mc25/t0180_mrral_60s290_0327_4.img,514044288,514044288,OK
/mnt/mrdr/mc25/t0180_mrrde_60s290_0327_4.img,135650576,135650576,OK
/mnt/mrdr/mc25/t0180_mrrsu_60s290_0327_4.img,428370240,428370240,OK
/mnt/mrdr/mc25/t0181_mrral_60s297_0327_4.img,514044288,514044288,OK
/mnt/mrdr/mc25/t0181_mrrde_60s297_0327_4.img,135650576,135650576,OK
/mnt/mrdr/mc25/t0181_mrrsu_60s297_0327_4.img,428370240,428370240,OK
/mnt/mrdr/mc25/t0227_mrral_55s243_0327_4.img,589431168,589431168,OK
/mnt/mrdr/mc25/t0227_mrrde_55s243_0327_4.img,155544336,155544336,OK
/mnt/mrdr/mc25/t0227_mrrsu_55s243_0327_4.img,491192640,491192640,OK
/mnt/mrdr/mc25/t0228_mrral_55s250_0327_4.img,589902336,589902336,OK
/mnt/mrdr/mc25/t0228_mrrde_55s250_0327_4.img,155668672,155668672,OK
/mnt/mrdr/mc25/t0228_mrrsu_55s250_0327_4.img,491585280,491585280,OK
/mnt/mrdr/mc25/t0229_mrral_55s257_0327_4.img,589902336,589902336,OK
/mnt/mrdr/mc25/t0229_mrrde_55s257_0327_4.img,155668672,155668672,OK
/mnt/mrdr/mc25/t0229_mrrsu_55s257_0327_4.img,491585280,491585280,OK
/mnt/mrdr/mc25/t0230_mrral_55s263_0327_4.img,589902336,589902336,OK
/mnt/mrdr/mc25/t0230_mrrde_55s263_0327_4.img,155668672,155668672,OK
/mnt/mrdr/mc25/t0230_mrrsu_55s263_0327_4.img,491585280,491585280,OK
/mnt/mrdr/mc25/t0231_mrral_55s270_0327_4.img,589431168,589431168,OK
/mnt/mrdr/mc25/t0231_mrrde_55s270_0327_4.img,155544336,155544336,OK
/mnt/mrdr/mc25/t0231_mrrsu_55s270_0327_4.img,491192640,491192640,OK
/mnt/mrdr/mc25/t0232_mrral_55s277_0327_4.img,589902336,589902336,OK
/mnt/mrdr/mc25/t0232_mrrde_55s277_0327_4.img,155668672,155668672,OK
/mnt/mrdr/mc25/t0232_mrrsu_55s277_0327_4.img,491585280,491585280,OK
/mnt/mrdr/mc25/t0233_mrral_55s283_0327_4.img,589902336,589902336,OK
/mnt/mrdr/mc25/t0233_mrrde_55s283_0327_4.img,155668672,155668672,OK
/mnt/mrdr/mc25/t0233_mrrsu_55s283_0327_4.img,491585280,491585280,OK
/mnt/mrdr/mc25/t0234_mrral_55s290_0327_4.img,589431168,589431168,OK
/mnt/mrdr/mc25/t0234_mrrde_55s290_0327_4.img,155544336,155544336,OK
/mnt/mrdr/mc25/t0234_mrrsu_55s290_0327_4.img,491192640,491192640,OK
/mnt/mrdr/mc25/t0235_mrral_55s297_0327_4.img,589431168,589431168,OK
/mnt/mrdr/mc25/t0235_mrrde_55s297_0327_4.img,155544336,155544336,OK
/mnt/mrdr/mc25/t0235_mrrsu_55s297_0327_4.img,491192640,491192640,OK
/mnt/mrdr/mc25/t0281_mrral_50s243_0327_4.img,660577536,660577536,OK
/mnt/mrdr/mc25/t0281_mrrde_50s243_0327_4.img,174319072,174319072,OK
/mnt/mrdr/mc25/t0281_mrrsu_50s243_0327_4.img,550481280,550481280,OK
/mnt/mrdr/mc25/t0282_mrral_50s250_0327_4.img,660577536,660577536,OK
/mnt/mrdr/mc25/t0282_mrrde_50s250_0327_4.img,174319072,174319072,OK
/mnt/mrdr/mc25/t0282_mrrsu_50s250_0327_4.img,550481280,550481280,OK
/mnt/mrdr/mc25/t0283_mrral_50s257_0327_4.img,661048704,661048704,OK
/mnt/mrdr/mc25/t0283_mrrde_50s257_0327_4.img,174443408,174443408,OK
/mnt/mrdr/mc25/t0283_mrrsu_50s257_0327_4.img,550873920,550873920,OK
/mnt/mrdr/mc25/t0284_mrral_50s263_0327_4.img,660577536,660577536,OK
/mnt/mrdr/mc25/t0284_mrrde_50s263_0327_4.img,174319072,174319072,OK
/mnt/mrdr/mc25/t0284_mrrsu_50s263_0327_4.img,550481280,550481280,OK
/mnt/mrdr/mc25/t0285_mrral_50s270_0327_4.img,660577536,660577536,OK
/mnt/mrdr/mc25/t0285_mrrde_50s270_0327_4.img,174319072,174319072,OK
/mnt/mrdr/mc25/t0285_mrrsu_50s270_0327_4.img,550481280,550481280,OK
/mnt/mrdr/mc25/t0286_mrral_50s277_0327_4.img,660577536,660577536,OK
/mnt/mrdr/mc25/t0286_mrrde_50s277_0327_4.img,174319072,174319072,OK
/mnt/mrdr/mc25/t0286_mrrsu_50s277_0327_4.img,550481280,550481280,OK
/mnt/mrdr/mc25/t0287_mrral_50s283_0327_4.img,660577536,660577536,OK
/mnt/mrdr/mc25/t0287_mrrde_50s283_0327_4.img,174319072,174319072,OK
/mnt/mrdr/mc25/t0287_mrrsu_50s283_0327_4.img,550481280,550481280,OK
/mnt/mrdr/mc25/t0288_mrral_50s290_0327_4.img,660577536,660577536,OK
/mnt/mrdr/mc25/t0288_mrrde_50s290_0327_4.img,174319072,174319072,OK
/mnt/mrdr/mc25/t0288_mrrsu_50s290_0327_4.img,550481280,550481280,OK
/mnt/mrdr/mc25/t0289_mrral_50s297_0327_4.img,661048704,661048704,OK
/mnt/mrdr/mc25/t0289_mrrde_50s297_0327_4.img,174443408,174443408,OK
/mnt/mrdr/mc25/t0289_mrrsu_50s297_0327_4.img,550873920,550873920,OK
/mnt/mrdr/mc25/t0347_mrral_45s243_0327_4.img,545141376,545141376,OK
/mnt/mrdr/mc25/t0347_mrrde_45s243_0327_4.img,143856752,143856752,OK
/mnt/mrdr/mc25/t0347_mrrsu_45s243_0327_4.img,454284480,454284480,OK
/mnt/mrdr/mc25/t0348_mrral_45s248_0327_4.img,545612544,545612544,OK
/mnt/mrdr/mc25/t0348_mrrde_45s248_0327_4.img,143981088,143981088,OK
/mnt/mrdr/mc25/t0348_mrrsu_45s248_0327_4.img,454677120,454677120,OK
/mnt/mrdr/mc25/t0349_mrral_45s253_0327_4.img,545141376,545141376,OK
/mnt/mrdr/mc25/t0349_mrrde_45s253_0327_4.img,143856752,143856752,OK
/mnt/mrdr/mc25/t0349_mrrsu_45s253_0327_4.img,454284480,454284480,OK
/mnt/mrdr/mc25/t0350_mrral_45s258_0327_4.img,545141376,545141376,OK
/mnt/mrdr/mc25/t0350_mrrde_45s258_0327_4.img,143856752,143856752,OK
/mnt/mrdr/mc25/t0350_mrrsu_45s258_0327_4.img,454284480,454284480,OK
/mnt/mrdr/mc25/t0351_mrral_45s263_0327_4.img,545141376,545141376,OK
/mnt/mrdr/mc25/t0351_mrrde_45s263_0327_4.img,143856752,143856752,OK
/mnt/mrdr/mc25/t0351_mrrsu_45s263_0327_4.img,454284480,454284480,OK
/mnt/mrdr/mc25/t0352_mrral_45s268_0327_4.img,545141376,545141376,OK
/mnt/mrdr/mc25/t0352_mrrde_45s268_0327_4.img,143856752,143856752,OK
/mnt/mrdr/mc25/t0352_mrrsu_45s268_0327_4.img,454284480,454284480,OK
/mnt/mrdr/mc25/t0353_mrral_45s273_0327_4.img,545141376,545141376,OK
/mnt/mrdr/mc25/t0353_mrrde_45s273_0327_4.img,143856752,143856752,OK
/mnt/mrdr/mc25/t0353_mrrsu_45s273_0327_4.img,454284480,454284480,OK
/mnt/mrdr/mc25/t0354_mrral_45s278_0327_4.img,545141376,545141376,OK
/mnt/mrdr/mc25/t0354_mrrde_45s278_0327_4.img,143856752,143856752,OK
/mnt/mrdr/mc25/t0354_mrrsu_45s278_0327_4.img,454284480,454284480,OK
/mnt/mrdr/mc25/t0355_mrral_45s283_0327_4.img,545141376,545141376,OK
/mnt/mrdr/mc25/t0355_mrrde_45s283_0327_4.img,143856752,143856752,OK
/mnt/mrdr/mc25/t0355_mrrsu_45s283_0327_4.img,454284480,454284480,OK
/mnt/mrdr/mc25/t0356_mrral_45s288_0327_4.img,545612544,545612544,OK
/mnt/mrdr/mc25/t0356_mrrde_45s288_0327_4.img,143981088,143981088,OK
/mnt/mrdr/mc25/t0356_mrrsu_45s288_0327_4.img,454677120,454677120,OK
/mnt/mrdr/mc25/t0357_mrral_45s293_0327_4.img,545141376,545141376,OK
/mnt/mrdr/mc25/t0357_mrrde_45s293_0327_4.img,143856752,143856752,OK
/mnt/mrdr/mc25/t0357_mrrsu_45s293_0327_4.img,454284480,454284480,OK
/mnt/mrdr/mc25/t0358_mrral_45s298_0327_4.img,545141376,545141376,OK
/mnt/mrdr/mc25/t0358_mrrde_45s298_0327_4.img,143856752,143856752,OK
/mnt/mrdr/mc25/t0358_mrrsu_45s298_0327_4.img,454284480,454284480,OK
/mnt/mrdr/mc25/t0419_mrral_40s243_0327_4.img,590373504,590373504,OK
/mnt/mrdr/mc25/t0419_mrrde_40s243_0327_4.img,155793008,155793008,OK
/mnt/mrdr/mc25/t0419_mrrsu_40s243_0327_4.img,491977920,491977920,OK
/mnt/mrdr/mc25/t0420_mrral_40s248_0327_4.img,590844672,590844672,OK
/mnt/mrdr/mc25/t0420_mrrde_40s248_0327_4.img,155917344,155917344,OK
/mnt/mrdr/mc25/t0420_mrrsu_40s248_0327_4.img,492370560,492370560,OK
/mnt/mrdr/mc25/t0421_mrral_40s253_0327_4.img,590844672,590844672,OK
/mnt/mrdr/mc25/t0421_mrrde_40s253_0327_4.img,155917344,155917344,OK
/mnt/mrdr/mc25/t0421_mrrsu_40s253_0327_4.img,492370560,492370560,OK
/mnt/mrdr/mc25/t0422_mrral_40s258_0327_4.img,590373504,590373504,OK
/mnt/mrdr/mc25/t0422_mrrde_40s258_0327_4.img,155793008,155793008,OK
/mnt/mrdr/mc25/t0422_mrrsu_40s258_0327_4.img,491977920,491977920,OK
/mnt/mrdr/mc25/t0423_mrral_40s263_0327_4.img,590373504,590373504,OK
/mnt/mrdr/mc25/t0423_mrrde_40s263_0327_4.img,155793008,155793008,OK
/mnt/mrdr/mc25/t0423_mrrsu_40s263_0327_4.img,491977920,491977920,OK
/mnt/mrdr/mc25/t0424_mrral_40s268_0327_4.img,590844672,590844672,OK
/mnt/mrdr/mc25/t0424_mrrde_40s268_0327_4.img,155917344,155917344,OK
/mnt/mrdr/mc25/t0424_mrrsu_40s268_0327_4.img,492370560,492370560,OK
/mnt/mrdr/mc25/t0425_mrral_40s273_0327_4.img,590844672,590844672,OK
/mnt/mrdr/mc25/t0425_mrrde_40s273_0327_4.img,155917344,155917344,OK
/mnt/mrdr/mc25/t0425_mrrsu_40s273_0327_4.img,492370560,492370560,OK
/mnt/mrdr/mc25/t0426_mrral_40s278_0327_4.img,590373504,590373504,OK
/mnt/mrdr/mc25/t0426_mrrde_40s278_0327_4.img,155793008,155793008,OK
/mnt/mrdr/mc25/t0426_mrrsu_40s278_0327_4.img,491977920,491977920,OK
/mnt/mrdr/mc25/t0427_mrral_40s283_0327_4.img,590844672,590844672,OK
/mnt/mrdr/mc25/t0427_mrrde_40s283_0327_4.img,155917344,155917344,OK
/mnt/mrdr/mc25/t0427_mrrsu_40s283_0327_4.img,492370560,492370560,OK
/mnt/mrdr/mc25/t0428_mrral_40s288_0327_4.img,590373504,590373504,OK
/mnt/mrdr/mc25/t0428_mrrde_40s288_0327_4.img,155793008,155793008,OK
/mnt/mrdr/mc25/t0428_mrrsu_40s288_0327_4.img,491977920,491977920,OK
/mnt/mrdr/mc25/t0429_mrral_40s293_0327_4.img,590844672,590844672,OK
/mnt/mrdr/mc25/t0429_mrrde_40s293_0327_4.img,155917344,155917344,OK
/mnt/mrdr/mc25/t0429_mrrsu_40s293_0327_4.img,492370560,492370560,OK
/mnt/mrdr/mc25/t0430_mrral_40s298_0327_4.img,590373504,590373504,OK
/mnt/mrdr/mc25/t0430_mrrde_40s298_0327_4.img,155793008,155793008,OK
/mnt/mrdr/mc25/t0430_mrrsu_40s298_0327_4.img,491977920,491977920,OK
/mnt/mrdr/mc25/t0491_mrral_35s243_0327_4.img,631365120,631365120,OK
/mnt/mrdr/mc25/t0491_mrrde_35s243_0327_4.img,166610240,166610240,OK
/mnt/mrdr/mc25/t0491_mrrsu_35s243_0327_4.img,526137600,526137600,OK
/mnt/mrdr/mc25/t0492_mrral_35s248_0327_4.img,631365120,631365120,OK
/mnt/mrdr/mc25/t0492_mrrde_35s248_0327_4.img,166610240,166610240,OK
/mnt/mrdr/mc25/t0492_mrrsu_35s248_0327_4.img,526137600,526137600,OK
/mnt/mrdr/mc25/t0493_mrral_35s253_0327_4.img,631365120,631365120,OK
/mnt/mrdr/mc25/t0493_mrrde_35s253_0327_4.img,166610240,166610240,OK
/mnt/mrdr/mc25/t0493_mrrsu_35s253_0327_4.img,526137600,526137600,OK
/mnt/mrdr/mc25/t0494_mrral_35s258_0327_4.img,631365120,631365120,OK
/mnt/mrdr/mc25/t0494_mrrde_35s258_0327_4.img,166610240,166610240,OK
/mnt/mrdr/mc25/t0494_mrrsu_35s258_0327_4.img,526137600,526137600,OK
/mnt/mrdr/mc25/t0495_mrral_35s263_0327_4.img,631836288,631836288,OK
/mnt/mrdr/mc25/t0495_mrrde_35s263_0327_4.img,166734576,166734576,OK
/mnt/mrdr/mc25/t0495_mrrsu_35s263_0327_4.img,526530240,526530240,OK
/mnt/mrdr/mc25/t0496_mrral_35s268_0327_4.img,631836288,631836288,OK
/mnt/mrdr/mc25/t0496_mrrde_35s268_0327_4.img,166734576,166734576,OK
/mnt/mrdr/mc25/t0496_mrrsu_35s268_0327_4.img,526530240,526530240,OK
/mnt/mrdr/mc25/t0497_mrral_35s273_0327_4.img,631365120,631365120,OK
/mnt/mrdr/mc25/t0497_mrrde_35s273_0327_4.img,166610240,166610240,OK
/mnt/mrdr/mc25/t0497_mrrsu_35s273_0327_4.img,526137600,526137600,OK
/mnt/mrdr/mc25/t0498_mrral_35s278_0327_4.img,631365120,631365120,OK
/mnt/mrdr/mc25/t0498_mrrde_35s278_0327_4.img,166610240,166610240,OK
/mnt/mrdr/mc25/t0498_mrrsu_35s278_0327_4.img,526137600,526137600,OK
/mnt/mrdr/mc25/t0499_mrral_35s283_0327_4.img,631365120,631365120,OK
/mnt/mrdr/mc25/t0499_mrrde_35s283_0327_4.img,166610240,166610240,OK
/mnt/mrdr/mc25/t0499_mrrsu_35s283_0327_4.img,526137600,526137600,OK
/mnt/mrdr/mc25/t0500_mrral_35s288_0327_4.img,631365120,631365120,OK
/mnt/mrdr/mc25/t0500_mrrde_35s288_0327_4.img,166610240,166610240,OK
/mnt/mrdr/mc25/t0500_mrrsu_35s288_0327_4.img,526137600,526137600,OK
/mnt/mrdr/mc25/t0501_mrral_35s293_0327_4.img,631365120,631365120,OK
/mnt/mrdr/mc25/t0501_mrrde_35s293_0327_4.img,166610240,166610240,OK
/mnt/mrdr/mc25/t0501_mrrsu_35s293_0327_4.img,526137600,526137600,OK
/mnt/mrdr/mc25/t0502_mrral_35s298_0327_4.img,631836288,631836288,OK
/mnt/mrdr/mc25/t0502_mrrde_35s298_0327_4.img,166734576,166734576,OK
/mnt/mrdr/mc25/t0502_mrrsu_35s298_0327_4.img,526530240,526530240,OK
/mnt/mrdr/mc25/t0563_mrral_30s243_0327_4.img,667645056,667645056,OK
/mnt/mrdr/mc25/t0563_mrrde_30s243_0327_4.img,176184112,176184112,OK
/mnt/mrdr/mc25/t0563_mrrsu_30s243_0327_4.img,556370880,556370880,OK
/mnt/mrdr/mc25/t0564_mrral_30s248_0327_4.img,667645056,667645056,OK
/mnt/mrdr/mc25/t0564_mrrde_30s248_0327_4.img,176184112,176184112,OK
/mnt/mrdr/mc25/t0564_mrrsu_30s248_0327_4.img,556370880,556370880,OK
/mnt/mrdr/mc25/t0565_mrral_30s253_0327_4.img,667645056,667645056,OK
/mnt/mrdr/mc25/t0565_mrrde_30s253_0327_4.img,176184112,176184112,OK
/mnt/mrdr/mc25/t0565_mrrsu_30s253_0327_4.img,556370880,556370880,OK
/mnt/mrdr/mc25/t0566_mrral_30s258_0327_4.img,667645056,667645056,OK
/mnt/mrdr/mc25/t0566_mrrde_30s258_0327_4.img,176184112,176184112,OK
/mnt/mrdr/mc25/t0566_mrrsu_30s258_0327_4.img,556370880,556370880,OK
/mnt/mrdr/mc25/t0567_mrral_30s263_0327_4.img,667645056,667645056,OK
/mnt/mrdr/mc25/t0567_mrrde_30s263_0327_4.img,176184112,176184112,OK
/mnt/mrdr/mc25/t0567_mrrsu_30s263_0327_4.img,556370880,556370880,OK
/mnt/mrdr/mc25/t0568_mrral_30s268_0327_4.img,667645056,667645056,OK
/mnt/mrdr/mc25/t0568_mrrde_30s268_0327_4.img,176184112,176184112,OK
/mnt/mrdr/mc25/t0568_mrrsu_30s268_0327_4.img,556370880,556370880,OK
/mnt/mrdr/mc25/t0569_mrral_30s273_0327_4.img,667645056,667645056,OK
/mnt/mrdr/mc25/t0569_mrrde_30s273_0327_4.img,176184112,176184112,OK
/mnt/mrdr/mc25/t0569_mrrsu_30s273_0327_4.img,556370880,556370880,OK
/mnt/mrdr/mc25/t0570_mrral_30s278_0327_4.img,667645056,667645056,OK
/mnt/mrdr/mc25/t0570_mrrde_30s278_0327_4.img,176184112,176184112,OK
/mnt/mrdr/mc25/t0570_mrrsu_30s278_0327_4.img,556370880,556370880,OK
/mnt/mrdr/mc25/t0571_mrral_30s283_0327_4.img,667645056,667645056,OK
/mnt/mrdr/mc25/t0571_mrrde_30s283_0327_4.img,176184112,176184112,OK
/mnt/mrdr/mc25/t0571_mrrsu_30s283_0327_4.img,556370880,556370880,OK
/mnt/mrdr/mc25/t0572_mrral_30s288_0327_4.img,667645056,667645056,OK
/mnt/mrdr/mc25/t0572_mrrde_30s288_0327_4.img,176184112,176184112,OK
/mnt/mrdr/mc25/t0572_mrrsu_30s288_0327_4.img,556370880,556370880,OK
/mnt/mrdr/mc25/t0573_mrral_30s293_0327_4.img,667645056,667645056,OK
/mnt/mrdr/mc25/t0573_mrrde_30s293_0327_4.img,176184112,176184112,OK
/mnt/mrdr/mc25/t0573_mrrsu_30s293_0327_4.img,556370880,556370880,OK
/mnt/mrdr/mc25/t0574_mrral_30s298_0327_4.img,667645056,667645056,OK
/mnt/mrdr/mc25/t0574_mrrde_30s298_0327_4.img,176184112,176184112,OK
/mnt/mrdr/mc25/t0574_mrrsu_30s298_0327_4.img,556370880,556370880,OK
/mnt/mrdr/mc26/t0182_mrral_60s303_0327_4.img,514044288,514044288,OK
/mnt/mrdr/mc26/t0182_mrrde_60s303_0327_4.img,135650576,135650576,OK
/mnt/mrdr/mc26/t0182_mrrsu_60s303_0327_4.img,428370240,428370240,OK
/mnt/mrdr/mc26/t0183_mrral_60s310_0327_4.img,514044288,514044288,OK
/mnt/mrdr/mc26/t0183_mrrde_60s310_0327_4.img,135650576,135650576,OK
/mnt/mrdr/mc26/t0183_mrrsu_60s310_0327_4.img,428370240,428370240,OK
/mnt/mrdr/mc26/t0184_mrral_60s317_0327_4.img,514044288,514044288,OK
/mnt/mrdr/mc26/t0184_mrrde_60s317_0327_4.img,135650576,135650576,OK
/mnt/mrdr/mc26/t0184_mrrsu_60s317_0327_4.img,428370240,428370240,OK
/mnt/mrdr/mc26/t0185_mrral_60s323_0327_4.img,514044288,514044288,OK
/mnt/mrdr/mc26/t0185_mrrde_60s323_0327_4.img,135650576,135650576,OK
/mnt/mrdr/mc26/t0185_mrrsu_60s323_0327_4.img,428370240,428370240,OK
/mnt/mrdr/mc26/t0186_mrral_60s330_0327_4.img,514044288,514044288,OK
/mnt/mrdr/mc26/t0186_mrrde_60s330_0327_4.img,135650576,135650576,OK
/mnt/mrdr/mc26/t0186_mrrsu_60s330_0327_4.img,428370240,428370240,OK
/mnt/mrdr/mc26/t0187_mrral_60s337_0327_4.img,514044288,514044288,OK
/mnt/mrdr/mc26/t0187_mrrde_60s337_0327_4.img,135650576,135650576,OK
/mnt/mrdr/mc26/t0187_mrrsu_60s337_0327_4.img,428370240,428370240,OK
/mnt/mrdr/mc26/t0188_mrral_60s343_0327_4.img,514044288,514044288,OK
/mnt/mrdr/mc26/t0188_mrrde_60s343_0327_4.img,135650576,135650576,OK
/mnt/mrdr/mc26/t0188_mrrsu_60s343_0327_4.img,428370240,428370240,OK
/mnt/mrdr/mc26/t0189_mrral_60s350_0327_4.img,514044288,514044288,OK
/mnt/mrdr/mc26/t0189_mrrde_60s350_0327_4.img,135650576,135650576,OK
/mnt/mrdr/mc26/t0189_mrrsu_60s350_0327_4.img,428370240,428370240,OK
/mnt/mrdr/mc26/t0190_mrral_60s357_0327_4.img,514044288,514044288,OK
/mnt/mrdr/mc26/t0190_mrrde_60s357_0327_4.img,135650576,135650576,OK
/mnt/mrdr/mc26/t0190_mrrsu_60s357_0327_4.img,428370240,428370240,OK
/mnt/mrdr/mc26/t0236_mrral_55s303_0327_4.img,589431168,589431168,OK
/mnt/mrdr/mc26/t0236_mrrde_55s303_0327_4.img,155544336,155544336,OK
/mnt/mrdr/mc26/t0236_mrrsu_55s303_0327_4.img,491192640,491192640,OK
/mnt/mrdr/mc26/t0237_mrral_55s310_0327_4.img,589902336,589902336,OK
/mnt/mrdr/mc26/t0237_mrrde_55s310_0327_4.img,155668672,155668672,OK
/mnt/mrdr/mc26/t0237_mrrsu_55s310_0327_4.img,491585280,491585280,OK
/mnt/mrdr/mc26/t0238_mrral_55s317_0327_4.img,589431168,589431168,OK
/mnt/mrdr/mc26/t0238_mrrde_55s317_0327_4.img,155544336,155544336,OK
/mnt/mrdr/mc26/t0238_mrrsu_55s317_0327_4.img,491192640,491192640,OK
/mnt/mrdr/mc26/t0239_mrral_55s323_0327_4.img,589431168,589431168,OK
/mnt/mrdr/mc26/t0239_mrrde_55s323_0327_4.img,155544336,155544336,OK
/mnt/mrdr/mc26/t0239_mrrsu_55s323_0327_4.img,491192640,491192640,OK
/mnt/mrdr/mc26/t0240_mrral_55s330_0327_4.img,589431168,589431168,OK
/mnt/mrdr/mc26/t0240_mrrde_55s330_0327_4.img,155544336,155544336,OK
/mnt/mrdr/mc26/t0240_mrrsu_55s330_0327_4.img,491192640,491192640,OK
/mnt/mrdr/mc26/t0241_mrral_55s337_0327_4.img,589902336,589902336,OK
/mnt/mrdr/mc26/t0241_mrrde_55s337_0327_4.img,155668672,155668672,OK
/mnt/mrdr/mc26/t0241_mrrsu_55s337_0327_4.img,491585280,491585280,OK
/mnt/mrdr/mc26/t0242_mrral_55s343_0327_4.img,589902336,589902336,OK
/mnt/mrdr/mc26/t0242_mrrde_55s343_0327_4.img,155668672,155668672,OK
/mnt/mrdr/mc26/t0242_mrrsu_55s343_0327_4.img,491585280,491585280,OK
/mnt/mrdr/mc26/t0243_mrral_55s350_0327_4.img,589431168,589431168,OK
/mnt/mrdr/mc26/t0243_mrrde_55s350_0327_4.img,155544336,155544336,OK
/mnt/mrdr/mc26/t0243_mrrsu_55s350_0327_4.img,491192640,491192640,OK
/mnt/mrdr/mc26/t0244_mrral_55s357_0327_4.img,589431168,589431168,OK
/mnt/mrdr/mc26/t0244_mrrde_55s357_0327_4.img,155544336,155544336,OK
/mnt/mrdr/mc26/t0244_mrrsu_55s357_0327_4.img,491192640,491192640,OK
/mnt/mrdr/mc26/t0290_mrral_50s303_0327_4.img,660577536,660577536,OK
/mnt/mrdr/mc26/t0290_mrrde_50s303_0327_4.img,174319072,174319072,OK
/mnt/mrdr/mc26/t0290_mrrsu_50s303_0327_4.img,550481280,550481280,OK
/mnt/mrdr/mc26/t0291_mrral_50s310_0327_4.img,661048704,661048704,OK
/mnt/mrdr/mc26/t0291_mrrde_50s310_0327_4.img,174443408,174443408,OK
/mnt/mrdr/mc26/t0291_mrrsu_50s310_0327_4.img,550873920,550873920,OK
/mnt/mrdr/mc26/t0292_mrral_50s317_0327_4.img,661048704,661048704,OK
/mnt/mrdr/mc26/t0292_mrrde_50s317_0327_4.img,174443408,174443408,OK
/mnt/mrdr/mc26/t0292_mrrsu_50s317_0327_4.img,550873920,550873920,OK
/mnt/mrdr/mc26/t0293_mrral_50s323_0327_4.img,660577536,660577536,OK
/mnt/mrdr/mc26/t0293_mrrde_50s323_0327_4.img,174319072,174319072,OK
/mnt/mrdr/mc26/t0293_mrrsu_50s323_0327_4.img,550481280,550481280,OK
/mnt/mrdr/mc26/t0294_mrral_50s330_0327_4.img,660577536,660577536,OK
/mnt/mrdr/mc26/t0294_mrrde_50s330_0327_4.img,174319072,174319072,OK
/mnt/mrdr/mc26/t0294_mrrsu_50s330_0327_4.img,550481280,550481280,OK
/mnt/mrdr/mc26/t0295_mrral_50s337_0327_4.img,660577536,660577536,OK
/mnt/mrdr/mc26/t0295_mrrde_50s337_0327_4.img,174319072,174319072,OK
/mnt/mrdr/mc26/t0295_mrrsu_50s337_0327_4.img,550481280,550481280,OK
/mnt/mrdr/mc26/t0296_mrral_50s343_0327_4.img,661048704,661048704,OK
/mnt/mrdr/mc26/t0296_mrrde_50s343_0327_4.img,174443408,174443408,OK
/mnt/mrdr/mc26/t0296_mrrsu_50s343_0327_4.img,550873920,550873920,OK
/mnt/mrdr/mc26/t0297_mrral_50s350_0327_4.img,661048704,661048704,OK
/mnt/mrdr/mc26/t0297_mrrde_50s350_0327_4.img,174443408,174443408,OK
/mnt/mrdr/mc26/t0297_mrrsu_50s350_0327_4.img,550873920,550873920,OK
/mnt/mrdr/mc26/t0298_mrral_50s357_0327_4.img,660577536,660577536,OK
/mnt/mrdr/mc26/t0298_mrrde_50s357_0327_4.img,174319072,174319072,OK
/mnt/mrdr/mc26/t0298_mrrsu_50s357_0327_4.img,550481280,550481280,OK
/mnt/mrdr/mc26/t0359_mrral_45s303_0327_4.img,545141376,545141376,OK
/mnt/mrdr/mc26/t0359_mrrde_45s303_0327_4.img,143856752,143856752,OK
/mnt/mrdr/mc26/t0359_mrrsu_45s303_0327_4.img,454284480,454284480,OK
/mnt/mrdr/mc26/t0360_mrral_45s308_0327_4.img,545141376,545141376,OK
/mnt/mrdr/mc26/t0360_mrrde_45s308_0327_4.img,143856752,143856752,OK
/mnt/mrdr/mc26/t0360_mrrsu_45s308_0327_4.img,454284480,454284480,OK
/mnt/mrdr/mc26/t0361_mrral_45s313_0327_4.img,545141376,545141376,OK
/mnt/mrdr/mc26/t0361_mrrde_45s313_0327_4.img,143856752,143856752,OK
/mnt/mrdr/mc26/t0361_mrrsu_45s313_0327_4.img,454284480,454284480,OK
/mnt/mrdr/mc26/t0362_mrral_45s318_0327_4.img,545141376,545141376,OK
/mnt/mrdr/mc26/t0362_mrrde_45s318_0327_4.img,143856752,143856752,OK
/mnt/mrdr/mc26/t0362_mrrsu_45s318_0327_4.img,454284480,454284480,OK
/mnt/mrdr/mc26/t0363_mrral_45s323_0327_4.img,545612544,545612544,OK
/mnt/mrdr/mc26/t0363_mrrde_45s323_0327_4.img,143981088,143981088,OK
/mnt/mrdr/mc26/t0363_mrrsu_45s323_0327_4.img,454677120,454677120,OK
/mnt/mrdr/mc26/t0364_mrral_45s328_0327_4.img,545612544,545612544,OK
/mnt/mrdr/mc26/t0364_mrrde_45s328_0327_4.img,143981088,143981088,OK
/mnt/mrdr/mc26/t0364_mrrsu_45s328_0327_4.img,454677120,454677120,OK
/mnt/mrdr/mc26/t0365_mrral_45s333_0327_4.img,545141376,545141376,OK
/mnt/mrdr/mc26/t0365_mrrde_45s333_0327_4.img,143856752,143856752,OK
/mnt/mrdr/mc26/t0365_mrrsu_45s333_0327_4.img,454284480,454284480,OK
/mnt/mrdr/mc26/t0366_mrral_45s338_0327_4.img,545141376,545141376,OK
/mnt/mrdr/mc26/t0366_mrrde_45s338_0327_4.img,143856752,143856752,OK
/mnt/mrdr/mc26/t0366_mrrsu_45s338_0327_4.img,454284480,454284480,OK
/mnt/mrdr/mc26/t0367_mrral_45s343_0327_4.img,545141376,545141376,OK
/mnt/mrdr/mc26/t0367_mrrde_45s343_0327_4.img,143856752,143856752,OK
/mnt/mrdr/mc26/t0367_mrrsu_45s343_0327_4.img,454284480,454284480,OK
/mnt/mrdr/mc26/t0368_mrral_45s348_0327_4.img,545141376,545141376,OK
/mnt/mrdr/mc26/t0368_mrrde_45s348_0327_4.img,143856752,143856752,OK
/mnt/mrdr/mc26/t0368_mrrsu_45s348_0327_4.img,454284480,454284480,OK
/mnt/mrdr/mc26/t0369_mrral_45s353_0327_4.img,545141376,545141376,OK
/mnt/mrdr/mc26/t0369_mrrde_45s353_0327_4.img,143856752,143856752,OK
/mnt/mrdr/mc26/t0369_mrrsu_45s353_0327_4.img,454284480,454284480,OK
/mnt/mrdr/mc26/t0370_mrral_45s358_0327_4.img,545141376,545141376,OK
/mnt/mrdr/mc26/t0370_mrrde_45s358_0327_4.img,143856752,143856752,OK
/mnt/mrdr/mc26/t0370_mrrsu_45s358_0327_4.img,454284480,454284480,OK
/mnt/mrdr/mc26/t0431_mrral_40s303_0327_4.img,590373504,590373504,OK
/mnt/mrdr/mc26/t0431_mrrde_40s303_0327_4.img,155793008,155793008,OK
/mnt/mrdr/mc26/t0431_mrrsu_40s303_0327_4.img,491977920,491977920,OK
/mnt/mrdr/mc26/t0432_mrral_40s308_0327_4.img,590844672,590844672,OK
/mnt/mrdr/mc26/t0432_mrrde_40s308_0327_4.img,155917344,155917344,OK
/mnt/mrdr/mc26/t0432_mrrsu_40s308_0327_4.img,492370560,492370560,OK
/mnt/mrdr/mc26/t0433_mrral_40s313_0327_4.img,590373504,590373504,OK
/mnt/mrdr/mc26/t0433_mrrde_40s313_0327_4.img,155793008,155793008,OK
/mnt/mrdr/mc26/t0433_mrrsu_40s313_0327_4.img,491977920,491977920,OK
/mnt/mrdr/mc26/t0434_mrral_40s318_0327_4.img,590373504,590373504,OK
/mnt/mrdr/mc26/t0434_mrrde_40s318_0327_4.img,155793008,155793008,OK
/mnt/mrdr/mc26/t0434_mrrsu_40s318_0327_4.img,491977920,491977920,OK
/mnt/mrdr/mc26/t0435_mrral_40s323_0327_4.img,590844672,590844672,OK
/mnt/mrdr/mc26/t0435_mrrde_40s323_0327_4.img,155917344,155917344,OK
/mnt/mrdr/mc26/t0435_mrrsu_40s323_0327_4.img,492370560,492370560,OK
/mnt/mrdr/mc26/t0436_mrral_40s328_0327_4.img,590373504,590373504,OK
/mnt/mrdr/mc26/t0436_mrrde_40s328_0327_4.img,155793008,155793008,OK
/mnt/mrdr/mc26/t0436_mrrsu_40s328_0327_4.img,491977920,491977920,OK
/mnt/mrdr/mc26/t0437_mrral_40s333_0327_4.img,590844672,590844672,OK
/mnt/mrdr/mc26/t0437_mrrde_40s333_0327_4.img,155917344,155917344,OK
/mnt/mrdr/mc26/t0437_mrrsu_40s333_0327_4.img,492370560,492370560,OK
/mnt/mrdr/mc26/t0438_mrral_40s338_0327_4.img,590844672,590844672,OK
/mnt/mrdr/mc26/t0438_mrrde_40s338_0327_4.img,155917344,155917344,OK
/mnt/mrdr/mc26/t0438_mrrsu_40s338_0327_4.img,492370560,492370560,OK
/mnt/mrdr/mc26/t0439_mrral_40s343_0327_4.img,590373504,590373504,OK
/mnt/mrdr/mc26/t0439_mrrde_40s343_0327_4.img,155793008,155793008,OK
/mnt/mrdr/mc26/t0439_mrrsu_40s343_0327_4.img,491977920,491977920,OK
/mnt/mrdr/mc26/t0440_mrral_40s348_0327_4.img,590373504,590373504,OK
/mnt/mrdr/mc26/t0440_mrrde_40s348_0327_4.img,155793008,155793008,OK
/mnt/mrdr/mc26/t0440_mrrsu_40s348_0327_4.img,491977920,491977920,OK
/mnt/mrdr/mc26/t0441_mrral_40s353_0327_4.img,590373504,590373504,OK
/mnt/mrdr/mc26/t0441_mrrde_40s353_0327_4.img,155793008,155793008,OK
/mnt/mrdr/mc26/t0441_mrrsu_40s353_0327_4.img,491977920,491977920,OK
/mnt/mrdr/mc26/t0442_mrral_40s358_0327_4.img,590373504,590373504,OK
/mnt/mrdr/mc26/t0442_mrrde_40s358_0327_4.img,155793008,155793008,OK
/mnt/mrdr/mc26/t0442_mrrsu_40s358_0327_4.img,491977920,491977920,OK
/mnt/mrdr/mc26/t0503_mrral_35s303_0327_4.img,631365120,631365120,OK
/mnt/mrdr/mc26/t0503_mrrde_35s303_0327_4.img,166610240,166610240,OK
/mnt/mrdr/mc26/t0503_mrrsu_35s303_0327_4.img,526137600,526137600,OK
/mnt/mrdr/mc26/t0504_mrral_35s308_0327_4.img,631365120,631365120,OK
/mnt/mrdr/mc26/t0504_mrrde_35s308_0327_4.img,166610240,166610240,OK
/mnt/mrdr/mc26/t0504_mrrsu_35s308_0327_4.img,526137600,526137600,OK
/mnt/mrdr/mc26/t0505_mrral_35s313_0327_4.img,631365120,631365120,OK
/mnt/mrdr/mc26/t0505_mrrde_35s313_0327_4.img,166610240,166610240,OK
/mnt/mrdr/mc26/t0505_mrrsu_35s313_0327_4.img,526137600,526137600,OK
/mnt/mrdr/mc26/t0506_mrral_35s318_0327_4.img,631365120,631365120,OK
/mnt/mrdr/mc26/t0506_mrrde_35s318_0327_4.img,166610240,166610240,OK
/mnt/mrdr/mc26/t0506_mrrsu_35s318_0327_4.img,526137600,526137600,OK
/mnt/mrdr/mc26/t0507_mrral_35s323_0327_4.img,631836288,631836288,OK
/mnt/mrdr/mc26/t0507_mrrde_35s323_0327_4.img,166734576,166734576,OK
/mnt/mrdr/mc26/t0507_mrrsu_35s323_0327_4.img,526530240,526530240,OK
/mnt/mrdr/mc26/t0508_mrral_35s328_0327_4.img,631365120,631365120,OK
/mnt/mrdr/mc26/t0508_mrrde_35s328_0327_4.img,166610240,166610240,OK
/mnt/mrdr/mc26/t0508_mrrsu_35s328_0327_4.img,526137600,526137600,OK
/mnt/mrdr/mc26/t0509_mrral_35s333_0327_4.img,631365120,631365120,OK
/mnt/mrdr/mc26/t0509_mrrde_35s333_0327_4.img,166610240,166610240,OK
/mnt/mrdr/mc26/t0509_mrrsu_35s333_0327_4.img,526137600,526137600,OK
/mnt/mrdr/mc26/t0510_mrral_35s338_0327_4.img,631365120,631365120,OK
/mnt/mrdr/mc26/t0510_mrrde_35s338_0327_4.img,166610240,166610240,OK
/mnt/mrdr/mc26/t0510_mrrsu_35s338_0327_4.img,526137600,526137600,OK
/mnt/mrdr/mc26/t0511_mrral_35s343_0327_4.img,631365120,631365120,OK
/mnt/mrdr/mc26/t0511_mrrde_35s343_0327_4.img,166610240,166610240,OK
/mnt/mrdr/mc26/t0511_mrrsu_35s343_0327_4.img,526137600,526137600,OK
/mnt/mrdr/mc26/t0512_mrral_35s348_0327_4.img,631365120,631365120,OK
/mnt/mrdr/mc26/t0512_mrrde_35s348_0327_4.img,166610240,166610240,OK
/mnt/mrdr/mc26/t0512_mrrsu_35s348_0327_4.img,526137600,526137600,OK
/mnt/mrdr/mc26/t0513_mrral_35s353_0327_4.img,631365120,631365120,OK
/mnt/mrdr/mc26/t0513_mrrde_35s353_0327_4.img,166610240,166610240,OK
/mnt/mrdr/mc26/t0513_mrrsu_35s353_0327_4.img,526137600,526137600,OK
/mnt/mrdr/mc26/t0514_mrral_35s358_0327_4.img,631365120,631365120,OK
/mnt/mrdr/mc26/t0514_mrrde_35s358_0327_4.img,166610240,166610240,OK
/mnt/mrdr/mc26/t0514_mrrsu_35s358_0327_4.img,526137600,526137600,OK
/mnt/mrdr/mc26/t0575_mrral_30s303_0327_4.img,667645056,667645056,OK
/mnt/mrdr/mc26/t0575_mrrde_30s303_0327_4.img,176184112,176184112,OK
/mnt/mrdr/mc26/t0575_mrrsu_30s303_0327_4.img,556370880,556370880,OK
/mnt/mrdr/mc26/t0576_mrral_30s308_0327_4.img,667645056,667645056,OK
/mnt/mrdr/mc26/t0576_mrrde_30s308_0327_4.img,176184112,176184112,OK
/mnt/mrdr/mc26/t0576_mrrsu_30s308_0327_4.img,556370880,556370880,OK
/mnt/mrdr/mc26/t0577_mrral_30s313_0327_4.img,667645056,667645056,OK
/mnt/mrdr/mc26/t0577_mrrde_30s313_0327_4.img,176184112,176184112,OK
/mnt/mrdr/mc26/t0577_mrrsu_30s313_0327_4.img,556370880,556370880,OK
/mnt/mrdr/mc26/t0578_mrral_30s318_0327_4.img,667645056,667645056,OK
/mnt/mrdr/mc26/t0578_mrrde_30s318_0327_4.img,176184112,176184112,OK
/mnt/mrdr/mc26/t0578_mrrsu_30s318_0327_4.img,556370880,556370880,OK
/mnt/mrdr/mc26/t0579_mrral_30s323_0327_4.img,667645056,667645056,OK
/mnt/mrdr/mc26/t0579_mrrde_30s323_0327_4.img,176184112,176184112,OK
/mnt/mrdr/mc26/t0579_mrrsu_30s323_0327_4.img,556370880,556370880,OK
/mnt/mrdr/mc26/t0580_mrral_30s328_0327_4.img,667645056,667645056,OK
/mnt/mrdr/mc26/t0580_mrrde_30s328_0327_4.img,176184112,176184112,OK
/mnt/mrdr/mc26/t0580_mrrsu_30s328_0327_4.img,556370880,556370880,OK
/mnt/mrdr/mc26/t0581_mrral_30s333_0327_4.img,667645056,667645056,OK
/mnt/mrdr/mc26/t0581_mrrde_30s333_0327_4.img,176184112,176184112,OK
/mnt/mrdr/mc26/t0581_mrrsu_30s333_0327_4.img,556370880,556370880,OK
/mnt/mrdr/mc26/t0582_mrral_30s338_0327_4.img,667645056,667645056,OK
/mnt/mrdr/mc26/t0582_mrrde_30s338_0327_4.img,176184112,176184112,OK
/mnt/mrdr/mc26/t0582_mrrsu_30s338_0327_4.img,556370880,556370880,OK
/mnt/mrdr/mc26/t0583_mrral_30s343_0327_4.img,667645056,667645056,OK
/mnt/mrdr/mc26/t0583_mrrde_30s343_0327_4.img,176184112,176184112,OK
/mnt/mrdr/mc26/t0583_mrrsu_30s343_0327_4.img,556370880,556370880,OK
/mnt/mrdr/mc26/t0584_mrral_30s348_0327_4.img,667645056,667645056,OK
/mnt/mrdr/mc26/t0584_mrrde_30s348_0327_4.img,176184112,176184112,OK
/mnt/mrdr/mc26/t0584_mrrsu_30s348_0327_4.img,556370880,556370880,OK
/mnt/mrdr/mc26/t0585_mrral_30s353_0327_4.img,667645056,667645056,OK
/mnt/mrdr/mc26/t0585_mrrde_30s353_0327_4.img,176184112,176184112,OK
/mnt/mrdr/mc26/t0585_mrrsu_30s353_0327_4.img,556370880,556370880,OK
/mnt/mrdr/mc26/t0586_mrral_30s358_0327_4.img,667645056,667645056,OK
/mnt/mrdr/mc26/t0586_mrrde_30s358_0327_4.img,176184112,176184112,OK
/mnt/mrdr/mc26/t0586_mrrsu_30s358_0327_4.img,556370880,556370880,OK
/mnt/mrdr/mc27/t0137_mrral_60s003_0327_4.img,514044288,514044288,OK
/mnt/mrdr/mc27/t0137_mrrde_60s003_0327_4.img,135650576,135650576,OK
/mnt/mrdr/mc27/t0137_mrrsu_60s003_0327_4.img,428370240,428370240,OK
/mnt/mrdr/mc27/t0138_mrral_60s010_0327_4.img,514044288,514044288,OK
/mnt/mrdr/mc27/t0138_mrrde_60s010_0327_4.img,135650576,135650576,OK
/mnt/mrdr/mc27/t0138_mrrsu_60s010_0327_4.img,428370240,428370240,OK
/mnt/mrdr/mc27/t0139_mrral_60s017_0327_4.img,514044288,514044288,OK
/mnt/mrdr/mc27/t0139_mrrde_60s017_0327_4.img,135650576,135650576,OK
/mnt/mrdr/mc27/t0139_mrrsu_60s017_0327_4.img,428370240,428370240,OK
/mnt/mrdr/mc27/t0140_mrral_60s023_0327_4.img,514044288,514044288,OK
/mnt/mrdr/mc27/t0140_mrrde_60s023_0327_4.img,135650576,135650576,OK
/mnt/mrdr/mc27/t0140_mrrsu_60s023_0327_4.img,428370240,428370240,OK
/mnt/mrdr/mc27/t0141_mrral_60s030_0327_4.img,514044288,514044288,OK
/mnt/mrdr/mc27/t0141_mrrde_60s030_0327_4.img,135650576,135650576,OK
/mnt/mrdr/mc27/t0141_mrrsu_60s030_0327_4.img,428370240,428370240,OK
/mnt/mrdr/mc27/t0142_mrral_60s037_0327_4.img,514044288,514044288,OK
/mnt/mrdr/mc27/t0142_mrrde_60s037_0327_4.img,135650576,135650576,OK
/mnt/mrdr/mc27/t0142_mrrsu_60s037_0327_4.img,428370240,428370240,OK
/mnt/mrdr/mc27/t0143_mrral_60s043_0327_4.img,514044288,514044288,OK
/mnt/mrdr/mc27/t0143_mrrde_60s043_0327_4.img,135650576,135650576,OK
/mnt/mrdr/mc27/t0143_mrrsu_60s043_0327_4.img,428370240,428370240,OK
/mnt/mrdr/mc27/t0144_mrral_60s050_0327_4.img,514044288,514044288,OK
/mnt/mrdr/mc27/t0144_mrrde_60s050_0327_4.img,135650576,135650576,OK
/mnt/mrdr/mc27/t0144_mrrsu_60s050_0327_4.img,428370240,428370240,OK
/mnt/mrdr/mc27/t0145_mrral_60s057_0327_4.img,514044288,514044288,OK
/mnt/mrdr/mc27/t0145_mrrde_60s057_0327_4.img,135650576,135650576,OK
/mnt/mrdr/mc27/t0145_mrrsu_60s057_0327_4.img,428370240,428370240,OK
/mnt/mrdr/mc27/t0191_mrral_55s003_0327_4.img,589902336,589902336,OK
/mnt/mrdr/mc27/t0191_mrrde_55s003_0327_4.img,155668672,155668672,OK
/mnt/mrdr/mc27/t0191_mrrsu_55s003_0327_4.img,491585280,491585280,OK
/mnt/mrdr/mc27/t0192_mrral_55s010_0327_4.img,589902336,589902336,OK
/mnt/mrdr/mc27/t0192_mrrde_55s010_0327_4.img,155668672,155668672,OK
/mnt/mrdr/mc27/t0192_mrrsu_55s010_0327_4.img,491585280,491585280,OK
/mnt/mrdr/mc27/t0193_mrral_55s017_0327_4.img,589902336,589902336,OK
/mnt/mrdr/mc27/t0193_mrrde_55s017_0327_4.img,155668672,155668672,OK
/mnt/mrdr/mc27/t0193_mrrsu_55s017_0327_4.img,491585280,491585280,OK
/mnt/mrdr/mc27/t0194_mrral_55s023_0327_4.img,589431168,589431168,OK
/mnt/mrdr/mc27/t0194_mrrde_55s023_0327_4.img,155544336,155544336,OK
/mnt/mrdr/mc27/t0194_mrrsu_55s023_0327_4.img,491192640,491192640,OK
/mnt/mrdr/mc27/t0195_mrral_55s030_0327_4.img,589431168,589431168,OK
/mnt/mrdr/mc27/t0195_mrrde_55s030_0327_4.img,155544336,155544336,OK
/mnt/mrdr/mc27/t0195_mrrsu_55s030_0327_4.img,491192640,491192640,OK
/mnt/mrdr/mc27/t0196_mrral_55s037_0327_4.img,589431168,589431168,OK
/mnt/mrdr/mc27/t0196_mrrde_55s037_0327_4.img,155544336,155544336,OK
/mnt/mrdr/mc27/t0196_mrrsu_55s037_0327_4.img,491192640,491192640,OK
/mnt/mrdr/mc27/t0197_mrral_55s043_0327_4.img,589431168,589431168,OK
/mnt/mrdr/mc27/t0197_mrrde_55s043_0327_4.img,155544336,155544336,OK
/mnt/mrdr/mc27/t0197_mrrsu_55s043_0327_4.img,491192640,491192640,OK
/mnt/mrdr/mc27/t0198_mrral_55s050_0327_4.img,589431168,589431168,OK
/mnt/mrdr/mc27/t0198_mrrde_55s050_0327_4.img,155544336,155544336,OK
/mnt/mrdr/mc27/t0198_mrrsu_55s050_0327_4.img,491192640,491192640,OK
/mnt/mrdr/mc27/t0199_mrral_55s057_0327_4.img,589431168,589431168,OK
/mnt/mrdr/mc27/t0199_mrrde_55s057_0327_4.img,155544336,155544336,OK
/mnt/mrdr/mc27/t0199_mrrsu_55s057_0327_4.img,491192640,491192640,OK
/mnt/mrdr/mc27/t0245_mrral_50s003_0327_4.img,660577536,660577536,OK
/mnt/mrdr/mc27/t0245_mrrde_50s003_0327_4.img,174319072,174319072,OK
/mnt/mrdr/mc27/t0245_mrrsu_50s003_0327_4.img,550481280,550481280,OK
/mnt/mrdr/mc27/t0246_mrral_50s010_0327_4.img,660577536,660577536,OK
/mnt/mrdr/mc27/t0246_mrrde_50s010_0327_4.img,174319072,174319072,OK
/mnt/mrdr/mc27/t0246_mrrsu_50s010_0327_4.img,550481280,550481280,OK
/mnt/mrdr/mc27/t0247_mrral_50s017_0327_4.img,660577536,660577536,OK
/mnt/mrdr/mc27/t0247_mrrde_50s017_0327_4.img,174319072,174319072,OK
/mnt/mrdr/mc27/t0247_mrrsu_50s017_0327_4.img,550481280,550481280,OK
/mnt/mrdr/mc27/t0248_mrral_50s023_0327_4.img,660577536,660577536,OK
/mnt/mrdr/mc27/t0248_mrrde_50s023_0327_4.img,174319072,174319072,OK
/mnt/mrdr/mc27/t0248_mrrsu_50s023_0327_4.img,550481280,550481280,OK
/mnt/mrdr/mc27/t0249_mrral_50s030_0327_4.img,661048704,661048704,OK
/mnt/mrdr/mc27/t0249_mrrde_50s030_0327_4.img,174443408,174443408,OK
/mnt/mrdr/mc27/t0249_mrrsu_50s030_0327_4.img,550873920,550873920,OK
/mnt/mrdr/mc27/t0250_mrral_50s037_0327_4.img,661048704,661048704,OK
/mnt/mrdr/mc27/t0250_mrrde_50s037_0327_4.img,174443408,174443408,OK
/mnt/mrdr/mc27/t0250_mrrsu_50s037_0327_4.img,550873920,550873920,OK
/mnt/mrdr/mc27/t0251_mrral_50s043_0327_4.img,660577536,660577536,OK
/mnt/mrdr/mc27/t0251_mrrde_50s043_0327_4.img,174319072,174319072,OK
/mnt/mrdr/mc27/t0251_mrrsu_50s043_0327_4.img,550481280,550481280,OK
/mnt/mrdr/mc27/t0252_mrral_50s050_0327_4.img,660577536,660577536,OK
/mnt/mrdr/mc27/t0252_mrrde_50s050_0327_4.img,174319072,174319072,OK
/mnt/mrdr/mc27/t0252_mrrsu_50s050_0327_4.img,550481280,550481280,OK
/mnt/mrdr/mc27/t0253_mrral_50s057_0327_4.img,660577536,660577536,OK
/mnt/mrdr/mc27/t0253_mrrde_50s057_0327_4.img,174319072,174319072,OK
/mnt/mrdr/mc27/t0253_mrrsu_50s057_0327_4.img,550481280,550481280,OK
/mnt/mrdr/mc27/t0299_mrral_45s003_0327_4.img,545141376,545141376,OK
/mnt/mrdr/mc27/t0299_mrrde_45s003_0327_4.img,143856752,143856752,OK
/mnt/mrdr/mc27/t0299_mrrsu_45s003_0327_4.img,454284480,454284480,OK
/mnt/mrdr/mc27/t0300_mrral_45s008_0327_4.img,545141376,545141376,OK
/mnt/mrdr/mc27/t0300_mrrde_45s008_0327_4.img,143856752,143856752,OK
/mnt/mrdr/mc27/t0300_mrrsu_45s008_0327_4.img,454284480,454284480,OK
/mnt/mrdr/mc27/t0301_mrral_45s013_0327_4.img,545141376,545141376,OK
/mnt/mrdr/mc27/t0301_mrrde_45s013_0327_4.img,143856752,143856752,OK
/mnt/mrdr/mc27/t0301_mrrsu_45s013_0327_4.img,454284480,454284480,OK
/mnt/mrdr/mc27/t0302_mrral_45s018_0327_4.img,545141376,545141376,OK
/mnt/mrdr/mc27/t0302_mrrde_45s018_0327_4.img,143856752,143856752,OK
/mnt/mrdr/mc27/t0302_mrrsu_45s018_0327_4.img,454284480,454284480,OK
/mnt/mrdr/mc27/t0303_mrral_45s023_0327_4.img,545141376,545141376,OK
/mnt/mrdr/mc27/t0303_mrrde_45s023_0327_4.img,143856752,143856752,OK
/mnt/mrdr/mc27/t0303_mrrsu_45s023_0327_4.img,454284480,454284480,OK
/mnt/mrdr/mc27/t0304_mrral_45s028_0327_4.img,545141376,545141376,OK
/mnt/mrdr/mc27/t0304_mrrde_45s028_0327_4.img,143856752,143856752,OK
/mnt/mrdr/mc27/t0304_mrrsu_45s028_0327_4.img,454284480,454284480,OK
/mnt/mrdr/mc27/t0305_mrral_45s033_0327_4.img,545141376,545141376,OK
/mnt/mrdr/mc27/t0305_mrrde_45s033_0327_4.img,143856752,143856752,OK
/mnt/mrdr/mc27/t0305_mrrsu_45s033_0327_4.img,454284480,454284480,OK
/mnt/mrdr/mc27/t0306_mrral_45s038_0327_4.img,545141376,545141376,OK
/mnt/mrdr/mc27/t0306_mrrde_45s038_0327_4.img,143856752,143856752,OK
/mnt/mrdr/mc27/t0306_mrrsu_45s038_0327_4.img,454284480,454284480,OK
/mnt/mrdr/mc27/t0307_mrral_45s043_0327_4.img,545141376,545141376,OK
/mnt/mrdr/mc27/t0307_mrrde_45s043_0327_4.img,143856752,143856752,OK
/mnt/mrdr/mc27/t0307_mrrsu_45s043_0327_4.img,454284480,454284480,OK
/mnt/mrdr/mc27/t0308_mrral_45s048_0327_4.img,545141376,545141376,OK
/mnt/mrdr/mc27/t0308_mrrde_45s048_0327_4.img,143856752,143856752,OK
/mnt/mrdr/mc27/t0308_mrrsu_45s048_0327_4.img,454284480,454284480,OK
/mnt/mrdr/mc27/t0309_mrral_45s053_0327_4.img,545141376,545141376,OK
/mnt/mrdr/mc27/t0309_mrrde_45s053_0327_4.img,143856752,143856752,OK
/mnt/mrdr/mc27/t0309_mrrsu_45s053_0327_4.img,454284480,454284480,OK
/mnt/mrdr/mc27/t0310_mrral_45s058_0327_4.img,545141376,545141376,OK
/mnt/mrdr/mc27/t0310_mrrde_45s058_0327_4.img,143856752,143856752,OK
/mnt/mrdr/mc27/t0310_mrrsu_45s058_0327_4.img,454284480,454284480,OK
/mnt/mrdr/mc27/t0371_mrral_40s003_0327_4.img,590373504,590373504,OK
/mnt/mrdr/mc27/t0371_mrrde_40s003_0327_4.img,155793008,155793008,OK
/mnt/mrdr/mc27/t0371_mrrsu_40s003_0327_4.img,491977920,491977920,OK
/mnt/mrdr/mc27/t0372_mrral_40s008_0327_4.img,590844672,590844672,OK
/mnt/mrdr/mc27/t0372_mrrde_40s008_0327_4.img,155917344,155917344,OK
/mnt/mrdr/mc27/t0372_mrrsu_40s008_0327_4.img,492370560,492370560,OK
/mnt/mrdr/mc27/t0373_mrral_40s013_0327_4.img,590844672,590844672,OK
/mnt/mrdr/mc27/t0373_mrrde_40s013_0327_4.img,155917344,155917344,OK
/mnt/mrdr/mc27/t0373_mrrsu_40s013_0327_4.img,492370560,492370560,OK
/mnt/mrdr/mc27/t0374_mrral_40s018_0327_4.img,590373504,590373504,OK
/mnt/mrdr/mc27/t0374_mrrde_40s018_0327_4.img,155793008,155793008,OK
/mnt/mrdr/mc27/t0374_mrrsu_40s018_0327_4.img,491977920,491977920,OK
/mnt/mrdr/mc27/t0375_mrral_40s023_0327_4.img,590373504,590373504,OK
/mnt/mrdr/mc27/t0375_mrrde_40s023_0327_4.img,155793008,155793008,OK
/mnt/mrdr/mc27/t0375_mrrsu_40s023_0327_4.img,491977920,491977920,OK
/mnt/mrdr/mc27/t0376_mrral_40s028_0327_4.img,590844672,590844672,OK
/mnt/mrdr/mc27/t0376_mrrde_40s028_0327_4.img,155917344,155917344,OK
/mnt/mrdr/mc27/t0376_mrrsu_40s028_0327_4.img,492370560,492370560,OK
/mnt/mrdr/mc27/t0377_mrral_40s033_0327_4.img,590373504,590373504,OK
/mnt/mrdr/mc27/t0377_mrrde_40s033_0327_4.img,155793008,155793008,OK
/mnt/mrdr/mc27/t0377_mrrsu_40s033_0327_4.img,491977920,491977920,OK
/mnt/mrdr/mc27/t0378_mrral_40s038_0327_4.img,590373504,590373504,OK
/mnt/mrdr/mc27/t0378_mrrde_40s038_0327_4.img,155793008,155793008,OK
/mnt/mrdr/mc27/t0378_mrrsu_40s038_0327_4.img,491977920,491977920,OK
/mnt/mrdr/mc27/t0379_mrral_40s043_0327_4.img,590844672,590844672,OK
/mnt/mrdr/mc27/t0379_mrrde_40s043_0327_4.img,155917344,155917344,OK
/mnt/mrdr/mc27/t0379_mrrsu_40s043_0327_4.img,492370560,492370560,OK
/mnt/mrdr/mc27/t0380_mrral_40s048_0327_4.img,590373504,590373504,OK
/mnt/mrdr/mc27/t0380_mrrde_40s048_0327_4.img,155793008,155793008,OK
/mnt/mrdr/mc27/t0380_mrrsu_40s048_0327_4.img,491977920,491977920,OK
/mnt/mrdr/mc27/t0381_mrral_40s053_0327_4.img,590373504,590373504,OK
/mnt/mrdr/mc27/t0381_mrrde_40s053_0327_4.img,155793008,155793008,OK
/mnt/mrdr/mc27/t0381_mrrsu_40s053_0327_4.img,491977920,491977920,OK
/mnt/mrdr/mc27/t0382_mrral_40s058_0327_4.img,590844672,590844672,OK
/mnt/mrdr/mc27/t0382_mrrde_40s058_0327_4.img,155917344,155917344,OK
/mnt/mrdr/mc27/t0382_mrrsu_40s058_0327_4.img,492370560,492370560,OK
/mnt/mrdr/mc27/t0443_mrral_35s003_0327_4.img,631365120,631365120,OK
/mnt/mrdr/mc27/t0443_mrrde_35s003_0327_4.img,166610240,166610240,OK
/mnt/mrdr/mc27/t0443_mrrsu_35s003_0327_4.img,526137600,526137600,OK
/mnt/mrdr/mc27/t0444_mrral_35s008_0327_4.img,631836288,631836288,OK
/mnt/mrdr/mc27/t0444_mrrde_35s008_0327_4.img,166734576,166734576,OK
/mnt/mrdr/mc27/t0444_mrrsu_35s008_0327_4.img,526530240,526530240,OK
/mnt/mrdr/mc27/t0445_mrral_35s013_0327_4.img,631365120,631365120,OK
/mnt/mrdr/mc27/t0445_mrrde_35s013_0327_4.img,166610240,166610240,OK
/mnt/mrdr/mc27/t0445_mrrsu_35s013_0327_4.img,526137600,526137600,OK
/mnt/mrdr/mc27/t0446_mrral_35s018_0327_4.img,631365120,631365120,OK
/mnt/mrdr/mc27/t0446_mrrde_35s018_0327_4.img,166610240,166610240,OK
/mnt/mrdr/mc27/t0446_mrrsu_35s018_0327_4.img,526137600,526137600,OK
/mnt/mrdr/mc27/t0447_mrral_35s023_0327_4.img,631365120,631365120,OK
/mnt/mrdr/mc27/t0447_mrrde_35s023_0327_4.img,166610240,166610240,OK
/mnt/mrdr/mc27/t0447_mrrsu_35s023_0327_4.img,526137600,526137600,OK
/mnt/mrdr/mc27/t0448_mrral_35s028_0327_4.img,631365120,631365120,OK
/mnt/mrdr/mc27/t0448_mrrde_35s028_0327_4.img,166610240,166610240,OK
/mnt/mrdr/mc27/t0448_mrrsu_35s028_0327_4.img,526137600,526137600,OK
/mnt/mrdr/mc27/t0449_mrral_35s033_0327_4.img,631365120,631365120,OK
/mnt/mrdr/mc27/t0449_mrrde_35s033_0327_4.img,166610240,166610240,OK
/mnt/mrdr/mc27/t0449_mrrsu_35s033_0327_4.img,526137600,526137600,OK
/mnt/mrdr/mc27/t0450_mrral_35s038_0327_4.img,631836288,631836288,OK
/mnt/mrdr/mc27/t0450_mrrde_35s038_0327_4.img,166734576,166734576,OK
/mnt/mrdr/mc27/t0450_mrrsu_35s038_0327_4.img,526530240,526530240,OK
/mnt/mrdr/mc27/t0451_mrral_35s043_0327_4.img,631365120,631365120,OK
/mnt/mrdr/mc27/t0451_mrrde_35s043_0327_4.img,166610240,166610240,OK
/mnt/mrdr/mc27/t0451_mrrsu_35s043_0327_4.img,526137600,526137600,OK
/mnt/mrdr/mc27/t0452_mrral_35s048_0327_4.img,631365120,631365120,OK
/mnt/mrdr/mc27/t0452_mrrde_35s048_0327_4.img,166610240,166610240,OK
/mnt/mrdr/mc27/t0452_mrrsu_35s048_0327_4.img,526137600,526137600,OK
/mnt/mrdr/mc27/t0453_mrral_35s053_0327_4.img,631365120,631365120,OK
/mnt/mrdr/mc27/t0453_mrrde_35s053_0327_4.img,166610240,166610240,OK
/mnt/mrdr/mc27/t0453_mrrsu_35s053_0327_4.img,526137600,526137600,OK
/mnt/mrdr/mc27/t0454_mrral_35s058_0327_4.img,631365120,631365120,OK
/mnt/mrdr/mc27/t0454_mrrde_35s058_0327_4.img,166610240,166610240,OK
/mnt/mrdr/mc27/t0454_mrrsu_35s058_0327_4.img,526137600,526137600,OK
/mnt/mrdr/mc27/t0515_mrral_30s003_0327_4.img,667645056,667645056,OK
/mnt/mrdr/mc27/t0515_mrrde_30s003_0327_4.img,176184112,176184112,OK
/mnt/mrdr/mc27/t0515_mrrsu_30s003_0327_4.img,556370880,556370880,OK
/mnt/mrdr/mc27/t0516_mrral_30s008_0327_4.img,667173888,667173888,OK
/mnt/mrdr/mc27/t0516_mrrde_30s008_0327_4.img,176059776,176059776,OK
/mnt/mrdr/mc27/t0516_mrrsu_30s008_0327_4.img,555978240,555978240,OK
/mnt/mrdr/mc27/t0517_mrral_30s013_0327_4.img,667645056,667645056,OK
/mnt/mrdr/mc27/t0517_mrrde_30s013_0327_4.img,176184112,176184112,OK
/mnt/mrdr/mc27/t0517_mrrsu_30s013_0327_4.img,556370880,556370880,OK
/mnt/mrdr/mc27/t0518_mrral_30s018_0327_4.img,667645056,667645056,OK
/mnt/mrdr/mc27/t0518_mrrde_30s018_0327_4.img,176184112,176184112,OK
/mnt/mrdr/mc27/t0518_mrrsu_30s018_0327_4.img,556370880,556370880,OK
/mnt/mrdr/mc27/t0519_mrral_30s023_0327_4.img,667645056,667645056,OK
/mnt/mrdr/mc27/t0519_mrrde_30s023_0327_4.img,176184112,176184112,OK
/mnt/mrdr/mc27/t0519_mrrsu_30s023_0327_4.img,556370880,556370880,OK
/mnt/mrdr/mc27/t0520_mrral_30s028_0327_4.img,667645056,667645056,OK
/mnt/mrdr/mc27/t0520_mrrde_30s028_0327_4.img,176184112,176184112,OK
/mnt/mrdr/mc27/t0520_mrrsu_30s028_0327_4.img,556370880,556370880,OK
/mnt/mrdr/mc27/t0521_mrral_30s033_0327_4.img,667645056,667645056,OK
/mnt/mrdr/mc27/t0521_mrrde_30s033_0327_4.img,176184112,176184112,OK
/mnt/mrdr/mc27/t0521_mrrsu_30s033_0327_4.img,556370880,556370880,OK
/mnt/mrdr/mc27/t0522_mrral_30s038_0327_4.img,667645056,667645056,OK
/mnt/mrdr/mc27/t0522_mrrde_30s038_0327_4.img,176184112,176184112,OK
/mnt/mrdr/mc27/t0522_mrrsu_30s038_0327_4.img,556370880,556370880,OK
/mnt/mrdr/mc27/t0523_mrral_30s043_0327_4.img,667645056,667645056,OK
/mnt/mrdr/mc27/t0523_mrrde_30s043_0327_4.img,176184112,176184112,OK
/mnt/mrdr/mc27/t0523_mrrsu_30s043_0327_4.img,556370880,556370880,OK
/mnt/mrdr/mc27/t0524_mrral_30s048_0327_4.img,667645056,667645056,OK
/mnt/mrdr/mc27/t0524_mrrde_30s048_0327_4.img,176184112,176184112,OK
/mnt/mrdr/mc27/t0524_mrrsu_30s048_0327_4.img,556370880,556370880,OK
/mnt/mrdr/mc27/t0525_mrral_30s053_0327_4.img,667645056,667645056,OK
/mnt/mrdr/mc27/t0525_mrrde_30s053_0327_4.img,176184112,176184112,OK
/mnt/mrdr/mc27/t0525_mrrsu_30s053_0327_4.img,556370880,556370880,OK
/mnt/mrdr/mc27/t0526_mrral_30s058_0327_4.img,667645056,667645056,OK
/mnt/mrdr/mc27/t0526_mrrde_30s058_0327_4.img,176184112,176184112,OK
/mnt/mrdr/mc27/t0526_mrrsu_30s058_0327_4.img,556370880,556370880,OK
/mnt/mrdr/mc28/t0146_mrral_60s063_0327_4.img,514044288,514044288,OK
/mnt/mrdr/mc28/t0146_mrrde_60s063_0327_4.img,135650576,135650576,OK
/mnt/mrdr/mc28/t0146_mrrsu_60s063_0327_4.img,428370240,428370240,OK
/mnt/mrdr/mc28/t0147_mrral_60s070_0327_4.img,514044288,514044288,OK
/mnt/mrdr/mc28/t0147_mrrde_60s070_0327_4.img,135650576,135650576,OK
/mnt/mrdr/mc28/t0147_mrrsu_60s070_0327_4.img,428370240,428370240,OK
/mnt/mrdr/mc28/t0148_mrral_60s077_0327_4.img,514044288,514044288,OK
/mnt/mrdr/mc28/t0148_mrrde_60s077_0327_4.img,135650576,135650576,OK
/mnt/mrdr/mc28/t0148_mrrsu_60s077_0327_4.img,428370240,428370240,OK
/mnt/mrdr/mc28/t0149_mrral_60s083_0327_4.img,514044288,514044288,OK
/mnt/mrdr/mc28/t0149_mrrde_60s083_0327_4.img,135650576,135650576,OK
/mnt/mrdr/mc28/t0149_mrrsu_60s083_0327_4.img,428370240,428370240,OK
/mnt/mrdr/mc28/t0150_mrral_60s090_0327_4.img,514044288,514044288,OK
/mnt/mrdr/mc28/t0150_mrrde_60s090_0327_4.img,135650576,135650576,OK
/mnt/mrdr/mc28/t0150_mrrsu_60s090_0327_4.img,428370240,428370240,OK
/mnt/mrdr/mc28/t0151_mrral_60s097_0327_4.img,514044288,514044288,OK
/mnt/mrdr/mc28/t0151_mrrde_60s097_0327_4.img,135650576,135650576,OK
/mnt/mrdr/mc28/t0151_mrrsu_60s097_0327_4.img,428370240,428370240,OK
/mnt/mrdr/mc28/t0152_mrral_60s103_0327_4.img,514044288,514044288,OK
/mnt/mrdr/mc28/t0152_mrrde_60s103_0327_4.img,135650576,135650576,OK
/mnt/mrdr/mc28/t0152_mrrsu_60s103_0327_4.img,428370240,428370240,OK
/mnt/mrdr/mc28/t0153_mrral_60s110_0327_4.img,514044288,514044288,OK
/mnt/mrdr/mc28/t0153_mrrde_60s110_0327_4.img,135650576,135650576,OK
/mnt/mrdr/mc28/t0153_mrrsu_60s110_0327_4.img,428370240,428370240,OK
/mnt/mrdr/mc28/t0154_mrral_60s117_0327_4.img,514044288,514044288,OK
/mnt/mrdr/mc28/t0154_mrrde_60s117_0327_4.img,135650576,135650576,OK
/mnt/mrdr/mc28/t0154_mrrsu_60s117_0327_4.img,428370240,428370240,OK
/mnt/mrdr/mc28/t0200_mrral_55s063_0327_4.img,589431168,589431168,OK
/mnt/mrdr/mc28/t0200_mrrde_55s063_0327_4.img,155544336,155544336,OK
/mnt/mrdr/mc28/t0200_mrrsu_55s063_0327_4.img,491192640,491192640,OK
/mnt/mrdr/mc28/t0201_mrral_55s070_0327_4.img,589902336,589902336,OK
/mnt/mrdr/mc28/t0201_mrrde_55s070_0327_4.img,155668672,155668672,OK
/mnt/mrdr/mc28/t0201_mrrsu_55s070_0327_4.img,491585280,491585280,OK
/mnt/mrdr/mc28/t0202_mrral_55s077_0327_4.img,589431168,589431168,OK
/mnt/mrdr/mc28/t0202_mrrde_55s077_0327_4.img,155544336,155544336,OK
/mnt/mrdr/mc28/t0202_mrrsu_55s077_0327_4.img,491192640,491192640,OK
/mnt/mrdr/mc28/t0203_mrral_55s083_0327_4.img,589902336,589902336,OK
/mnt/mrdr/mc28/t0203_mrrde_55s083_0327_4.img,155668672,155668672,OK
/mnt/mrdr/mc28/t0203_mrrsu_55s083_0327_4.img,491585280,491585280,OK
/mnt/mrdr/mc28/t0204_mrral_55s090_0327_4.img,589902336,589902336,OK
/mnt/mrdr/mc28/t0204_mrrde_55s090_0327_4.img,155668672,155668672,OK
/mnt/mrdr/mc28/t0204_mrrsu_55s090_0327_4.img,491585280,491585280,OK
/mnt/mrdr/mc28/t0205_mrral_55s097_0327_4.img,589431168,589431168,OK
/mnt/mrdr/mc28/t0205_mrrde_55s097_0327_4.img,155544336,155544336,OK
/mnt/mrdr/mc28/t0205_mrrsu_55s097_0327_4.img,491192640,491192640,OK
/mnt/mrdr/mc28/t0206_mrral_55s103_0327_4.img,589431168,589431168,OK
/mnt/mrdr/mc28/t0206_mrrde_55s103_0327_4.img,155544336,155544336,OK
/mnt/mrdr/mc28/t0206_mrrsu_55s103_0327_4.img,491192640,491192640,OK
/mnt/mrdr/mc28/t0207_mrral_55s110_0327_4.img,589431168,589431168,OK
/mnt/mrdr/mc28/t0207_mrrde_55s110_0327_4.img,155544336,155544336,OK
/mnt/mrdr/mc28/t0207_mrrsu_55s110_0327_4.img,491192640,491192640,OK
/mnt/mrdr/mc28/t0208_mrral_55s117_0327_4.img,589431168,589431168,OK
/mnt/mrdr/mc28/t0208_mrrde_55s117_0327_4.img,155544336,155544336,OK
/mnt/mrdr/mc28/t0208_mrrsu_55s117_0327_4.img,491192640,491192640,OK
/mnt/mrdr/mc28/t0254_mrral_50s063_0327_4.img,661048704,661048704,OK
/mnt/mrdr/mc28/t0254_mrrde_50s063_0327_4.img,174443408,174443408,OK
/mnt/mrdr/mc28/t0254_mrrsu_50s063_0327_4.img,550873920,550873920,OK
/mnt/mrdr/mc28/t0255_mrral_50s070_0327_4.img,660577536,660577536,OK
/mnt/mrdr/mc28/t0255_mrrde_50s070_0327_4.img,174319072,174319072,OK
/mnt/mrdr/mc28/t0255_mrrsu_50s070_0327_4.img,550481280,550481280,OK
/mnt/mrdr/mc28/t0256_mrral_50s077_0327_4.img,661048704,661048704,OK
/mnt/mrdr/mc28/t0256_mrrde_50s077_0327_4.img,174443408,174443408,OK
/mnt/mrdr/mc28/t0256_mrrsu_50s077_0327_4.img,550873920,550873920,OK
/mnt/mrdr/mc28/t0257_mrral_50s083_0327_4.img,660577536,660577536,OK
/mnt/mrdr/mc28/t0257_mrrde_50s083_0327_4.img,174319072,174319072,OK
/mnt/mrdr/mc28/t0257_mrrsu_50s083_0327_4.img,550481280,550481280,OK
/mnt/mrdr/mc28/t0258_mrral_50s090_0327_4.img,660577536,660577536,OK
/mnt/mrdr/mc28/t0258_mrrde_50s090_0327_4.img,174319072,174319072,OK
/mnt/mrdr/mc28/t0258_mrrsu_50s090_0327_4.img,550481280,550481280,OK
/mnt/mrdr/mc28/t0259_mrral_50s097_0327_4.img,660577536,660577536,OK
/mnt/mrdr/mc28/t0259_mrrde_50s097_0327_4.img,174319072,174319072,OK
/mnt/mrdr/mc28/t0259_mrrsu_50s097_0327_4.img,550481280,550481280,OK
/mnt/mrdr/mc28/t0260_mrral_50s103_0327_4.img,660577536,660577536,OK
/mnt/mrdr/mc28/t0260_mrrde_50s103_0327_4.img,174319072,174319072,OK
/mnt/mrdr/mc28/t0260_mrrsu_50s103_0327_4.img,550481280,550481280,OK
/mnt/mrdr/mc28/t0261_mrral_50s110_0327_4.img,661048704,661048704,OK
/mnt/mrdr/mc28/t0261_mrrde_50s110_0327_4.img,174443408,174443408,OK
/mnt/mrdr/mc28/t0261_mrrsu_50s110_0327_4.img,550873920,550873920,OK
/mnt/mrdr/mc28/t0262_mrral_50s117_0327_4.img,660577536,660577536,OK
/mnt/mrdr/mc28/t0262_mrrde_50s117_0327_4.img,174319072,174319072,OK
/mnt/mrdr/mc28/t0262_mrrsu_50s117_0327_4.img,550481280,550481280,OK
/mnt/mrdr/mc28/t0311_mrral_45s063_0327_4.img,545141376,545141376,OK
/mnt/mrdr/mc28/t0311_mrrde_45s063_0327_4.img,143856752,143856752,OK
/mnt/mrdr/mc28/t0311_mrrsu_45s063_0327_4.img,454284480,454284480,OK
/mnt/mrdr/mc28/t0312_mrral_45s068_0327_4.img,545141376,545141376,OK
/mnt/mrdr/mc28/t0312_mrrde_45s068_0327_4.img,143856752,143856752,OK
/mnt/mrdr/mc28/t0312_mrrsu_45s068_0327_4.img,454284480,454284480,OK
/mnt/mrdr/mc28/t0313_mrral_45s073_0327_4.img,545612544,545612544,OK
/mnt/mrdr/mc28/t0313_mrrde_45s073_0327_4.img,143981088,143981088,OK
/mnt/mrdr/mc28/t0313_mrrsu_45s073_0327_4.img,454677120,454677120,OK
/mnt/mrdr/mc28/t0314_mrral_45s078_0327_4.img,545141376,545141376,OK
/mnt/mrdr/mc28/t0314_mrrde_45s078_0327_4.img,143856752,143856752,OK
/mnt/mrdr/mc28/t0314_mrrsu_45s078_0327_4.img,454284480,454284480,OK
/mnt/mrdr/mc28/t0315_mrral_45s083_0327_4.img,545141376,545141376,OK
/mnt/mrdr/mc28/t0315_mrrde_45s083_0327_4.img,143856752,143856752,OK
/mnt/mrdr/mc28/t0315_mrrsu_45s083_0327_4.img,454284480,454284480,OK
/mnt/mrdr/mc28/t0316_mrral_45s088_0327_4.img,545141376,545141376,OK
/mnt/mrdr/mc28/t0316_mrrde_45s088_0327_4.img,143856752,143856752,OK
/mnt/mrdr/mc28/t0316_mrrsu_45s088_0327_4.img,454284480,454284480,OK
/mnt/mrdr/mc28/t0317_mrral_45s093_0327_4.img,545612544,545612544,OK
/mnt/mrdr/mc28/t0317_mrrde_45s093_0327_4.img,143981088,143981088,OK
/mnt/mrdr/mc28/t0317_mrrsu_45s093_0327_4.img,454677120,454677120,OK
/mnt/mrdr/mc28/t0318_mrral_45s098_0327_4.img,545141376,545141376,OK
/mnt/mrdr/mc28/t0318_mrrde_45s098_0327_4.img,143856752,143856752,OK
/mnt/mrdr/mc28/t0318_mrrsu_45s098_0327_4.img,454284480,454284480,OK
/mnt/mrdr/mc28/t0319_mrral_45s103_0327_4.img,545141376,545141376,OK
/mnt/mrdr/mc28/t0319_mrrde_45s103_0327_4.img,143856752,143856752,OK
/mnt/mrdr/mc28/t0319_mrrsu_45s103_0327_4.img,454284480,454284480,OK
/mnt/mrdr/mc28/t0320_mrral_45s108_0327_4.img,545141376,545141376,OK
/mnt/mrdr/mc28/t0320_mrrde_45s108_0327_4.img,143856752,143856752,OK
/mnt/mrdr/mc28/t0320_mrrsu_45s108_0327_4.img,454284480,454284480,OK
/mnt/mrdr/mc28/t0321_mrral_45s113_0327_4.img,545141376,545141376,OK
/mnt/mrdr/mc28/t0321_mrrde_45s113_0327_4.img,143856752,143856752,OK
/mnt/mrdr/mc28/t0321_mrrsu_45s113_0327_4.img,454284480,454284480,OK
/mnt/mrdr/mc28/t0322_mrral_45s118_0327_4.img,545141376,545141376,OK
/mnt/mrdr/mc28/t0322_mrrde_45s118_0327_4.img,143856752,143856752,OK
/mnt/mrdr/mc28/t0322_mrrsu_45s118_0327_4.img,454284480,454284480,OK
/mnt/mrdr/mc28/t0383_mrral_40s063_0327_4.img,590373504,590373504,OK
/mnt/mrdr/mc28/t0383_mrrde_40s063_0327_4.img,155793008,155793008,OK
/mnt/mrdr/mc28/t0383_mrrsu_40s063_0327_4.img,491977920,491977920,OK
/mnt/mrdr/mc28/t0384_mrral_40s068_0327_4.img,590373504,590373504,OK
/mnt/mrdr/mc28/t0384_mrrde_40s068_0327_4.img,155793008,155793008,OK
/mnt/mrdr/mc28/t0384_mrrsu_40s068_0327_4.img,491977920,491977920,OK
/mnt/mrdr/mc28/t0385_mrral_40s073_0327_4.img,590373504,590373504,OK
/mnt/mrdr/mc28/t0385_mrrde_40s073_0327_4.img,155793008,155793008,OK
/mnt/mrdr/mc28/t0385_mrrsu_40s073_0327_4.img,491977920,491977920,OK
/mnt/mrdr/mc28/t0386_mrral_40s078_0327_4.img,590373504,590373504,OK
/mnt/mrdr/mc28/t0386_mrrde_40s078_0327_4.img,155793008,155793008,OK
/mnt/mrdr/mc28/t0386_mrrsu_40s078_0327_4.img,491977920,491977920,OK
/mnt/mrdr/mc28/t0387_mrral_40s083_0327_4.img,590844672,590844672,OK
/mnt/mrdr/mc28/t0387_mrrde_40s083_0327_4.img,155917344,155917344,OK
/mnt/mrdr/mc28/t0387_mrrsu_40s083_0327_4.img,492370560,492370560,OK
/mnt/mrdr/mc28/t0388_mrral_40s088_0327_4.img,590844672,590844672,OK
/mnt/mrdr/mc28/t0388_mrrde_40s088_0327_4.img,155917344,155917344,OK
/mnt/mrdr/mc28/t0388_mrrsu_40s088_0327_4.img,492370560,492370560,OK
/mnt/mrdr/mc28/t0389_mrral_40s093_0327_4.img,590844672,590844672,OK
/mnt/mrdr/mc28/t0389_mrrde_40s093_0327_4.img,155917344,155917344,OK
/mnt/mrdr/mc28/t0389_mrrsu_40s093_0327_4.img,492370560,492370560,OK
/mnt/mrdr/mc28/t0390_mrral_40s098_0327_4.img,590373504,590373504,OK
/mnt/mrdr/mc28/t0390_mrrde_40s098_0327_4.img,155793008,155793008,OK
/mnt/mrdr/mc28/t0390_mrrsu_40s098_0327_4.img,491977920,491977920,OK
/mnt/mrdr/mc28/t0391_mrral_40s103_0327_4.img,590373504,590373504,OK
/mnt/mrdr/mc28/t0391_mrrde_40s103_0327_4.img,155793008,155793008,OK
/mnt/mrdr/mc28/t0391_mrrsu_40s103_0327_4.img,491977920,491977920,OK
/mnt/mrdr/mc28/t0392_mrral_40s108_0327_4.img,590844672,590844672,OK
/mnt/mrdr/mc28/t0392_mrrde_40s108_0327_4.img,155917344,155917344,OK
/mnt/mrdr/mc28/t0392_mrrsu_40s108_0327_4.img,492370560,492370560,OK
/mnt/mrdr/mc28/t0393_mrral_40s113_0327_4.img,590844672,590844672,OK
/mnt/mrdr/mc28/t0393_mrrde_40s113_0327_4.img,155917344,155917344,OK
/mnt/mrdr/mc28/t0393_mrrsu_40s113_0327_4.img,492370560,492370560,OK
/mnt/mrdr/mc28/t0394_mrral_40s118_0327_4.img,590844672,590844672,OK
/mnt/mrdr/mc28/t0394_mrrde_40s118_0327_4.img,155917344,155917344,OK
/mnt/mrdr/mc28/t0394_mrrsu_40s118_0327_4.img,492370560,492370560,OK
/mnt/mrdr/mc28/t0455_mrral_35s063_0327_4.img,631365120,631365120,OK
/mnt/mrdr/mc28/t0455_mrrde_35s063_0327_4.img,166610240,166610240,OK
/mnt/mrdr/mc28/t0455_mrrsu_35s063_0327_4.img,526137600,526137600,OK
/mnt/mrdr/mc28/t0456_mrral_35s068_0327_4.img,631365120,631365120,OK
/mnt/mrdr/mc28/t0456_mrrde_35s068_0327_4.img,166610240,166610240,OK
/mnt/mrdr/mc28/t0456_mrrsu_35s068_0327_4.img,526137600,526137600,OK
/mnt/mrdr/mc28/t0457_mrral_35s073_0327_4.img,631365120,631365120,OK
/mnt/mrdr/mc28/t0457_mrrde_35s073_0327_4.img,166610240,166610240,OK
/mnt/mrdr/mc28/t0457_mrrsu_35s073_0327_4.img,526137600,526137600,OK
/mnt/mrdr/mc28/t0458_mrral_35s078_0327_4.img,631365120,631365120,OK
/mnt/mrdr/mc28/t0458_mrrde_35s078_0327_4.img,166610240,166610240,OK
/mnt/mrdr/mc28/t0458_mrrsu_35s078_0327_4.img,526137600,526137600,OK
/mnt/mrdr/mc28/t0459_mrral_35s083_0327_4.img,631836288,631836288,OK
/mnt/mrdr/mc28/t0459_mrrde_35s083_0327_4.img,166734576,166734576,OK
/mnt/mrdr/mc28/t0459_mrrsu_35s083_0327_4.img,526530240,526530240,OK
/mnt/mrdr/mc28/t0460_mrral_35s088_0327_4.img,631836288,631836288,OK
/mnt/mrdr/mc28/t0460_mrrde_35s088_0327_4.img,166734576,166734576,OK
/mnt/mrdr/mc28/t0460_mrrsu_35s088_0327_4.img,526530240,526530240,OK
/mnt/mrdr/mc28/t0461_mrral_35s093_0327_4.img,631365120,631365120,OK
/mnt/mrdr/mc28/t0461_mrrde_35s093_0327_4.img,166610240,166610240,OK
/mnt/mrdr/mc28/t0461_mrrsu_35s093_0327_4.img,526137600,526137600,OK
/mnt/mrdr/mc28/t0462_mrral_35s098_0327_4.img,631836288,631836288,OK
/mnt/mrdr/mc28/t0462_mrrde_35s098_0327_4.img,166734576,166734576,OK
/mnt/mrdr/mc28/t0462_mrrsu_35s098_0327_4.img,526530240,526530240,OK
/mnt/mrdr/mc28/t0463_mrral_35s103_0327_4.img,631365120,631365120,OK
/mnt/mrdr/mc28/t0463_mrrde_35s103_0327_4.img,166610240,166610240,OK
/mnt/mrdr/mc28/t0463_mrrsu_35s103_0327_4.img,526137600,526137600,OK
/mnt/mrdr/mc28/t0464_mrral_35s108_0327_4.img,631365120,631365120,OK
/mnt/mrdr/mc28/t0464_mrrde_35s108_0327_4.img,166610240,166610240,OK
/mnt/mrdr/mc28/t0464_mrrsu_35s108_0327_4.img,526137600,526137600,OK
/mnt/mrdr/mc28/t0465_mrral_35s113_0327_4.img,631365120,631365120,OK
/mnt/mrdr/mc28/t0465_mrrde_35s113_0327_4.img,166610240,166610240,OK
/mnt/mrdr/mc28/t0465_mrrsu_35s113_0327_4.img,526137600,526137600,OK
/mnt/mrdr/mc28/t0466_mrral_35s118_0327_4.img,631365120,631365120,OK
/mnt/mrdr/mc28/t0466_mrrde_35s118_0327_4.img,166610240,166610240,OK
/mnt/mrdr/mc28/t0466_mrrsu_35s118_0327_4.img,526137600,526137600,OK
/mnt/mrdr/mc28/t0527_mrral_30s063_0327_4.img,667645056,667645056,OK
/mnt/mrdr/mc28/t0527_mrrde_30s063_0327_4.img,176184112,176184112,OK
/mnt/mrdr/mc28/t0527_mrrsu_30s063_0327_4.img,556370880,556370880,OK
/mnt/mrdr/mc28/t0528_mrral_30s068_0327_4.img,667645056,667645056,OK
/mnt/mrdr/mc28/t0528_mrrde_30s068_0327_4.img,176184112,176184112,OK
/mnt/mrdr/mc28/t0528_mrrsu_30s068_0327_4.img,556370880,556370880,OK
/mnt/mrdr/mc28/t0529_mrral_30s073_0327_4.img,667645056,667645056,OK
/mnt/mrdr/mc28/t0529_mrrde_30s073_0327_4.img,176184112,176184112,OK
/mnt/mrdr/mc28/t0529_mrrsu_30s073_0327_4.img,556370880,556370880,OK
/mnt/mrdr/mc28/t0530_mrral_30s078_0327_4.img,667645056,667645056,OK
/mnt/mrdr/mc28/t0530_mrrde_30s078_0327_4.img,176184112,176184112,OK
/mnt/mrdr/mc28/t0530_mrrsu_30s078_0327_4.img,556370880,556370880,OK
/mnt/mrdr/mc28/t0531_mrral_30s083_0327_4.img,667645056,667645056,OK
/mnt/mrdr/mc28/t0531_mrrde_30s083_0327_4.img,176184112,176184112,OK
/mnt/mrdr/mc28/t0531_mrrsu_30s083_0327_4.img,556370880,556370880,OK
/mnt/mrdr/mc28/t0532_mrral_30s088_0327_4.img,667645056,667645056,OK
/mnt/mrdr/mc28/t0532_mrrde_30s088_0327_4.img,176184112,176184112,OK
/mnt/mrdr/mc28/t0532_mrrsu_30s088_0327_4.img,556370880,556370880,OK
/mnt/mrdr/mc28/t0533_mrral_30s093_0327_4.img,667645056,667645056,OK
/mnt/mrdr/mc28/t0533_mrrde_30s093_0327_4.img,176184112,176184112,OK
/mnt/mrdr/mc28/t0533_mrrsu_30s093_0327_4.img,556370880,556370880,OK
/mnt/mrdr/mc28/t0534_mrral_30s098_0327_4.img,667645056,667645056,OK
/mnt/mrdr/mc28/t0534_mrrde_30s098_0327_4.img,176184112,176184112,OK
/mnt/mrdr/mc28/t0534_mrrsu_30s098_0327_4.img,556370880,556370880,OK
/mnt/mrdr/mc28/t0535_mrral_30s103_0327_4.img,667645056,667645056,OK
/mnt/mrdr/mc28/t0535_mrrde_30s103_0327_4.img,176184112,176184112,OK
/mnt/mrdr/mc28/t0535_mrrsu_30s103_0327_4.img,556370880,556370880,OK
/mnt/mrdr/mc28/t0536_mrral_30s108_0327_4.img,667645056,667645056,OK
/mnt/mrdr/mc28/t0536_mrrde_30s108_0327_4.img,176184112,176184112,OK
/mnt/mrdr/mc28/t0536_mrrsu_30s108_0327_4.img,556370880,556370880,OK
/mnt/mrdr/mc28/t0537_mrral_30s113_0327_4.img,667645056,667645056,OK
/mnt/mrdr/mc28/t0537_mrrde_30s113_0327_4.img,176184112,176184112,OK
/mnt/mrdr/mc28/t0537_mrrsu_30s113_0327_4.img,556370880,556370880,OK
/mnt/mrdr/mc28/t0538_mrral_30s118_0327_4.img,667645056,667645056,OK
/mnt/mrdr/mc28/t0538_mrrde_30s118_0327_4.img,176184112,176184112,OK
/mnt/mrdr/mc28/t0538_mrrsu_30s118_0327_4.img,556370880,556370880,OK
/mnt/mrdr/mc29/t0155_mrral_60s123_0327_4.img,514044288,514044288,OK
/mnt/mrdr/mc29/t0155_mrrde_60s123_0327_4.img,135650576,135650576,OK
/mnt/mrdr/mc29/t0155_mrrsu_60s123_0327_4.img,428370240,428370240,OK
/mnt/mrdr/mc29/t0156_mrral_60s130_0327_4.img,514044288,514044288,OK
/mnt/mrdr/mc29/t0156_mrrde_60s130_0327_4.img,135650576,135650576,OK
/mnt/mrdr/mc29/t0156_mrrsu_60s130_0327_4.img,428370240,428370240,OK
/mnt/mrdr/mc29/t0157_mrral_60s137_0327_4.img,514044288,514044288,OK
/mnt/mrdr/mc29/t0157_mrrde_60s137_0327_4.img,135650576,135650576,OK
/mnt/mrdr/mc29/t0157_mrrsu_60s137_0327_4.img,428370240,428370240,OK
/mnt/mrdr/mc29/t0158_mrral_60s143_0327_4.img,514044288,514044288,OK
/mnt/mrdr/mc29/t0158_mrrde_60s143_0327_4.img,135650576,135650576,OK
/mnt/mrdr/mc29/t0158_mrrsu_60s143_0327_4.img,428370240,428370240,OK
/mnt/mrdr/mc29/t0159_mrral_60s150_0327_4.img,514044288,514044288,OK
/mnt/mrdr/mc29/t0159_mrrde_60s150_0327_4.img,135650576,135650576,OK
/mnt/mrdr/mc29/t0159_mrrsu_60s150_0327_4.img,428370240,428370240,OK
/mnt/mrdr/mc29/t0160_mrral_60s157_0327_4.img,514044288,514044288,OK
/mnt/mrdr/mc29/t0160_mrrde_60s157_0327_4.img,135650576,135650576,OK
/mnt/mrdr/mc29/t0160_mrrsu_60s157_0327_4.img,428370240,428370240,OK
/mnt/mrdr/mc29/t0161_mrral_60s163_0327_4.img,514044288,514044288,OK
/mnt/mrdr/mc29/t0161_mrrde_60s163_0327_4.img,135650576,135650576,OK
/mnt/mrdr/mc29/t0161_mrrsu_60s163_0327_4.img,428370240,428370240,OK
/mnt/mrdr/mc29/t0162_mrral_60s170_0327_4.img,514044288,514044288,OK
/mnt/mrdr/mc29/t0162_mrrde_60s170_0327_4.img,135650576,135650576,OK
/mnt/mrdr/mc29/t0162_mrrsu_60s170_0327_4.img,428370240,428370240,OK
/mnt/mrdr/mc29/t0163_mrral_60s177_0327_4.img,514044288,514044288,OK
/mnt/mrdr/mc29/t0163_mrrde_60s177_0327_4.img,135650576,135650576,OK
/mnt/mrdr/mc29/t0163_mrrsu_60s177_0327_4.img,428370240,428370240,OK
/mnt/mrdr/mc29/t0209_mrral_55s123_0327_4.img,589431168,589431168,OK
/mnt/mrdr/mc29/t0209_mrrde_55s123_0327_4.img,155544336,155544336,OK
/mnt/mrdr/mc29/t0209_mrrsu_55s123_0327_4.img,491192640,491192640,OK
/mnt/mrdr/mc29/t0210_mrral_55s130_0327_4.img,589431168,589431168,OK
/mnt/mrdr/mc29/t0210_mrrde_55s130_0327_4.img,155544336,155544336,OK
/mnt/mrdr/mc29/t0210_mrrsu_55s130_0327_4.img,491192640,491192640,OK
/mnt/mrdr/mc29/t0211_mrral_55s137_0327_4.img,589902336,589902336,OK
/mnt/mrdr/mc29/t0211_mrrde_55s137_0327_4.img,155668672,155668672,OK
/mnt/mrdr/mc29/t0211_mrrsu_55s137_0327_4.img,491585280,491585280,OK
/mnt/mrdr/mc29/t0212_mrral_55s143_0327_4.img,589431168,589431168,OK
/mnt/mrdr/mc29/t0212_mrrde_55s143_0327_4.img,155544336,155544336,OK
/mnt/mrdr/mc29/t0212_mrrsu_55s143_0327_4.img,491192640,491192640,OK
/mnt/mrdr/mc29/t0213_mrral_55s150_0327_4.img,589431168,589431168,OK
/mnt/mrdr/mc29/t0213_mrrde_55s150_0327_4.img,155544336,155544336,OK
/mnt/mrdr/mc29/t0213_mrrsu_55s150_0327_4.img,491192640,491192640,OK
/mnt/mrdr/mc29/t0214_mrral_55s157_0327_4.img,589902336,589902336,OK
/mnt/mrdr/mc29/t0214_mrrde_55s157_0327_4.img,155668672,155668672,OK
/mnt/mrdr/mc29/t0214_mrrsu_55s157_0327_4.img,491585280,491585280,OK
/mnt/mrdr/mc29/t0215_mrral_55s163_0327_4.img,589431168,589431168,OK
/mnt/mrdr/mc29/t0215_mrrde_55s163_0327_4.img,155544336,155544336,OK
/mnt/mrdr/mc29/t0215_mrrsu_55s163_0327_4.img,491192640,491192640,OK
/mnt/mrdr/mc29/t0216_mrral_55s170_0327_4.img,589431168,589431168,OK
/mnt/mrdr/mc29/t0216_mrrde_55s170_0327_4.img,155544336,155544336,OK
/mnt/mrdr/mc29/t0216_mrrsu_55s170_0327_4.img,491192640,491192640,OK
/mnt/mrdr/mc29/t0217_mrral_55s177_0327_4.img,589431168,589431168,OK
/mnt/mrdr/mc29/t0217_mrrde_55s177_0327_4.img,155544336,155544336,OK
/mnt/mrdr/mc29/t0217_mrrsu_55s177_0327_4.img,491192640,491192640,OK
/mnt/mrdr/mc29/t0263_mrral_50s123_0327_4.img,660577536,660577536,OK
/mnt/mrdr/mc29/t0263_mrrde_50s123_0327_4.img,174319072,174319072,OK
/mnt/mrdr/mc29/t0263_mrrsu_50s123_0327_4.img,550481280,550481280,OK
/mnt/mrdr/mc29/t0264_mrral_50s130_0327_4.img,660577536,660577536,OK
/mnt/mrdr/mc29/t0264_mrrde_50s130_0327_4.img,174319072,174319072,OK
/mnt/mrdr/mc29/t0264_mrrsu_50s130_0327_4.img,550481280,550481280,OK
/mnt/mrdr/mc29/t0265_mrral_50s137_0327_4.img,660577536,660577536,OK
/mnt/mrdr/mc29/t0265_mrrde_50s137_0327_4.img,174319072,174319072,OK
/mnt/mrdr/mc29/t0265_mrrsu_50s137_0327_4.img,550481280,550481280,OK
/mnt/mrdr/mc29/t0266_mrral_50s143_0327_4.img,660577536,660577536,OK
/mnt/mrdr/mc29/t0266_mrrde_50s143_0327_4.img,174319072,174319072,OK
/mnt/mrdr/mc29/t0266_mrrsu_50s143_0327_4.img,550481280,550481280,OK
/mnt/mrdr/mc29/t0267_mrral_50s150_0327_4.img,661048704,661048704,OK
/mnt/mrdr/mc29/t0267_mrrde_50s150_0327_4.img,174443408,174443408,OK
/mnt/mrdr/mc29/t0267_mrrsu_50s150_0327_4.img,550873920,550873920,OK
/mnt/mrdr/mc29/t0268_mrral_50s157_0327_4.img,660577536,660577536,OK
/mnt/mrdr/mc29/t0268_mrrde_50s157_0327_4.img,174319072,174319072,OK
/mnt/mrdr/mc29/t0268_mrrsu_50s157_0327_4.img,550481280,550481280,OK
/mnt/mrdr/mc29/t0269_mrral_50s163_0327_4.img,660577536,660577536,OK
/mnt/mrdr/mc29/t0269_mrrde_50s163_0327_4.img,174319072,174319072,OK
/mnt/mrdr/mc29/t0269_mrrsu_50s163_0327_4.img,550481280,550481280,OK
/mnt/mrdr/mc29/t0270_mrral_50s170_0327_4.img,661048704,661048704,OK
/mnt/mrdr/mc29/t0270_mrrde_50s170_0327_4.img,174443408,174443408,OK
/mnt/mrdr/mc29/t0270_mrrsu_50s170_0327_4.img,550873920,550873920,OK
/mnt/mrdr/mc29/t0271_mrral_50s177_0327_4.img,660577536,660577536,OK
/mnt/mrdr/mc29/t0271_mrrde_50s177_0327_4.img,174319072,174319072,OK
/mnt/mrdr/mc29/t0271_mrrsu_50s177_0327_4.img,550481280,550481280,OK
/mnt/mrdr/mc29/t0323_mrral_45s123_0327_4.img,545141376,545141376,OK
/mnt/mrdr/mc29/t0323_mrrde_45s123_0327_4.img,143856752,143856752,OK
/mnt/mrdr/mc29/t0323_mrrsu_45s123_0327_4.img,454284480,454284480,OK
/mnt/mrdr/mc29/t0324_mrral_45s128_0327_4.img,545141376,545141376,OK
/mnt/mrdr/mc29/t0324_mrrde_45s128_0327_4.img,143856752,143856752,OK
/mnt/mrdr/mc29/t0324_mrrsu_45s128_0327_4.img,454284480,454284480,OK
/mnt/mrdr/mc29/t0325_mrral_45s133_0327_4.img,545612544,545612544,OK
/mnt/mrdr/mc29/t0325_mrrde_45s133_0327_4.img,143981088,143981088,OK
/mnt/mrdr/mc29/t0325_mrrsu_45s133_0327_4.img,454677120,454677120,OK
/mnt/mrdr/mc29/t0326_mrral_45s138_0327_4.img,545141376,545141376,OK
/mnt/mrdr/mc29/t0326_mrrde_45s138_0327_4.img,143856752,143856752,OK
/mnt/mrdr/mc29/t0326_mrrsu_45s138_0327_4.img,454284480,454284480,OK
/mnt/mrdr/mc29/t0327_mrral_45s143_0327_4.img,545141376,545141376,OK
/mnt/mrdr/mc29/t0327_mrrde_45s143_0327_4.img,143856752,143856752,OK
/mnt/mrdr/mc29/t0327_mrrsu_45s143_0327_4.img,454284480,454284480,OK
/mnt/mrdr/mc29/t0328_mrral_45s148_0327_4.img,545141376,545141376,OK
/mnt/mrdr/mc29/t0328_mrrde_45s148_0327_4.img,143856752,143856752,OK
/mnt/mrdr/mc29/t0328_mrrsu_45s148_0327_4.img,454284480,454284480,OK
/mnt/mrdr/mc29/t0329_mrral_45s153_0327_4.img,545141376,545141376,OK
/mnt/mrdr/mc29/t0329_mrrde_45s153_0327_4.img,143856752,143856752,OK
/mnt/mrdr/mc29/t0329_mrrsu_45s153_0327_4.img,454284480,454284480,OK
/mnt/mrdr/mc29/t0330_mrral_45s158_0327_4.img,545141376,545141376,OK
/mnt/mrdr/mc29/t0330_mrrde_45s158_0327_4.img,143856752,143856752,OK
/mnt/mrdr/mc29/t0330_mrrsu_45s158_0327_4.img,454284480,454284480,OK
/mnt/mrdr/mc29/t0331_mrral_45s163_0327_4.img,545141376,545141376,OK
/mnt/mrdr/mc29/t0331_mrrde_45s163_0327_4.img,143856752,143856752,OK
/mnt/mrdr/mc29/t0331_mrrsu_45s163_0327_4.img,454284480,454284480,OK
/mnt/mrdr/mc29/t0332_mrral_45s168_0327_4.img,545141376,545141376,OK
/mnt/mrdr/mc29/t0332_mrrde_45s168_0327_4.img,143856752,143856752,OK
/mnt/mrdr/mc29/t0332_mrrsu_45s168_0327_4.img,454284480,454284480,OK
/mnt/mrdr/mc29/t0333_mrral_45s173_0327_4.img,545141376,545141376,OK
/mnt/mrdr/mc29/t0333_mrrde_45s173_0327_4.img,143856752,143856752,OK
/mnt/mrdr/mc29/t0333_mrrsu_45s173_0327_4.img,454284480,454284480,OK
/mnt/mrdr/mc29/t0334_mrral_45s178_0327_4.img,545141376,545141376,OK
/mnt/mrdr/mc29/t0334_mrrde_45s178_0327_4.img,143856752,143856752,OK
/mnt/mrdr/mc29/t0334_mrrsu_45s178_0327_4.img,454284480,454284480,OK
/mnt/mrdr/mc29/t0395_mrral_40s123_0327_4.img,590844672,590844672,OK
/mnt/mrdr/mc29/t0395_mrrde_40s123_0327_4.img,155917344,155917344,OK
/mnt/mrdr/mc29/t0395_mrrsu_40s123_0327_4.img,492370560,492370560,OK
/mnt/mrdr/mc29/t0396_mrral_40s128_0327_4.img,590373504,590373504,OK
/mnt/mrdr/mc29/t0396_mrrde_40s128_0327_4.img,155793008,155793008,OK
/mnt/mrdr/mc29/t0396_mrrsu_40s128_0327_4.img,491977920,491977920,OK
/mnt/mrdr/mc29/t0397_mrral_40s133_0327_4.img,590373504,590373504,OK
/mnt/mrdr/mc29/t0397_mrrde_40s133_0327_4.img,155793008,155793008,OK
/mnt/mrdr/mc29/t0397_mrrsu_40s133_0327_4.img,491977920,491977920,OK
/mnt/mrdr/mc29/t0398_mrral_40s138_0327_4.img,590844672,590844672,OK
/mnt/mrdr/mc29/t0398_mrrde_40s138_0327_4.img,155917344,155917344,OK
/mnt/mrdr/mc29/t0398_mrrsu_40s138_0327_4.img,492370560,492370560,OK
/mnt/mrdr/mc29/t0399_mrral_40s143_0327_4.img,590373504,590373504,OK
/mnt/mrdr/mc29/t0399_mrrde_40s143_0327_4.img,155793008,155793008,OK
/mnt/mrdr/mc29/t0399_mrrsu_40s143_0327_4.img,491977920,491977920,OK
/mnt/mrdr/mc29/t0400_mrral_40s148_0327_4.img,590844672,590844672,OK
/mnt/mrdr/mc29/t0400_mrrde_40s148_0327_4.img,155917344,155917344,OK
/mnt/mrdr/mc29/t0400_mrrsu_40s148_0327_4.img,492370560,492370560,OK
/mnt/mrdr/mc29/t0401_mrral_40s153_0327_4.img,590844672,590844672,OK
/mnt/mrdr/mc29/t0401_mrrde_40s153_0327_4.img,155917344,155917344,OK
/mnt/mrdr/mc29/t0401_mrrsu_40s153_0327_4.img,492370560,492370560,OK
/mnt/mrdr/mc29/t0402_mrral_40s158_0327_4.img,590373504,590373504,OK
/mnt/mrdr/mc29/t0402_mrrde_40s158_0327_4.img,155793008,155793008,OK
/mnt/mrdr/mc29/t0402_mrrsu_40s158_0327_4.img,491977920,491977920,OK
/mnt/mrdr/mc29/t0403_mrral_40s163_0327_4.img,590844672,590844672,OK
/mnt/mrdr/mc29/t0403_mrrde_40s163_0327_4.img,155917344,155917344,OK
/mnt/mrdr/mc29/t0403_mrrsu_40s163_0327_4.img,492370560,492370560,OK
/mnt/mrdr/mc29/t0404_mrral_40s168_0327_4.img,590373504,590373504,OK
/mnt/mrdr/mc29/t0404_mrrde_40s168_0327_4.img,155793008,155793008,OK
/mnt/mrdr/mc29/t0404_mrrsu_40s168_0327_4.img,491977920,491977920,OK
/mnt/mrdr/mc29/t0405_mrral_40s173_0327_4.img,590844672,590844672,OK
/mnt/mrdr/mc29/t0405_mrrde_40s173_0327_4.img,155917344,155917344,OK
/mnt/mrdr/mc29/t0405_mrrsu_40s173_0327_4.img,492370560,492370560,OK
/mnt/mrdr/mc29/t0406_mrral_40s178_0327_4.img,590844672,590844672,OK
/mnt/mrdr/mc29/t0406_mrrde_40s178_0327_4.img,155917344,155917344,OK
/mnt/mrdr/mc29/t0406_mrrsu_40s178_0327_4.img,492370560,492370560,OK
/mnt/mrdr/mc29/t0467_mrral_35s123_0327_4.img,631365120,631365120,OK
/mnt/mrdr/mc29/t0467_mrrde_35s123_0327_4.img,166610240,166610240,OK
/mnt/mrdr/mc29/t0467_mrrsu_35s123_0327_4.img,526137600,526137600,OK
/mnt/mrdr/mc29/t0468_mrral_35s128_0327_4.img,631836288,631836288,OK
/mnt/mrdr/mc29/t0468_mrrde_35s128_0327_4.img,166734576,166734576,OK
/mnt/mrdr/mc29/t0468_mrrsu_35s128_0327_4.img,526530240,526530240,OK
/mnt/mrdr/mc29/t0469_mrral_35s133_0327_4.img,631365120,631365120,OK
/mnt/mrdr/mc29/t0469_mrrde_35s133_0327_4.img,166610240,166610240,OK
/mnt/mrdr/mc29/t0469_mrrsu_35s133_0327_4.img,526137600,526137600,OK
/mnt/mrdr/mc29/t0470_mrral_35s138_0327_4.img,631836288,631836288,OK
/mnt/mrdr/mc29/t0470_mrrde_35s138_0327_4.img,166734576,166734576,OK
/mnt/mrdr/mc29/t0470_mrrsu_35s138_0327_4.img,526530240,526530240,OK
/mnt/mrdr/mc29/t0471_mrral_35s143_0327_4.img,631365120,631365120,OK
/mnt/mrdr/mc29/t0471_mrrde_35s143_0327_4.img,166610240,166610240,OK
/mnt/mrdr/mc29/t0471_mrrsu_35s143_0327_4.img,526137600,526137600,OK
/mnt/mrdr/mc29/t0472_mrral_35s148_0327_4.img,631836288,631836288,OK
/mnt/mrdr/mc29/t0472_mrrde_35s148_0327_4.img,166734576,166734576,OK
/mnt/mrdr/mc29/t0472_mrrsu_35s148_0327_4.img,526530240,526530240,OK
/mnt/mrdr/mc29/t0473_mrral_35s153_0327_4.img,631365120,631365120,OK
/mnt/mrdr/mc29/t0473_mrrde_35s153_0327_4.img,166610240,166610240,OK
/mnt/mrdr/mc29/t0473_mrrsu_35s153_0327_4.img,526137600,526137600,OK
/mnt/mrdr/mc29/t0474_mrral_35s158_0327_4.img,631836288,631836288,OK
/mnt/mrdr/mc29/t0474_mrrde_35s158_0327_4.img,166734576,166734576,OK
/mnt/mrdr/mc29/t0474_mrrsu_35s158_0327_4.img,526530240,526530240,OK
/mnt/mrdr/mc29/t0475_mrral_35s163_0327_4.img,631836288,631836288,OK
/mnt/mrdr/mc29/t0475_mrrde_35s163_0327_4.img,166734576,166734576,OK
/mnt/mrdr/mc29/t0475_mrrsu_35s163_0327_4.img,526530240,526530240,OK
/mnt/mrdr/mc29/t0476_mrral_35s168_0327_4.img,631836288,631836288,OK
/mnt/mrdr/mc29/t0476_mrrde_35s168_0327_4.img,166734576,166734576,OK
/mnt/mrdr/mc29/t0476_mrrsu_35s168_0327_4.img,526530240,526530240,OK
/mnt/mrdr/mc29/t0477_mrral_35s173_0327_4.img,631365120,631365120,OK
/mnt/mrdr/mc29/t0477_mrrde_35s173_0327_4.img,166610240,166610240,OK
/mnt/mrdr/mc29/t0477_mrrsu_35s173_0327_4.img,526137600,526137600,OK
/mnt/mrdr/mc29/t0478_mrral_35s178_0327_4.img,631365120,631365120,OK
/mnt/mrdr/mc29/t0478_mrrde_35s178_0327_4.img,166610240,166610240,OK
/mnt/mrdr/mc29/t0478_mrrsu_35s178_0327_4.img,526137600,526137600,OK
/mnt/mrdr/mc29/t0539_mrral_30s123_0327_4.img,667645056,667645056,OK
/mnt/mrdr/mc29/t0539_mrrde_30s123_0327_4.img,176184112,176184112,OK
/mnt/mrdr/mc29/t0539_mrrsu_30s123_0327_4.img,556370880,556370880,OK
/mnt/mrdr/mc29/t0540_mrral_30s128_0327_4.img,667645056,667645056,OK
/mnt/mrdr/mc29/t0540_mrrde_30s128_0327_4.img,176184112,176184112,OK
/mnt/mrdr/mc29/t0540_mrrsu_30s128_0327_4.img,556370880,556370880,OK
/mnt/mrdr/mc29/t0541_mrral_30s133_0327_4.img,667645056,667645056,OK
/mnt/mrdr/mc29/t0541_mrrde_30s133_0327_4.img,176184112,176184112,OK
/mnt/mrdr/mc29/t0541_mrrsu_30s133_0327_4.img,556370880,556370880,OK
/mnt/mrdr/mc29/t0542_mrral_30s138_0327_4.img,667645056,667645056,OK
/mnt/mrdr/mc29/t0542_mrrde_30s138_0327_4.img,176184112,176184112,OK
/mnt/mrdr/mc29/t0542_mrrsu_30s138_0327_4.img,556370880,556370880,OK
/mnt/mrdr/mc29/t0543_mrral_30s143_0327_4.img,667645056,667645056,OK
/mnt/mrdr/mc29/t0543_mrrde_30s143_0327_4.img,176184112,176184112,OK
/mnt/mrdr/mc29/t0543_mrrsu_30s143_0327_4.img,556370880,556370880,OK
/mnt/mrdr/mc29/t0544_mrral_30s148_0327_4.img,667645056,667645056,OK
/mnt/mrdr/mc29/t0544_mrrde_30s148_0327_4.img,176184112,176184112,OK
/mnt/mrdr/mc29/t0544_mrrsu_30s148_0327_4.img,556370880,556370880,OK
/mnt/mrdr/mc29/t0545_mrral_30s153_0327_4.img,667645056,667645056,OK
/mnt/mrdr/mc29/t0545_mrrde_30s153_0327_4.img,176184112,176184112,OK
/mnt/mrdr/mc29/t0545_mrrsu_30s153_0327_4.img,556370880,556370880,OK
/mnt/mrdr/mc29/t0546_mrral_30s158_0327_4.img,667645056,667645056,OK
/mnt/mrdr/mc29/t0546_mrrde_30s158_0327_4.img,176184112,176184112,OK
/mnt/mrdr/mc29/t0546_mrrsu_30s158_0327_4.img,556370880,556370880,OK
/mnt/mrdr/mc29/t0547_mrral_30s163_0327_4.img,667645056,667645056,OK
/mnt/mrdr/mc29/t0547_mrrde_30s163_0327_4.img,176184112,176184112,OK
/mnt/mrdr/mc29/t0547_mrrsu_30s163_0327_4.img,556370880,556370880,OK
/mnt/mrdr/mc29/t0548_mrral_30s168_0327_4.img,667645056,667645056,OK
/mnt/mrdr/mc29/t0548_mrrde_30s168_0327_4.img,176184112,176184112,OK
/mnt/mrdr/mc29/t0548_mrrsu_30s168_0327_4.img,556370880,556370880,OK
/mnt/mrdr/mc29/t0549_mrral_30s173_0327_4.img,667645056,667645056,OK
/mnt/mrdr/mc29/t0549_mrrde_30s173_0327_4.img,176184112,176184112,OK
/mnt/mrdr/mc29/t0549_mrrsu_30s173_0327_4.img,556370880,556370880,OK
/mnt/mrdr/mc29/t0550_mrral_30s178_0327_4.img,667645056,667645056,OK
/mnt/mrdr/mc29/t0550_mrrde_30s178_0327_4.img,176184112,176184112,OK
/mnt/mrdr/mc29/t0550_mrrsu_30s178_0327_4.img,556370880,556370880,OK
/mnt/mrdr/mc30/t0101_mrral_65s005_0327_4.img,651625344,651625344,OK
/mnt/mrdr/mc30/t0101_mrrde_65s005_0327_4.img,171956688,171956688,OK
/mnt/mrdr/mc30/t0101_mrrsu_65s005_0327_4.img,543021120,543021120,OK
/mnt/mrdr/mc30/t0102_mrral_65s015_0327_4.img,651625344,651625344,OK
/mnt/mrdr/mc30/t0102_mrrde_65s015_0327_4.img,171956688,171956688,OK
/mnt/mrdr/mc30/t0102_mrrsu_65s015_0327_4.img,543021120,543021120,OK
/mnt/mrdr/mc30/t0103_mrral_65s025_0327_4.img,651625344,651625344,OK
/mnt/mrdr/mc30/t0103_mrrde_65s025_0327_4.img,171956688,171956688,OK
/mnt/mrdr/mc30/t0103_mrrsu_65s025_0327_4.img,543021120,543021120,OK
/mnt/mrdr/mc30/t0104_mrral_65s035_0327_4.img,651154176,651154176,OK
/mnt/mrdr/mc30/t0104_mrrde_65s035_0327_4.img,171832352,171832352,OK
/mnt/mrdr/mc30/t0104_mrrsu_65s035_0327_4.img,542628480,542628480,OK
/mnt/mrdr/mc30/t0105_mrral_65s045_0327_4.img,651625344,651625344,OK
/mnt/mrdr/mc30/t0105_mrrde_65s045_0327_4.img,171956688,171956688,OK
/mnt/mrdr/mc30/t0105_mrrsu_65s045_0327_4.img,543021120,543021120,OK
/mnt/mrdr/mc30/t0106_mrral_65s055_0327_4.img,651625344,651625344,OK
/mnt/mrdr/mc30/t0106_mrrde_65s055_0327_4.img,171956688,171956688,OK
/mnt/mrdr/mc30/t0106_mrrsu_65s055_0327_4.img,543021120,543021120,OK
/mnt/mrdr/mc30/t0107_mrral_65s065_0327_4.img,651625344,651625344,OK
/mnt/mrdr/mc30/t0107_mrrde_65s065_0327_4.img,171956688,171956688,OK
/mnt/mrdr/mc30/t0107_mrrsu_65s065_0327_4.img,543021120,543021120,OK
/mnt/mrdr/mc30/t0108_mrral_65s075_0327_4.img,651625344,651625344,OK
/mnt/mrdr/mc30/t0108_mrrde_65s075_0327_4.img,171956688,171956688,OK
/mnt/mrdr/mc30/t0108_mrrsu_65s075_0327_4.img,543021120,543021120,OK
/mnt/mrdr/mc30/t0109_mrral_65s085_0327_4.img,651625344,651625344,OK
/mnt/mrdr/mc30/t0109_mrrde_65s085_0327_4.img,171956688,171956688,OK
/mnt/mrdr/mc30/t0109_mrrsu_65s085_0327_4.img,543021120,543021120,OK
/mnt/mrdr/mc30/t0110_mrral_65s095_0327_4.img,651625344,651625344,OK
/mnt/mrdr/mc30/t0110_mrrde_65s095_0327_4.img,171956688,171956688,OK
/mnt/mrdr/mc30/t0110_mrrsu_65s095_0327_4.img,543021120,543021120,OK
/mnt/mrdr/mc30/t0111_mrral_65s105_0327_4.img,651625344,651625344,OK
/mnt/mrdr/mc30/t0111_mrrde_65s105_0327_4.img,171956688,171956688,OK
/mnt/mrdr/mc30/t0111_mrrsu_65s105_0327_4.img,543021120,543021120,OK
/mnt/mrdr/mc30/t0112_mrral_65s115_0327_4.img,651625344,651625344,OK
/mnt/mrdr/mc30/t0112_mrrde_65s115_0327_4.img,171956688,171956688,OK
/mnt/mrdr/mc30/t0112_mrrsu_65s115_0327_4.img,543021120,543021120,OK
/mnt/mrdr/mc30/t0113_mrral_65s125_0327_4.img,651625344,651625344,OK
/mnt/mrdr/mc30/t0113_mrrde_65s125_0327_4.img,171956688,171956688,OK
/mnt/mrdr/mc30/t0113_mrrsu_65s125_0327_4.img,543021120,543021120,OK
/mnt/mrdr/mc30/t0114_mrral_65s135_0327_4.img,651625344,651625344,OK
/mnt/mrdr/mc30/t0114_mrrde_65s135_0327_4.img,171956688,171956688,OK
/mnt/mrdr/mc30/t0114_mrrsu_65s135_0327_4.img,543021120,543021120,OK
/mnt/mrdr/mc30/t0115_mrral_65s145_0327_4.img,651625344,651625344,OK
/mnt/mrdr/mc30/t0115_mrrde_65s145_0327_4.img,171956688,171956688,OK
/mnt/mrdr/mc30/t0115_mrrsu_65s145_0327_4.img,543021120,543021120,OK
/mnt/mrdr/mc30/t0116_mrral_65s155_0327_4.img,651625344,651625344,OK
/mnt/mrdr/mc30/t0116_mrrde_65s155_0327_4.img,171956688,171956688,OK
/mnt/mrdr/mc30/t0116_mrrsu_65s155_0327_4.img,543021120,543021120,OK
/mnt/mrdr/mc30/t0117_mrral_65s165_0327_4.img,651625344,651625344,OK
/mnt/mrdr/mc30/t0117_mrrde_65s165_0327_4.img,171956688,171956688,OK
/mnt/mrdr/mc30/t0117_mrrsu_65s165_0327_4.img,543021120,543021120,OK
/mnt/mrdr/mc30/t0118_mrral_65s175_0327_4.img,651625344,651625344,OK
/mnt/mrdr/mc30/t0118_mrrde_65s175_0327_4.img,171956688,171956688,OK
/mnt/mrdr/mc30/t0118_mrrsu_65s175_0327_4.img,543021120,543021120,OK
/mnt/mrdr/mc30/t0119_mrral_65s185_0327_4.img,651625344,651625344,OK
/mnt/mrdr/mc30/t0119_mrrde_65s185_0327_4.img,171956688,171956688,OK
/mnt/mrdr/mc30/t0119_mrrsu_65s185_0327_4.img,543021120,543021120,OK
/mnt/mrdr/mc30/t0120_mrral_65s195_0327_4.img,651625344,651625344,OK
/mnt/mrdr/mc30/t0120_mrrde_65s195_0327_4.img,171956688,171956688,OK
/mnt/mrdr/mc30/t0120_mrrsu_65s195_0327_4.img,543021120,543021120,OK
/mnt/mrdr/mc30/t0121_mrral_65s205_0327_4.img,651625344,651625344,OK
/mnt/mrdr/mc30/t0121_mrrde_65s205_0327_4.img,171956688,171956688,OK
/mnt/mrdr/mc30/t0121_mrrsu_65s205_0327_4.img,543021120,543021120,OK
/mnt/mrdr/mc30/t0122_mrral_65s215_0327_4.img,651625344,651625344,OK
/mnt/mrdr/mc30/t0122_mrrde_65s215_0327_4.img,171956688,171956688,OK
/mnt/mrdr/mc30/t0122_mrrsu_65s215_0327_4.img,543021120,543021120,OK
/mnt/mrdr/mc30/t0123_mrral_65s225_0327_4.img,651625344,651625344,OK
/mnt/mrdr/mc30/t0123_mrrde_65s225_0327_4.img,171956688,171956688,OK
/mnt/mrdr/mc30/t0123_mrrsu_65s225_0327_4.img,543021120,543021120,OK
/mnt/mrdr/mc30/t0124_mrral_65s235_0327_4.img,651625344,651625344,OK
/mnt/mrdr/mc30/t0124_mrrde_65s235_0327_4.img,171956688,171956688,OK
/mnt/mrdr/mc30/t0124_mrrsu_65s235_0327_4.img,543021120,543021120,OK
/mnt/mrdr/mc30/t0125_mrral_65s245_0327_4.img,651625344,651625344,OK
/mnt/mrdr/mc30/t0125_mrrde_65s245_0327_4.img,171956688,171956688,OK
/mnt/mrdr/mc30/t0125_mrrsu_65s245_0327_4.img,543021120,543021120,OK
/mnt/mrdr/mc30/t0126_mrral_65s255_0327_4.img,651625344,651625344,OK
/mnt/mrdr/mc30/t0126_mrrde_65s255_0327_4.img,171956688,171956688,OK
/mnt/mrdr/mc30/t0126_mrrsu_65s255_0327_4.img,543021120,543021120,OK
/mnt/mrdr/mc30/t0127_mrral_65s265_0327_4.img,651625344,651625344,OK
/mnt/mrdr/mc30/t0127_mrrde_65s265_0327_4.img,171956688,171956688,OK
/mnt/mrdr/mc30/t0127_mrrsu_65s265_0327_4.img,543021120,543021120,OK
/mnt/mrdr/mc30/t0128_mrral_65s275_0327_4.img,651625344,651625344,OK
/mnt/mrdr/mc30/t0128_mrrde_65s275_0327_4.img,171956688,171956688,OK
/mnt/mrdr/mc30/t0128_mrrsu_65s275_0327_4.img,543021120,543021120,OK
/mnt/mrdr/mc30/t0129_mrral_65s285_0327_4.img,651154176,651154176,OK
/mnt/mrdr/mc30/t0129_mrrde_65s285_0327_4.img,171832352,171832352,OK
/mnt/mrdr/mc30/t0129_mrrsu_65s285_0327_4.img,542628480,542628480,OK
/mnt/mrdr/mc30/t0130_mrral_65s295_0327_4.img,651625344,651625344,OK
/mnt/mrdr/mc30/t0130_mrrde_65s295_0327_4.img,171956688,171956688,OK
/mnt/mrdr/mc30/t0130_mrrsu_65s295_0327_4.img,543021120,543021120,OK
/mnt/mrdr/mc30/t0131_mrral_65s305_0327_4.img,651625344,651625344,OK
/mnt/mrdr/mc30/t0131_mrrde_65s305_0327_4.img,171956688,171956688,OK
/mnt/mrdr/mc30/t0131_mrrsu_65s305_0327_4.img,543021120,543021120,OK
/mnt/mrdr/mc30/t0132_mrral_65s315_0327_4.img,651625344,651625344,OK
/mnt/mrdr/mc30/t0132_mrrde_65s315_0327_4.img,171956688,171956688,OK
/mnt/mrdr/mc30/t0132_mrrsu_65s315_0327_4.img,543021120,543021120,OK
/mnt/mrdr/mc30/t0133_mrral_65s325_0327_4.img,651625344,651625344,OK
/mnt/mrdr/mc30/t0133_mrrde_65s325_0327_4.img,171956688,171956688,OK
/mnt/mrdr/mc30/t0133_mrrsu_65s325_0327_4.img,543021120,543021120,OK
/mnt/mrdr/mc30/t0134_mrral_65s335_0327_4.img,651625344,651625344,OK
/mnt/mrdr/mc30/t0134_mrrde_65s335_0327_4.img,171956688,171956688,OK
/mnt/mrdr/mc30/t0134_mrrsu_65s335_0327_4.img,543021120,543021120,OK
/mnt/mrdr/mc30/t0135_mrral_65s345_0327_4.img,651625344,651625344,OK
/mnt/mrdr/mc30/t0135_mrrde_65s345_0327_4.img,171956688,171956688,OK
/mnt/mrdr/mc30/t0135_mrrsu_65s345_0327_4.img,543021120,543021120,OK
/mnt/mrdr/mc30/t0136_mrral_65s355_0327_4.img,651625344,651625344,OK
/mnt/mrdr/mc30/t0136_mrrde_65s355_0327_4.img,171956688,171956688,OK
/mnt/mrdr/mc30/t0136_mrrsu_65s355_0327_4.img,543021120,543021120,OK
