class,source,tile_id,polygon_id,n_px,confidence_weight,degenerate,own_angle_deg,nearest_other_class,nearest_other_angle_deg,margin_deg,suspect
alteration,tag,t1159,1600979008,7,0.5,True,13.785885617094419,lcp,11.3945418464822,-2.3913437706122185,True
alteration,tag,t1160,1248938873,12,0.5,False,10.547652548219736,lcp,8.159184848618985,-2.388467699600751,True
alteration,tag,t1160,1192594267,9,0.5,True,11.357315626357696,lcp,9.008343707147553,-2.3489719192101433,True
alteration,tag,t1160,3804725248,11,0.5,False,10.354137052237594,lcp,8.010336615888914,-2.3438004363486797,True
alteration,tag,t1160,82877845,46,0.5,False,11.893862217011373,lcp,9.566824736312636,-2.3270374806987366,True
alteration,tag,t1160,226399413,482,0.5,False,11.383386154049699,lcp,9.063565341739373,-2.3198208123103257,True
alteration,tag,t1159,801889504,624,0.5,False,14.935938892185826,lcp,12.617467178509894,-2.3184717136759314,True
alteration,tag,t1232,3232856689,73,0.5,False,4.809108640984526,lcp,2.5041681996875274,-2.3049404412969987,True
alteration,tag,t1160,4147629625,51,0.5,False,11.478247060737576,lcp,9.190341951781612,-2.2879051089559646,True
alteration,tag,t1160,1632260864,2216,0.5,False,11.426606939175542,lcp,9.178961238542204,-2.2476457006333384,True
alteration,tag,t1159,148205312,489,0.5,False,15.22798147097401,lcp,12.99517270456527,-2.2328087664087395,True
alteration,tag,t1090,2945707304,62,0.5,False,5.197453650813632,lcp,3.1069538482539065,-2.0904998025597252,True
lcp,hand,t0433,375,10,1.0,False,5.090433267729967,olivine,3.0034905453357146,-2.0869427223942525,True
olivine,hand,t0360,26,540,1.0,False,37.499801740468385,lcp,35.46179385593362,-2.038007884534764,True
lcp,hand,t0433,343,10,1.0,False,4.427598718655348,olivine,2.4425097587834883,-1.98508895987186,True
olivine,hand,t0290,72,286,1.0,False,3.6578956293444644,lcp,1.678638011681687,-1.9792576176627774,True
olivine,hand,t0433,423,45,1.0,False,4.9501209570341755,lcp,2.9973060371966227,-1.9528149198375528,True
olivine,hand,t0361,17,529,1.0,False,3.3632102594691884,lcp,1.4168192488238214,-1.946391010645367,True
olivine,hand,t0360,13,411,1.0,False,36.431784624534444,lcp,34.49717143236631,-1.9346131921681362,True
lcp,hand,t0433,287,22,1.0,False,4.6591372526097965,olivine,2.729964583192824,-1.9291726694169724,True
olivine,hand,t0360,16,73,1.0,False,36.37951012336679,lcp,34.458401979109055,-1.9211081442577367,True
olivine,hand,t0360,22,41,1.0,False,36.411707779627456,lcp,34.49729167396956,-1.9144161056578923,True
lcp,hand,t0293,23,61,1.0,False,4.646158372708479,olivine,2.7562683367991574,-1.8898900359093216,True
olivine,hand,t0360,25,67,1.0,False,36.3680485319035,lcp,34.480652176361914,-1.8873963555415827,True
olivine,hand,t0504,56,25,1.0,False,6.609664826009607,lcp,4.724083503668865,-1.8855813223407418,True
olivine,hand,t0360,10,27,1.0,False,36.36258278145141,lcp,34.48195131565004,-1.8806314658013648,True
olivine,hand,t0360,24,90,1.0,False,36.384615878743546,lcp,34.509784658762506,-1.87483121998104,True
lcp,hand,t0435,367,35,1.0,False,4.298371749955137,olivine,2.436106164337632,-1.8622655856175045,True
olivine,hand,t0360,8,569,1.0,False,36.35415228170108,lcp,34.502472575721285,-1.851679705979798,True
olivine,hand,t0365,27,391,1.0,False,3.0099270942590484,lcp,1.170247726761085,-1.8396793674979635,True
olivine,hand,t0360,6,125,1.0,False,36.38948870393738,lcp,34.55076254482286,-1.8387261591145219,True
lcp,hand,t0602,302,54,1.0,False,3.245989747624462,olivine,1.4316314953406657,-1.8143582522837964,True
alteration,tag,t1176,3340285396,7,1.0,True,9.510311952847498,lcp,7.712990163466362,-1.7973217893811366,True
alteration,tag,t1176,1496931331,456,1.0,False,9.226613863821267,lcp,7.4484725544318975,-1.7781413093893699,True
olivine,hand,t0503,14,279,1.0,False,5.3332993183156105,lcp,3.5593353654146056,-1.773963952901005,True
olivine,hand,t0433,257,49,1.0,False,4.17703738279522,lcp,2.411858411254761,-1.7651789715404589,True
olivine,hand,t0236,49,313,1.0,False,2.7958493346089397,lcp,1.03870738281797,-1.7571419517909697,True
alteration,tag,t1176,791471238,689,0.75,False,9.206322215616328,lcp,7.450720503048974,-1.7556017125673549,True
olivine,hand,t0431,14,1272,1.0,False,3.0534668108189025,lcp,1.317914874421137,-1.7355519363977654,True
olivine,hand,t0290,32,754,1.0,False,3.952842242363355,lcp,2.2199270968990694,-1.7329151454642857,True
alteration,tag,t1176,3855789128,162,1.0,False,8.861235599362274,lcp,7.132907128470236,-1.7283284708920386,True
hcp,hand,t0599,0,88,1.0,False,4.128783960480359,lcp,2.4010435943405697,-1.727740366139789,True
hcp,hand,t1020,4,5381,1.0,False,3.778053344225058,lcp,2.0531840877489764,-1.7248692564760817,True
olivine,reassigned,t1033,1521771587,134,0.75,False,7.8025720312860365,lcp,6.077837489222594,-1.7247345420634428,True
olivine,hand,t0504,4,173,1.0,False,3.5255800320287096,lcp,1.8075990703035025,-1.717980961725207,True
lcp,hand,t0364,8,108,1.0,False,4.157827906526525,olivine,2.4449351267632577,-1.7128927797632674,True
olivine,hand,t0290,71,837,1.0,False,2.920338206946863,lcp,1.2134037147368084,-1.7069344922100544,True
alteration,tag,t1176,658016785,203,1.0,False,9.919580905278641,lcp,8.2142540178151,-1.705326887463542,True
lcp,hand,t0433,329,46,1.0,False,2.722224874425112,olivine,1.0186649189506642,-1.7035599554744478,True
lcp,hand,t0507,12,97,1.0,False,3.7520784812614103,olivine,2.050671794292981,-1.7014066869684292,True
olivine,hand,t0290,23,234,1.0,False,2.8821371349713907,lcp,1.1943983827613878,-1.687738752210003,True
hcp,hand,t1020,2,4096,1.0,False,3.699456645444279,lcp,2.0119789382894613,-1.6874777071548177,True
olivine,hand,t0364,217,119,1.0,False,2.6253782307860987,lcp,0.9501055174850835,-1.6752727133010152,True
lcp,hand,t0435,297,20,1.0,False,3.4144605036465085,olivine,1.755295477054636,-1.6591650265918725,True
lcp,hand,t0363,46,59,1.0,False,2.7797830907637873,olivine,1.1225242033133689,-1.6572588874504184,True
alteration,tag,t1176,2963716913,13,1.0,False,8.899826883796864,lcp,7.261440805249038,-1.6383860785478266,True
alteration,tag,t1176,4181987598,46,1.0,False,9.638167793346591,lcp,8.000173002385196,-1.637994790961395,True
alteration,tag,t1176,1124565326,17,1.0,False,8.75765185845406,lcp,7.122480076012843,-1.6351717824412182,True
olivine,hand,t0435,458,15,1.0,False,4.280630178983825,lcp,2.6456015284792853,-1.6350286505045393,True
alteration,tag,t1176,1161015307,23,1.0,False,9.184098831679492,lcp,7.549538639203951,-1.6345601924755409,True
alteration,tag,t1176,946110081,10,1.0,False,9.172368827699538,lcp,7.555923064915875,-1.6164457627836626,True
lcp,hand,t0363,79,25,1.0,False,3.1686929602842744,olivine,1.5577537859854957,-1.6109391742987786,True
alteration,tag,t1176,3948747731,37,1.0,False,9.378534144396225,lcp,7.771881317326738,-1.606652827069487,True
lcp,hand,t0435,299,63,1.0,False,2.514091235648681,olivine,0.9126667207577873,-1.6014245148908937,True
olivine,hand,t0290,82,81,1.0,False,2.8456580749962694,lcp,1.2449663485156972,-1.6006917264805722,True
alteration,tag,t1176,2936625158,10,1.0,False,9.296627995499833,lcp,7.697396717002949,-1.5992312784968838,True
olivine,hand,t0290,29,126,1.0,False,3.210572651519177,lcp,1.6130318846476064,-1.5975407668715704,True
olivine,hand,t0432,4,16,1.0,False,4.5799891496119605,lcp,2.9842976407173696,-1.5956915088945909,True
olivine,hand,t0289,5,2577,1.0,False,2.6632796221152417,lcp,1.068991300878874,-1.5942883212363677,True
olivine,hand,t0290,46,1200,1.0,False,2.7819239636283126,lcp,1.194496849546363,-1.5874271140819496,True
olivine,hand,t0235,10,171,1.0,False,2.9551512018096466,lcp,1.3859975444262238,-1.5691536573834228,True
olivine,hand,t0236,29,1166,1.0,False,2.621603107649251,lcp,1.0635598871109722,-1.558043220538279,True
lcp,hand,t0240,73,175,1.0,False,3.551486527647848,olivine,1.9981431122829003,-1.5533434153649475,True
olivine,hand,t0433,223,149,1.0,False,4.256427610406699,lcp,2.71285030005562,-1.543577310351079,True
olivine,confirmed,t1374,94670931,156,1.0,False,6.816177550134498,lcp,5.273464776482348,-1.5427127736521493,True
olivine,hand,t0434,198,17,1.0,False,3.786019134992948,lcp,2.244440234275205,-1.541578900717743,True
lcp,hand,t0600,162,75,1.0,False,3.526346979516994,olivine,1.9874208336717092,-1.5389261458452848,True
olivine,hand,t0363,73,915,1.0,False,2.744196590297522,lcp,1.2056354263644362,-1.5385611639330858,True
olivine,hand,t0290,31,137,1.0,False,2.549135071247688,lcp,1.0357259056973935,-1.5134091655502944,True
hcp,hand,t0597,18,1993,1.0,False,3.3685548925393896,lcp,1.860845321754279,-1.5077095707851105,True
lcp,hand,t0527,252,71,1.0,False,3.187380826957233,olivine,1.7004360957217,-1.486944731235533,True
alteration,tag,t1090,3710979935,1371,1.0,False,3.2632735236987314,lcp,1.7766461177217183,-1.486627405977013,True
olivine,hand,t0433,251,173,1.0,False,8.515895362548411,lcp,7.032782380079054,-1.4831129824693576,True
olivine,hand,t0503,27,66,1.0,False,4.0550747985002875,lcp,2.5790670456266813,-1.4760077528736062,True
olivine,hand,t0236,45,123,1.0,False,2.8072265536745356,lcp,1.332127023226562,-1.4750995304479735,True
hcp,hand,t0608,8,225,1.0,False,4.4841874084846545,lcp,3.0168360783965236,-1.467351330088131,True
hcp,hand,t0597,7,2192,1.0,False,2.6253361587603736,lcp,1.1601291134111165,-1.4652070453492572,True
hcp,hand,t0602,2,29,1.0,False,2.9762928111191953,lcp,1.5116784581326619,-1.4646143529865334,True
lcp,hand,t0600,175,66,1.0,False,2.8224694737988547,olivine,1.3587707825172717,-1.463698691281583,True
lcp,hand,t0507,60,43,1.0,False,2.783800250844713,olivine,1.3222876165576618,-1.461512634287051,True
lcp,hand,t0435,369,366,1.0,False,3.457699010145698,olivine,2.000951828557279,-1.456747181588419,True
lcp,hand,t0434,160,50,1.0,False,3.608202449560016,olivine,2.172889378671746,-1.4353130708882698,True
olivine,confirmed,t1374,2358206491,96,0.5,False,5.914835012965873,lcp,4.48331538190704,-1.4315196310588325,True
lcp,hand,t0435,77,55,1.0,False,3.001396635777074,olivine,1.5732160383703628,-1.428180597406711,True
olivine,hand,t0183,2,869,1.0,False,2.7803239667355175,lcp,1.35321214251893,-1.4271118242165874,True
olivine,confirmed,t1250,1690275544,200,0.75,False,4.388033762325592,lcp,2.9661221841652328,-1.4219115781603593,True
lcp,hand,t0435,329,8,1.0,True,3.493348266632691,olivine,2.0948725019325023,-1.3984757647001889,True
hcp,hand,t0602,16,2589,1.0,False,2.728145893778425,lcp,1.331232842214234,-1.396913051564191,True
lcp,hand,t0435,71,32,1.0,False,2.4698231563046305,olivine,1.0891171527927448,-1.3807060035118857,True
lcp,hand,t0435,341,137,1.0,False,2.9373144046416604,olivine,1.558651836712442,-1.3786625679292184,True
olivine,hand,t0433,165,205,1.0,False,2.91449608747849,lcp,1.541182201316642,-1.373313886161848,True
lcp,hand,t0363,15,356,1.0,False,2.9355643514225465,olivine,1.5659556793885439,-1.3696086720340026,True
lcp,hand,t0433,135,53,1.0,False,3.2219272822293106,olivine,1.8591932856388886,-1.362733996590422,True
olivine,confirmed,t1374,1487657590,164,1.0,False,6.171256674380148,lcp,4.81058540372858,-1.3606712706515678,True
olivine,hand,t0290,18,319,1.0,False,2.7224877496314837,lcp,1.3656326391524993,-1.3568551104789843,True
olivine,hand,t0503,47,341,1.0,False,3.651431019563914,lcp,2.3047879268487934,-1.3466430927151207,True
olivine,hand,t0433,225,22,1.0,False,5.428691666315642,lcp,4.085293363085454,-1.3433983032301882,True
olivine,confirmed,t1322,1512215345,1327,1.0,False,4.900714541185028,lcp,3.5726256147593083,-1.3280889264257199,True
hcp,hand,t0290,21,136,1.0,False,2.9584931638477547,lcp,1.6466227763124877,-1.311870387535267,True
hcp,hand,t0600,5,198,1.0,False,2.246795228957087,lcp,0.9525301296439598,-1.2942650993131273,True
olivine,confirmed,t1322,878110957,341,0.75,False,5.155097565149634,lcp,3.8644681852089215,-1.2906293799407127,True
lcp,hand,t0436,98,35,1.0,False,2.5642896471650802,olivine,1.2860827665103478,-1.2782068806547324,True
lcp,hand,t0436,40,102,1.0,False,3.182617277074266,olivine,1.931879490345971,-1.2507377867282947,True
lcp,hand,t0364,51,14,1.0,False,2.557079249517807,olivine,1.30764859574845,-1.2494306537693571,True
hcp,hand,t0360,20,135,1.0,False,35.72426250287052,lcp,34.47692132498713,-1.247341177883392,True
hcp,hand,t0436,15,638,1.0,False,2.4984987949765607,lcp,1.2536829553763345,-1.2448158396002262,True
hcp,hand,t0361,19,208,1.0,False,2.4150817672693874,lcp,1.1789154367445651,-1.2361663305248223,True
lcp,hand,t0600,241,275,1.0,False,3.1707527085262432,olivine,1.9378258459519022,-1.232926862574341,True
olivine,reassigned,t1322,982783366,10,0.5,False,8.38464766000566,lcp,7.152462451066712,-1.2321852089389482,True
lcp,hand,t0436,50,23,1.0,False,2.808707193038741,olivine,1.577604500680858,-1.2311026923578832,True
plagioclase,hand,t0531,908,160,1.0,False,3.98826257882944,lcp,2.7604700703150207,-1.2277925085144195,True
olivine,reassigned,t1322,3105947882,16,0.75,False,9.97917204862145,lcp,8.753199445619657,-1.225972603001793,True
hcp,hand,t0360,18,184,1.0,False,35.68123587375822,lcp,34.45800455748384,-1.2232313162743793,True
olivine,hand,t0504,126,202,1.0,False,2.2462773698652936,lcp,1.023377814070639,-1.2228995557946545,True
olivine,reassigned,t1444,1238740943,481,0.5,False,23.789425768440374,lcp,22.567589232828478,-1.2218365356118959,True
hcp,hand,t0360,21,71,1.0,False,35.67542444147804,lcp,34.46060534172146,-1.214819099756582,True
hcp,hand,t0360,11,241,1.0,False,35.67791549363738,lcp,34.46527046960848,-1.2126450240289017,True
lcp,hand,t0601,69,40,1.0,False,2.61075224092314,plagioclase,1.4022667800315594,-1.2084854608915805,True
lcp,hand,t0530,81,89,1.0,False,2.8736660813946155,olivine,1.6658342867492921,-1.2078317946453234,True
hcp,hand,t0433,132,84,1.0,False,1.7788627630494196,lcp,0.5713936930880829,-1.2074690699613368,True
lcp,hand,t0433,309,123,1.0,False,2.523319785620881,olivine,1.3163324631289992,-1.206987322491882,True
olivine,confirmed,t1374,146857669,57,0.75,False,5.621894300765983,lcp,4.416875251814657,-1.2050190489513257,True
hcp,hand,t0360,19,93,1.0,False,35.67390818606561,lcp,34.478110051091434,-1.1957981349741758,True
hcp,hand,t0360,27,87,1.0,False,35.68670366893736,lcp,34.492201196328736,-1.194502472608626,True
lcp,hand,t0363,11,21,1.0,False,2.54174697290881,olivine,1.35062899712634,-1.1911179757824697,True
olivine,hand,t0503,41,19,1.0,False,3.742616919525536,lcp,2.5587463042783996,-1.1838706152471365,True
olivine,hand,t0577,4,48,1.0,False,2.530366909252154,lcp,1.3465614969326158,-1.183805412319538,True
olivine,hand,t0363,9,157,1.0,False,2.4713531231493993,lcp,1.2902853728747576,-1.1810677502746416,True
hcp,hand,t0237,49,1362,1.0,False,2.414816852389748,lcp,1.2374599111483333,-1.1773569412414149,True
lcp,hand,t0599,264,267,1.0,False,2.6451919308543075,olivine,1.476771901888337,-1.1684200289659705,True
lcp,hand,t0435,67,16,1.0,False,2.3597461062841485,olivine,1.196057877914215,-1.1636882283699335,True
olivine,hand,t0503,49,353,1.0,False,3.3575708729553697,lcp,2.19691282966388,-1.1606580432914897,True
olivine,confirmed,t1232,3828158614,999,0.5,False,3.5118302216365183,lcp,2.3544781457035344,-1.1573520759329838,True
hcp,hand,t0236,35,109,1.0,False,2.3372725875885796,lcp,1.1810350411280917,-1.156237546460488,True
lcp,hand,t0436,35,91,1.0,False,2.9311568253526152,olivine,1.7767485231976186,-1.1544083021549967,True
olivine,hand,t0435,207,127,1.0,False,2.5224431130286726,lcp,1.3716277774420098,-1.1508153355866628,True
hcp,hand,t0360,17,26,1.0,False,35.68576615361551,lcp,34.53952374766073,-1.14624240595478,True
lcp,hand,t0435,33,65,1.0,False,2.336146097647855,olivine,1.1930005485097912,-1.1431455491380638,True
hcp,confirmed,t1090,158850457,813,1.0,False,4.750049147528523,lcp,3.611701154584878,-1.1383479929436455,True
plagioclase,hand,t0530,880,7,1.0,True,2.461838029190728,lcp,1.3247708127342068,-1.137067216456521,True
plagioclase,hand,t0601,918,41,1.0,False,3.1832423711986433,lcp,2.0466020207929794,-1.136640350405664,True
olivine,confirmed,t1371,1907712729,80,1.0,False,4.584078910074491,lcp,3.452021823651826,-1.1320570864226651,True
lcp,hand,t0435,411,231,1.0,False,2.6015865625621744,olivine,1.4757823125624197,-1.1258042499997547,True
lcp,hand,t0294,17,887,1.0,False,2.3684684417128827,olivine,1.2477156287243163,-1.1207528129885664,True
olivine,hand,t0236,41,888,1.0,False,2.4107378962374826,lcp,1.2908240295689126,-1.11991386666857,True
lcp,hand,t0600,142,237,1.0,False,2.1649412770188228,plagioclase,1.0470796434350214,-1.1178616335838014,True
lcp,hand,t0673,113,51,1.0,False,1.9318609590976725,plagioclase,0.8141946059593382,-1.1176663531383344,True
hcp,hand,t0290,17,576,1.0,False,2.2416184526126655,lcp,1.1245655687994571,-1.1170528838132083,True
hcp,hand,t1020,0,2304,1.0,False,3.626923049347947,lcp,2.5142479728356903,-1.1126750765122568,True
plagioclase,hand,t0431,37,559,1.0,False,7.596609583288751,lcp,6.4862962885775355,-1.110313294711215,True
lcp,hand,t0507,28,63,1.0,False,3.5454056085722927,olivine,2.4376635670606315,-1.1077420415116612,True
plagioclase,hand,t0433,153,79,1.0,False,4.1872514765490925,lcp,3.0821327462817822,-1.1051187302673102,True
hcp,hand,t0364,60,741,1.0,False,1.7427076226885012,lcp,0.6399848933459772,-1.1027227293425241,True
olivine,hand,t0290,2,2230,1.0,False,2.44087494633179,lcp,1.3382425027622071,-1.1026324435695827,True
plagioclase,hand,t0597,973,77,1.0,False,3.464780487078339,lcp,2.3748777589717522,-1.089902728106587,True
lcp,hand,t0433,102,54,1.0,False,2.270417442786475,olivine,1.1805821530322225,-1.0898352897542527,True
hcp,hand,t0525,15,1102,1.0,False,1.67708620275203,lcp,0.5879355019133556,-1.0891507008386743,True
hcp,confirmed,t1090,776696353,12,1.0,False,4.558011896022909,lcp,3.4720490513314335,-1.0859628446914753,True
olivine,hand,t0235,2,2332,1.0,False,2.37174033423971,plagioclase,1.2900490090455363,-1.0816913251941738,True
olivine,hand,t0236,43,389,1.0,False,2.396825249103805,lcp,1.316250689138687,-1.080574559965118,True
plagioclase,hand,t0360,15,69,1.0,False,35.554413866081454,lcp,34.475311328343196,-1.0791025377382581,True
lcp,hand,t0364,129,72,1.0,False,2.9497897620453273,hcp,1.8711465711817767,-1.0786431908635505,True
hcp,confirmed,t1090,468331621,790,1.0,False,4.891747007945523,lcp,3.813672429237663,-1.0780745787078598,True
hcp,hand,t0431,10,95,1.0,False,3.1458360358471564,lcp,2.0679867494515554,-1.077849286395601,True
hcp,hand,t0236,37,983,1.0,False,2.263074810127828,lcp,1.1861626519855961,-1.0769121581422318,True
olivine,hand,t0290,6,1427,1.0,False,1.714730495662891,plagioclase,0.6407952659883236,-1.0739352296745674,True
olivine,hand,t0289,4,649,1.0,False,2.408131749009683,plagioclase,1.3346846526705152,-1.073447096339168,True
plagioclase,hand,t0360,3,4,1.0,True,35.58278775342831,lcp,34.510140392134694,-1.072647361293619,True
plagioclase,hand,t0360,1,119,1.0,False,35.5812556873751,lcp,34.51278847626634,-1.0684672111087608,True
olivine,hand,t0236,27,608,1.0,False,2.2120559374632753,plagioclase,1.1445164856891783,-1.067539451774097,True
lcp,hand,t0506,40,165,1.0,False,2.646750313964722,olivine,1.5797590652908144,-1.0669912486739077,True
plagioclase,hand,t0360,5,16,1.0,False,35.59518629834626,lcp,34.53114758719914,-1.06403871114712,True
hcp,confirmed,t1090,1407510173,14,1.0,False,4.671810686762456,lcp,3.6079998746456363,-1.0638108121168193,True
olivine,hand,t0432,97,41,1.0,False,3.3556563527214704,lcp,2.2927595062348827,-1.0628968464865878,True
plagioclase,hand,t0363,36,311,1.0,False,3.007028587329335,lcp,1.9460257339091398,-1.0610028534201952,True
lcp,hand,t0600,99,410,1.0,False,2.840564185339149,plagioclase,1.7819156503237317,-1.0586485350154173,True
lcp,hand,t0601,223,144,1.0,False,2.034010740247258,olivine,0.9769149998679455,-1.0570957403793124,True
lcp,hand,t0530,202,176,1.0,False,1.7704853759057748,plagioclase,0.7177726109437004,-1.0527127649620744,True
olivine,hand,t0235,8,875,1.0,False,2.590697153939365,plagioclase,1.5414509266261416,-1.0492462273132233,True
lcp,hand,t0506,38,68,1.0,False,3.1468448860142275,olivine,2.101332530576158,-1.0455123554380696,True
hcp,confirmed,t1090,681646283,616,1.0,False,4.404139966671567,lcp,3.358835626280995,-1.0453043403905715,True
plagioclase,hand,t0363,53,82,1.0,False,4.144171309298306,lcp,3.1001187744580387,-1.0440525348402674,True
olivine,hand,t0359,8,1879,1.0,False,3.0134674657002853,lcp,1.9712852625004116,-1.0421822031998738,True
plagioclase,hand,t0599,912,12,1.0,False,2.4233124028787136,lcp,1.38415151564831,-1.0391608872304037,True
lcp,hand,t0365,20,600,1.0,False,2.4985489500403966,plagioclase,1.4595494093342738,-1.0389995407061228,True
lcp,hand,t0527,167,243,1.0,False,3.712281506422098,olivine,2.676203395775573,-1.036078110646525,True
hcp,hand,t0682,8,6775,1.0,False,4.275635538096939,lcp,3.2396650429213634,-1.0359704951755755,True
plagioclase,hand,t0433,421,19,1.0,False,4.023264125827909,lcp,2.989111561290187,-1.034152564537722,True
alteration,tag,t1088,533323278,63,1.0,False,2.4582409547642765,hcp,1.4274069245521506,-1.030834030212126,True
hcp,hand,t0290,84,70,1.0,False,2.419364808643865,lcp,1.3894718626730949,-1.0298929459707702,True
olivine,confirmed,t1087,190990323,197,0.75,False,3.0869801280362785,lcp,2.0575843911071297,-1.0293957369291489,True
olivine,hand,t0240,36,28,1.0,False,2.0061581175134373,plagioclase,0.977285307884308,-1.0288728096291293,True
lcp,hand,t0506,46,73,1.0,False,2.2330202247238695,plagioclase,1.2047367336676342,-1.0282834910562353,True
plagioclase,hand,t0597,899,67,1.0,False,3.6656534340555154,lcp,2.6398573069513183,-1.025796127104197,True
hcp,hand,t0290,49,240,1.0,False,3.026007670826558,lcp,2.0008920533952543,-1.0251156174313039,True
plagioclase,hand,t0507,24,20,1.0,False,3.355417895294712,olivine,2.3310048493475946,-1.0244130459471172,True
hcp,confirmed,t1090,3295315866,41,0.75,False,4.335005217313505,lcp,3.3127288583104355,-1.0222763590030692,True
olivine,hand,t0503,43,244,1.0,False,2.631310271659816,lcp,1.6107373749979443,-1.0205728966618717,True
plagioclase,hand,t0601,804,24,1.0,False,2.526025654522557,lcp,1.5059195914726273,-1.0201060630499295,True
plagioclase,hand,t0599,950,34,1.0,False,3.3531678609191244,lcp,2.3352344904682534,-1.017933370450871,True
plagioclase,hand,t0364,144,1182,1.0,False,5.036522761789852,lcp,4.019050079572036,-1.0174726822178162,True
plagioclase,hand,t0433,53,33,1.0,False,4.694129053658636,lcp,3.6791121074559014,-1.0150169462027345,True
lcp,hand,t0240,75,553,1.0,False,1.7622970424069895,plagioclase,0.7478547927614639,-1.0144422496455254,True
olivine,hand,t0290,25,282,1.0,False,1.7785218134511105,plagioclase,0.7649367949947752,-1.0135850184563353,True
plagioclase,hand,t0530,947,64,1.0,False,5.391424362776165,lcp,4.380162018383829,-1.0112623443923363,True
lcp,hand,t0434,216,59,1.0,False,1.9065022999168586,plagioclase,0.8971358734256109,-1.0093664264912476,True
hcp,hand,t0644,13,199,1.0,False,3.7120561094579636,lcp,2.7033637047310015,-1.008692404726962,True
lcp,hand,t0600,234,250,1.0,False,2.426045145249863,plagioclase,1.4183548158715504,-1.0076903293783126,True
olivine,confirmed,t1370,2648836028,509,0.75,False,3.1893730511291776,lcp,2.1846640010243132,-1.0047090501048643,True
olivine,hand,t0290,30,184,1.0,False,1.7427024979908206,plagioclase,0.7395681510748477,-1.0031343469159728,True
hcp,confirmed,t1090,3324080919,14,1.0,False,4.5078570511298,lcp,3.5092306402626634,-0.998626410867137,True
plagioclase,hand,t0432,3,83,1.0,False,3.9839512949315985,lcp,2.9879150527872618,-0.9960362421443367,True
olivine,confirmed,t1104,3269806646,1620,0.75,False,4.780157552896697,lcp,3.7846532496231435,-0.9955043032735538,True
lcp,hand,t0433,325,9,1.0,True,2.0790614414453947,plagioclase,1.0851083959157348,-0.9939530455296599,True
lcp,hand,t0435,81,49,1.0,False,2.3615558526500293,olivine,1.3685089584658665,-0.9930468941841628,True
plagioclase,hand,t0530,858,45,1.0,False,2.5764864673016197,lcp,1.584839059754286,-0.9916474075473336,True
hcp,confirmed,t1090,637064210,63,1.0,False,4.762385772798526,lcp,3.7719308603346886,-0.9904549124638371,True
olivine,hand,t0504,0,51,1.0,False,2.710621221504176,lcp,1.7203283664513895,-0.9902928550527865,True
plagioclase,hand,t0363,41,112,1.0,False,3.164799114370148,lcp,2.1752468556438695,-0.9895522587262784,True
olivine,hand,t0289,0,203,1.0,False,2.4954451265307496,plagioclase,1.5077067382986329,-0.9877383882321167,True
plagioclase,hand,t0597,815,100,1.0,False,2.2443511429259844,lcp,1.2584464336230523,-0.9859047093029321,True
plagioclase,hand,t0435,427,26,1.0,False,1.7984641780022128,olivine,0.8191603934239337,-0.9793037845782792,True
plagioclase,hand,t0597,793,105,1.0,False,2.4017329756389056,lcp,1.422612759547515,-0.9791202160913905,True
olivine,confirmed,t1300,1556604760,576,0.5,False,2.664510198115916,lcp,1.6876700089520702,-0.9768401891638459,True
hcp,hand,t0361,25,3196,1.0,False,5.420791826761864,lcp,4.444794816644199,-0.9759970101176645,True
hcp,hand,t0598,1,1218,1.0,False,2.434249334191138,lcp,1.458349348122752,-0.9758999860683861,True
olivine,hand,t0290,7,436,1.0,False,1.7871134540458644,plagioclase,0.8137112355723655,-0.973402218473499,True
plagioclase,hand,t0525,945,78,1.0,False,2.649624560073166,lcp,1.6782631721577177,-0.9713613879154481,True
hcp,confirmed,t1090,1432970759,47,0.75,False,4.908328847857813,lcp,3.9388823291330852,-0.9694465187247281,True
lcp,hand,t0600,33,287,1.0,False,2.389486081569588,plagioclase,1.4201652517045067,-0.9693208298650815,True
hcp,hand,t0608,4,4246,1.0,False,4.368092095453449,lcp,3.3989412329455817,-0.9691508625078669,True
plagioclase,hand,t0293,19,17,1.0,False,6.261226819454087,olivine,5.293464861582309,-0.9677619578717787,True
olivine,hand,t0503,25,763,1.0,False,3.3850222844089717,lcp,2.4192904035328846,-0.9657318808760871,True
plagioclase,hand,t0364,35,37,1.0,False,2.9664869275964367,lcp,2.000851959868061,-0.9656349677283758,True
plagioclase,hand,t0363,57,112,1.0,False,2.956641625071846,lcp,1.9915343610982406,-0.9651072639736056,True
olivine,reassigned,t1322,2728199432,7,0.5,True,8.903064565300324,lcp,7.939659277987453,-0.9634052873128711,True
plagioclase,hand,t0530,942,79,1.0,False,3.476368344486766,lcp,2.5134324362725566,-0.9629359082142095,True
plagioclase,hand,t0293,17,3,1.0,True,6.4027304686389375,olivine,5.440275668141331,-0.9624548004976061,True
olivine,hand,t0240,69,198,1.0,False,2.132460562861625,plagioclase,1.1760420225524446,-0.9564185403091803,True
hcp,hand,t0433,193,13,1.0,False,2.568410461943292,lcp,1.6129845387792499,-0.9554259231640423,True
olivine,hand,t0289,2,767,1.0,False,1.9439530106686136,plagioclase,0.9898013691772624,-0.9541516414913512,True
plagioclase,hand,t0527,890,433,1.0,False,2.0094682973458537,lcp,1.0584618374188346,-0.9510064599270192,True
plagioclase,hand,t0293,13,32,1.0,False,5.853961749089222,olivine,4.903302017277397,-0.9506597318118244,True
olivine,hand,t0290,76,33,1.0,False,1.8927100463394617,plagioclase,0.9447635560293224,-0.9479464903101393,True
olivine,hand,t0361,13,227,1.0,False,1.4961652151923492,plagioclase,0.5485909955775605,-0.9475742196147887,True
lcp,hand,t0600,212,101,1.0,False,2.2826326631256793,plagioclase,1.3350931065542193,-0.9475395565714599,True
plagioclase,hand,t0433,159,24,1.0,False,2.87649263449404,lcp,1.9290665870833732,-0.9474260474106666,True
olivine,hand,t0433,417,434,1.0,False,2.5804518395123086,lcp,1.6345506844077664,-0.9459011551045422,True
lcp,hand,t0435,181,40,1.0,False,2.0598393981271452,olivine,1.115034413003407,-0.9448049851237381,True
lcp,hand,t0364,67,17,1.0,False,2.5456775746402323,olivine,1.6023822609913894,-0.9432953136488429,True
plagioclase,hand,t0290,69,470,1.0,False,2.854847586772629,lcp,1.9166830246463598,-0.9381645621262693,True
hcp,hand,t0236,8,171,1.0,False,2.334892152333185,lcp,1.396923893819507,-0.9379682585136782,True
plagioclase,hand,t0435,363,21,1.0,False,4.437191188145352,olivine,3.4996436710277274,-0.9375475171176246,True
plagioclase,hand,t0433,52,27,1.0,False,4.697264004124455,lcp,3.760528616560191,-0.9367353875642639,True
plagioclase,hand,t0597,874,54,1.0,False,1.7862846995720945,lcp,0.8500105120386351,-0.9362741875334594,True
olivine,hand,t0240,45,164,1.0,False,1.8274604581864393,plagioclase,0.8912213404606619,-0.9362391177257774,True
olivine,hand,t0504,86,58,1.0,False,2.2772515173927634,lcp,1.3431944231323925,-0.934057094260371,True
olivine,confirmed,t1250,1888615295,11,1.0,False,5.341337994591311,lcp,4.4077226382971135,-0.9336153562941973,True
olivine,hand,t0505,98,663,1.0,False,2.3247265722014463,lcp,1.3914598664415825,-0.9332667057598638,True
plagioclase,hand,t0364,287,16,1.0,False,3.216488077904947,olivine,2.283306521646773,-0.933181556258174,True
lcp,hand,t0566,263,46368,1.0,False,3.1835053765359715,plagioclase,2.2542923568140774,-0.9292130197218942,True
hcp,confirmed,t1090,4003802512,1420,1.0,False,4.952677863275551,lcp,4.024455188331378,-0.9282226749441733,True
olivine,hand,t0293,3,1249,1.0,False,1.8878067358342043,plagioclase,0.9610811009112153,-0.926725634922989,True
plagioclase,hand,t0433,185,23,1.0,False,2.4652590060784196,lcp,1.5396184450207735,-0.9256405610576461,True
plagioclase,hand,t0293,31,10,1.0,False,4.555580330079458,olivine,3.63070796726994,-0.9248723628095181,True
lcp,hand,t0435,311,38,1.0,False,2.2684542646264103,hcp,1.3449922507836582,-0.9234620138427521,True
plagioclase,hand,t0293,48,22,1.0,False,4.744083264699326,olivine,3.821368700422714,-0.9227145642766121,True
plagioclase,hand,t0293,15,61,1.0,False,4.873233302603653,olivine,3.951355030325416,-0.9218782722782373,True
hcp,hand,t0644,0,1857,1.0,False,3.432414760126957,lcp,2.5113237762388834,-0.9210909838880736,True
lcp,hand,t0528,220,243,1.0,False,2.203165050347827,olivine,1.2850254581945606,-0.9181395921532665,True
plagioclase,hand,t0237,56,338,1.0,False,2.2602483144768883,lcp,1.3422263063786637,-0.9180220080982247,True
plagioclase,hand,t0434,188,148,1.0,False,4.124642373109324,olivine,3.2069178425360625,-0.9177245305732611,True
hcp,confirmed,t1090,3753217138,35,1.0,False,5.020592264841894,lcp,4.10452558459629,-0.9160666802456037,True
hcp,confirmed,t1033,2562867322,77684,1.0,False,6.9374001310354805,lcp,6.022774632806181,-0.9146254982292996,True
lcp,hand,t0527,130,350,1.0,False,2.407125089605264,plagioclase,1.4958281227824584,-0.9112969668228055,True
plagioclase,hand,t0359,36,36,1.0,False,3.4462294289163027,lcp,2.5371144334452693,-0.9091149954710334,True
plagioclase,hand,t0673,1003,609,1.0,False,1.605039423331177,lcp,0.6959650716634612,-0.9090743516677159,True
plagioclase,hand,t0527,980,263,1.0,False,2.1906071355405725,lcp,1.2831986866409915,-0.907408448899581,True
lcp,hand,t0437,62,79,1.0,False,2.3338605228143887,plagioclase,1.427452480592684,-0.9064080422217047,True
lcp,hand,t0435,295,57,1.0,False,2.862743027654867,olivine,1.9646871975858353,-0.8980558300690316,True
olivine,hand,t0294,6,1223,1.0,False,1.7465799906028554,plagioclase,0.8503231746355934,-0.896256815967262,True
hcp,hand,t0682,10,1306,1.0,False,3.903398718718828,lcp,3.0075660272283646,-0.8958326914904635,True
olivine,hand,t0290,28,99,1.0,False,1.6328605111126677,plagioclase,0.738118850127552,-0.8947416609851158,True
plagioclase,hand,t0597,857,86,1.0,False,2.04264171416019,lcp,1.1480178188081498,-0.89462389535204,True
lcp,hand,t0600,185,215,1.0,False,2.102437595403328,plagioclase,1.2081201255123173,-0.8943174698910108,True
lcp,hand,t0528,185,42,1.0,False,2.174149572907391,plagioclase,1.283442433683759,-0.8907071392236321,True
plagioclase,hand,t0597,956,296,1.0,False,2.3272630923473954,lcp,1.438103264643369,-0.8891598277040265,True
hcp,hand,t0235,6,4259,1.0,False,2.1845582430058816,lcp,1.2974007088325004,-0.8871575341733813,True
hcp,hand,t0363,55,208,1.0,False,3.2713403893739144,lcp,2.384332440258633,-0.8870079491152816,True
lcp,hand,t0364,125,316,1.0,False,1.9443167451549146,plagioclase,1.059094332282335,-0.8852224128725796,True
lcp,hand,t0436,90,65,1.0,False,2.216687561820807,plagioclase,1.333547669809341,-0.8831398920114661,True
hcp,confirmed,t1090,3319521688,9,1.0,True,4.789328178801843,lcp,3.906618351402141,-0.8827098273997018,True
hcp,confirmed,t1032,728538239,36075,1.0,False,5.828022146533564,lcp,4.945454735468798,-0.8825674110647661,True
plagioclase,hand,t0506,70,13,1.0,False,3.748015908731008,olivine,2.8656104782457428,-0.8824054304852651,True
plagioclase,hand,t0293,30,33,1.0,False,5.424015059462478,olivine,4.542690126051424,-0.8813249334110544,True
lcp,hand,t0437,28,143,1.0,False,2.4797835059220246,plagioclase,1.5987382332959694,-0.8810452726260551,True
olivine,hand,t0294,27,53,1.0,False,1.8227760137131566,plagioclase,0.9446974385080017,-0.8780785752051549,True
plagioclase,hand,t0435,119,34,1.0,False,1.9251944603296736,lcp,1.0473685363349436,-0.8778259239947299,True
plagioclase,hand,t0435,365,28,1.0,False,3.9596708943894456,olivine,3.0818453348992754,-0.8778255594901703,True
plagioclase,hand,t0435,255,748,1.0,False,1.9316794944667006,olivine,1.057613118313541,-0.8740663761531595,True
lcp,hand,t0528,235,532,1.0,False,1.5846831549682325,plagioclase,0.7113608880481163,-0.8733222669201163,True
olivine,reassigned,t1322,1900560375,103,1.0,False,9.56092793117194,lcp,8.69212929591737,-0.8687986352545707,True
plagioclase,hand,t0576,0,40,1.0,False,2.4270804921963003,olivine,1.5587547966994706,-0.8683256954968297,True
lcp,hand,t0363,19,2482,1.0,False,2.395382540374133,olivine,1.5274701342820216,-0.8679124060921115,True
hcp,hand,t0236,57,125,1.0,False,1.7659346740824435,plagioclase,0.8983641455186147,-0.8675705285638289,True
hcp,hand,t0608,0,1689,1.0,False,5.47040994218624,lcp,4.604247855152317,-0.8661620870339233,True
olivine,hand,t0432,37,34,1.0,False,2.1083959128775045,plagioclase,1.2436203441333917,-0.8647755687441128,True
plagioclase,hand,t0530,776,147,1.0,False,2.923877096203097,lcp,2.06001012838666,-0.863866967816437,True
lcp,hand,t0530,109,89,1.0,False,1.8277114441521818,plagioclase,0.9643832634558245,-0.8633281806963573,True
plagioclase,hand,t0597,765,105,1.0,False,2.3643116721971995,lcp,1.5013037518949204,-0.8630079203022791,True
hcp,hand,t0432,2,236,1.0,False,3.9147867701779187,lcp,3.0518735996658997,-0.862913170512019,True
plagioclase,hand,t0504,128,428,1.0,False,2.0282456518476715,lcp,1.1669591323447461,-0.8612865195029253,True
hcp,hand,t0185,0,46,1.0,False,1.9907019053254602,plagioclase,1.1296034018371335,-0.8610985034883267,True
plagioclase,hand,t0599,993,66,1.0,False,2.299577635344632,lcp,1.4404522114446145,-0.8591254239000177,True
hcp,hand,t0599,12,429,1.0,False,2.745171558632179,lcp,1.886488310796771,-0.8586832478354083,True
olivine,confirmed,t1370,1534985136,540,0.5,False,3.6480930980287427,lcp,2.7904121824956905,-0.8576809155330523,True
hcp,confirmed,t1090,1118946164,49,1.0,False,4.028573225227892,lcp,3.172377113852748,-0.856196111375144,True
olivine,hand,t0237,2,192,1.0,False,2.3214574983214145,plagioclase,1.4658408138197054,-0.855616684501709,True
plagioclase,hand,t0602,1008,31,1.0,False,1.9326120326778278,lcp,1.0781727479404803,-0.8544392847373474,True
hcp,confirmed,t1104,686928362,45191,1.0,False,5.233062146878616,lcp,4.3802214375081165,-0.8528407093704997,True
plagioclase,hand,t0290,78,103,1.0,False,2.170973722570099,lcp,1.3192958240603707,-0.8516778985097282,True
olivine,hand,t0577,2,24,1.0,False,2.191002964571276,lcp,1.3409195571829797,-0.8500834073882961,True
plagioclase,hand,t0364,195,18,1.0,False,2.4813148275852948,olivine,1.63434937186796,-0.8469654557173347,True
lcp,hand,t0505,50,43,1.0,False,2.422504421776568,olivine,1.5763328423300813,-0.8461715794464866,True
plagioclase,hand,t0433,51,29,1.0,False,3.004468335697239,lcp,2.1593326902582444,-0.8451356454389947,True
lcp,hand,t0599,262,314,1.0,False,2.5181767297432778,plagioclase,1.6736299355482644,-0.8445467941950133,True
olivine,hand,t0290,27,466,1.0,False,1.804346936440372,plagioclase,0.9621892837203311,-0.8421576527200408,True
plagioclase,hand,t0435,143,269,1.0,False,2.127830621966239,olivine,1.2872274668086636,-0.8406031551575752,True
lcp,hand,t0433,331,16,1.0,False,2.8204495625910275,hcp,1.9822274685069114,-0.8382220940841161,True
lcp,hand,t0672,159,55,1.0,False,2.3090458209224805,olivine,1.4728732795963697,-0.8361725413261107,True
plagioclase,hand,t0434,88,284,1.0,False,3.437335443722746,lcp,2.6026499289614056,-0.8346855147613406,True
olivine,hand,t0290,8,328,1.0,False,2.0307175603237315,plagioclase,1.1971101030452767,-0.8336074572784549,True
olivine,confirmed,t1371,2851518450,153,1.0,False,4.511459595034353,lcp,3.6786657825812017,-0.8327938124531511,True
plagioclase,hand,t0293,28,23,1.0,False,6.202656091871773,olivine,5.373979175236846,-0.8286769166349268,True
lcp,hand,t0566,123,15118,1.0,False,2.768823335669616,plagioclase,1.94077300219746,-0.8280503334721558,True
lcp,hand,t0506,76,34,1.0,False,2.561842509638291,plagioclase,1.7348225664848262,-0.8270199431534648,True
plagioclase,hand,t0576,2,69,1.0,False,2.379371278721642,olivine,1.552414236784639,-0.8269570419370031,True
plagioclase,hand,t0435,429,74,1.0,False,1.700596324598003,olivine,0.8780789003977332,-0.8225174242002697,True
lcp,hand,t0435,171,19,1.0,False,2.4301928065345413,hcp,1.607906683015426,-0.8222861235191152,True
hcp,hand,t0433,157,53,1.0,False,3.127049631790927,lcp,2.3055612772795966,-0.8214883545113305,True
lcp,hand,t0506,4,52,1.0,False,2.332728242381081,plagioclase,1.5112966900670892,-0.8214315523139917,True
plagioclase,hand,t0436,2,20,1.0,False,3.0656430652524915,olivine,2.2473307581018083,-0.8183123071506833,True
olivine,hand,t0235,0,517,1.0,False,1.465834434108376,plagioclase,0.647751830123563,-0.818082603984813,True
olivine,hand,t0240,12,308,1.0,False,1.7699932258991866,plagioclase,0.9529712188729994,-0.8170220070261872,True
lcp,hand,t0599,216,64,1.0,False,2.4489454678519773,plagioclase,1.634315975670175,-0.8146294921818023,True
plagioclase,hand,t0433,195,53,1.0,False,2.3178994391975616,lcp,1.503689596053306,-0.8142098431442555,True
olivine,hand,t0235,16,20,1.0,False,2.1829723022195955,plagioclase,1.3720771858431695,-0.810895116376426,True
hcp,confirmed,t1104,2369860406,44385,1.0,False,5.012370264206234,lcp,4.201747109146515,-0.8106231550597194,True
lcp,hand,t0600,217,169,1.0,False,2.1233797260765286,plagioclase,1.314122704810886,-0.8092570212656425,True
plagioclase,hand,t0432,34,32,1.0,False,2.8497812709004835,olivine,2.0430727113799527,-0.8067085595205308,True
olivine,hand,t0185,4,71,1.0,False,1.8372332964473828,plagioclase,1.033205756601722,-0.8040275398456607,True
hcp,hand,t0644,2,2095,1.0,False,3.84906167336438,lcp,3.0462715091324144,-0.8027901642319657,True
hcp,confirmed,t1176,483425048,54649,1.0,False,8.524504642455833,lcp,7.722621076837778,-0.8018835656180547,True
olivine,hand,t0240,32,59,1.0,False,1.3751837718969162,plagioclase,0.5764245192183576,-0.7987592526785586,True
plagioclase,hand,t0527,831,253,1.0,False,1.8455785634710267,lcp,1.0474535131505387,-0.798125050320488,True
hcp,hand,t0644,4,141,1.0,False,3.089675685171173,lcp,2.2939619754213987,-0.7957137097497742,True
hcp,hand,t0573,8,1190,1.0,False,3.008821482855379,lcp,2.2146019079810992,-0.7942195748742797,True
plagioclase,hand,t0578,14,26,1.0,False,3.5770735571106824,lcp,2.7838185112206264,-0.793255045890056,True
plagioclase,hand,t0364,255,31,1.0,False,2.036526367959343,olivine,1.244525173511932,-0.7920011944474108,True
hcp,hand,t0364,223,94,1.0,False,1.769613198167401,lcp,0.9796823387278573,-0.7899308594395438,True
olivine,hand,t0433,341,126,1.0,False,2.251314503966323,hcp,1.46218025913383,-0.7891342448324932,True
hcp,hand,t0361,24,208,1.0,False,2.7245806877373715,lcp,1.9382960766388089,-0.7862846110985626,True
plagioclase,hand,t0602,889,53,1.0,False,1.642522711600021,lcp,0.8596375505023005,-0.7828851610977204,True
hcp,hand,t0364,181,315,1.0,False,1.9859364100297454,plagioclase,1.2037363505452867,-0.7822000594844587,True
olivine,hand,t0432,18,1539,1.0,False,2.8256507469104273,lcp,2.0437686276118803,-0.781882119298547,True
hcp,hand,t0608,6,2107,1.0,False,3.95482640360155,lcp,3.173390555528779,-0.7814358480727712,True
plagioclase,hand,t0435,381,115,1.0,False,2.595849440493925,hcp,1.815338539571018,-0.7805109009229072,True
hcp,hand,t0432,1,92,1.0,False,3.6644491969568533,lcp,2.884655683186262,-0.7797935137705911,True
hcp,hand,t0364,289,5,1.0,True,4.696889820327859,olivine,3.9171043001482198,-0.7797855201796389,True
olivine,hand,t0432,8,116,1.0,False,1.983024290147913,plagioclase,1.2071003328185952,-0.7759239573293177,True
olivine,hand,t0294,31,31,1.0,False,1.351577429025906,plagioclase,0.5758348425940106,-0.7757425864318953,True
plagioclase,hand,t0434,158,241,1.0,False,3.1899488923035366,olivine,2.415321162835315,-0.7746277294682216,True
plagioclase,hand,t0529,1007,1080,1.0,False,1.7775656810499831,lcp,1.0055331217013452,-0.7720325593486379,True
lcp,hand,t0363,68,105,1.0,False,2.0334923454435163,olivine,1.2641755289510608,-0.7693168164924555,True
plagioclase,hand,t0436,137,27,1.0,False,1.9082444108457786,olivine,1.1390624685208686,-0.76918194232491,True
olivine,hand,t0579,71,49,1.0,False,2.3136351217017945,hcp,1.546360255826844,-0.7672748658749504,True
plagioclase,hand,t0435,456,22,1.0,False,3.4568482031654417,lcp,2.6896741902813175,-0.7671740128841242,True
hcp,hand,t0240,26,130,1.0,False,1.4746630678216965,plagioclase,0.7075184767179994,-0.7671445911036971,True
olivine,hand,t0435,195,19,1.0,False,1.8636919941941275,plagioclase,1.0966557512519732,-0.7670362429421542,True
lcp,hand,t0600,208,261,1.0,False,2.7100263979941017,plagioclase,1.943223290182025,-0.7668031078120767,True
plagioclase,hand,t0363,81,18,1.0,False,2.2105873152828517,olivine,1.4440314853960021,-0.7665558298868496,True
plagioclase,hand,t0503,45,15,1.0,False,2.2418400063664734,olivine,1.4756178051888318,-0.7662222011776416,True
olivine,hand,t0294,2,1547,1.0,False,1.427052004213146,plagioclase,0.6614505699897902,-0.7656014342233558,True
olivine,reassigned,t1322,2377078318,6,1.0,True,9.479724365327579,lcp,8.71422716081564,-0.7654972045119397,True
plagioclase,hand,t0433,187,7,1.0,True,2.33712150788419,olivine,1.5756407100953025,-0.7614807977888876,True
olivine,hand,t0435,115,55,1.0,False,2.2314550170537997,hcp,1.4706812255200128,-0.7607737915337869,True
hcp,hand,t0364,201,30,1.0,False,3.297674753347529,olivine,2.537485315028075,-0.7601894383194541,True
plagioclase,hand,t0597,825,103,1.0,False,2.2838510009487196,lcp,1.524257908971171,-0.7595930919775487,True
hcp,hand,t0433,207,13,1.0,False,2.666584078040591,olivine,1.9079328766557788,-0.7586512013848123,True
plagioclase,hand,t0527,991,1842,1.0,False,2.04716956177796,lcp,1.2887734541630984,-0.7583961076148615,True
plagioclase,hand,t0597,868,37,1.0,False,2.5411819893672525,lcp,1.7843414217024138,-0.7568405676648386,True
hcp,hand,t0602,10,274,1.0,False,2.416578328089397,lcp,1.65981372450153,-0.7567646035878668,True
hcp,hand,t0359,9,1143,1.0,False,1.6680468543235207,lcp,0.9124028506118493,-0.7556440037116714,True
plagioclase,hand,t0525,913,17,1.0,False,1.935512599544591,lcp,1.1811025570370965,-0.7544100425074944,True
hcp,hand,t0363,87,21,1.0,False,3.073408982415775,olivine,2.321544796813182,-0.7518641856025932,True
hcp,hand,t0359,10,14037,1.0,False,1.472382700209327,lcp,0.7207426246563015,-0.7516400755530256,True
lcp,hand,t0634,93,29591,1.0,False,3.0694133721385364,plagioclase,2.320924668440652,-0.7484887036978844,True
hcp,hand,t0436,153,276,1.0,False,1.5829351150693802,olivine,0.8366133298946863,-0.7463217851746939,True
olivine,hand,t0290,12,1821,1.0,False,1.0938560673173816,plagioclase,0.3495463405806157,-0.744309726736766,True
plagioclase,hand,t0505,20,1495,1.0,False,2.094200136465763,lcp,1.350351361318539,-0.743848775147224,True
olivine,reassigned,t1322,629274650,230,0.75,False,10.516978737044637,lcp,9.77319085688087,-0.743787880163767,True
plagioclase,hand,t0602,981,2,1.0,True,3.1417031332199796,olivine,2.3980244741497834,-0.7436786590701963,True
hcp,hand,t0433,26,34,1.0,False,2.908506517010296,olivine,2.1660197549048332,-0.7424867621054627,True
olivine,hand,t0235,14,29,1.0,False,1.8772376640951722,plagioclase,1.1366143481914206,-0.7406233159037516,True
plagioclase,hand,t0363,48,2440,1.0,False,2.775980516451946,lcp,2.035950499335937,-0.740030017116009,True
plagioclase,hand,t0433,323,16,1.0,False,1.4504594109313917,olivine,0.7123865217951735,-0.7380728891362183,True
hcp,hand,t0434,62,399,1.0,False,2.8144483688292232,olivine,2.077576986219504,-0.7368713826097193,True
hcp,hand,t0359,22,461,1.0,False,2.401645872721439,lcp,1.6648692998877488,-0.7367765728336901,True
lcp,hand,t0364,59,19,1.0,False,1.7586755340003901,plagioclase,1.0230693928946537,-0.7356061411057364,True
hcp,confirmed,t1105,1045262870,65179,1.0,False,6.202700624397035,lcp,5.469016052434126,-0.7336845719629084,True
hcp,hand,t0644,9,169,1.0,False,4.443541708247987,lcp,3.710143101087202,-0.733398607160785,True
plagioclase,hand,t0597,988,44,1.0,False,1.863793568100551,lcp,1.1311176517226138,-0.7326759163779373,True
plagioclase,hand,t0602,862,151,1.0,False,2.8169000050237054,lcp,2.0845287491582027,-0.7323712558655027,True
olivine,hand,t0240,34,1556,1.0,False,1.3524686712986491,plagioclase,0.6205313530991442,-0.7319373181995049,True
plagioclase,hand,t0505,0,231,1.0,False,2.6168769892362125,lcp,1.885223008293026,-0.7316539809431866,True
lcp,hand,t0600,238,99,1.0,False,1.6896669459957738,plagioclase,0.9581158131919076,-0.7315511328038662,True
hcp,hand,t0184,8,190,1.0,False,3.6876335144651544,olivine,2.956352972540742,-0.7312805419244124,True
olivine,hand,t0434,38,283,1.0,False,2.069052902718611,hcp,1.3379892065214678,-0.7310636961971433,True
lcp,hand,t0600,40,148,1.0,False,1.818034423528044,plagioclase,1.0872509862571718,-0.7307834372708721,True
hcp,hand,t0435,231,1285,1.0,False,1.5689974214020825,olivine,0.8382160981793831,-0.7307813232226994,True
hcp,hand,t0432,0,203,1.0,False,3.628995512847898,lcp,2.898281848924775,-0.7307136639231233,True
olivine,hand,t0433,241,32,1.0,False,2.8860200805953315,lcp,2.155561365849361,-0.7304587147459705,True
plagioclase,hand,t0363,39,255,1.0,False,2.0561544993258383,lcp,1.3263006258747632,-0.7298538734510751,True
lcp,hand,t0437,78,79,1.0,False,2.0529312949816494,plagioclase,1.3241984509505746,-0.7287328440310747,True
hcp,hand,t0436,54,653,1.0,False,2.1095924121970437,olivine,1.3810591017599718,-0.7285333104370719,True
lcp,hand,t0437,58,66,1.0,False,1.9525770112426117,plagioclase,1.224458428910401,-0.7281185823322107,True
hcp,hand,t0364,122,2029,1.0,False,2.193824419227305,olivine,1.4658065139261636,-0.7280179053011415,True
olivine,hand,t0364,90,107,1.0,False,2.019262942284986,hcp,1.2915180409586076,-0.7277449013263784,True
lcp,hand,t0437,32,405,1.0,False,1.8188725883080807,plagioclase,1.0917463717637337,-0.7271262165443471,True
hcp,confirmed,t1090,1830886921,36,0.75,False,4.651487807095905,lcp,3.9259361341086083,-0.7255516729872968,True
hcp,confirmed,t1090,2871495393,145,1.0,False,4.833005371026592,lcp,4.10875177672612,-0.724253594300472,True
hcp,hand,t0644,11,84,1.0,False,3.033088200009874,lcp,2.3094861385693832,-0.7236020614404906,True
lcp,hand,t0505,74,31,1.0,False,2.7521620438951215,plagioclase,2.0285861079740255,-0.723575935921096,True
olivine,hand,t0235,12,23,1.0,False,2.017936777743334,plagioclase,1.2950691663014136,-0.7228676114419204,True
plagioclase,hand,t0525,867,69,1.0,False,4.063192177581234,olivine,3.3410327040697494,-0.7221594735114847,True
hcp,hand,t0433,221,89,1.0,False,2.1676144242142223,olivine,1.4461385451669637,-0.7214758790472586,True
hcp,hand,t0359,7,186,1.0,False,1.9540076233597352,olivine,1.2329570465987911,-0.7210505767609441,True
lcp,hand,t0436,89,743,1.0,False,1.9521506742627786,plagioclase,1.23278790173327,-0.7193627725295086,True
hcp,hand,t0435,179,428,1.0,False,2.071729643493124,olivine,1.3529980434983881,-0.7187315999947359,True
hcp,hand,t0290,56,575,1.0,False,2.127360822878676,olivine,1.408816384746701,-0.7185444381319748,True
olivine,hand,t0433,211,7,1.0,True,2.07313255047904,hcp,1.3546757769608182,-0.7184567735182217,True
lcp,hand,t0433,189,301,1.0,False,1.7117866660341852,plagioclase,0.9948885514270227,-0.7168981146071625,True
lcp,hand,t0600,286,431,1.0,False,2.6418546098295397,plagioclase,1.9253311383715095,-0.7165234714580302,True
hcp,hand,t0364,153,871,1.0,False,2.543970178829155,olivine,1.82818905542973,-0.7157811233994249,True
olivine,hand,t0505,2,1222,1.0,False,2.188148323108415,lcp,1.4739104004521277,-0.7142379226562874,True
hcp,hand,t0682,0,9842,1.0,False,2.5058440319823188,lcp,1.792296665040012,-0.7135473669423067,True
olivine,hand,t0434,46,89,1.0,False,1.5077017923750116,plagioclase,0.7943095175037107,-0.7133922748713009,True
lcp,hand,t0365,8,103,1.0,False,1.7380044629160663,plagioclase,1.0264301466101713,-0.711574316305895,True
hcp,hand,t0236,6,54,1.0,False,1.36638163444143,plagioclase,0.6549584128317014,-0.7114232216097285,True
plagioclase,hand,t0434,30,31,1.0,False,1.8708505466835534,olivine,1.160375518379169,-0.7104750283043844,True
hcp,confirmed,t1390,3102455356,81,1.0,False,17.54108763790665,olivine,16.83124339177751,-0.7098442461291405,True
olivine,hand,t0434,170,46,1.0,False,1.2280748572546325,plagioclase,0.5198584757729697,-0.7082163814816628,True
plagioclase,hand,t0504,26,927,1.0,False,2.4238189827474415,lcp,1.7158823200011928,-0.7079366627462487,True
plagioclase,hand,t0602,957,628,1.0,False,3.5361156711728254,olivine,2.8285591264903847,-0.7075565446824408,True
hcp,hand,t0364,152,691,1.0,False,2.6012503948267733,olivine,1.8943791642298593,-0.706871230596914,True
lcp,hand,t0600,160,309,1.0,False,2.4176172967866414,plagioclase,1.712603290121333,-0.7050140066653083,True
lcp,hand,t0364,135,127,1.0,False,1.7074762319410588,hcp,1.0028117160176222,-0.7046645159234366,True
hcp,hand,t0434,54,537,1.0,False,1.7207106092711342,olivine,1.0173469331109672,-0.7033636761601669,True
lcp,hand,t0436,165,49,1.0,False,1.6376437494275256,plagioclase,0.93453695281403,-0.7031067966134955,True
lcp,hand,t0365,11,77,1.0,False,1.6506188582059973,plagioclase,0.9501949891035886,-0.7004238691024087,True
hcp,hand,t0573,10,647,1.0,False,3.4643783243454758,lcp,2.7643090675176887,-0.7000692568277871,True
hcp,hand,t0435,151,510,1.0,False,2.035294328440218,olivine,1.3361714997224217,-0.6991228287177964,True
olivine,confirmed,t1371,610553788,204,0.5,False,2.8921652816107417,lcp,2.193590264243874,-0.6985750173668679,True
lcp,hand,t0437,82,97,1.0,False,1.9369897890726568,plagioclase,1.2387620231214531,-0.6982277659512037,True
lcp,hand,t0365,51,175,1.0,False,1.8077025989896829,plagioclase,1.1095887624085952,-0.6981138365810877,True
hcp,hand,t0236,23,117,1.0,False,2.5870101917661206,olivine,1.8891986904928049,-0.6978115012733157,True
hcp,hand,t0433,139,333,1.0,False,1.8256286338124676,olivine,1.1283228710302557,-0.6973057627822119,True
olivine,hand,t0505,22,44,1.0,False,2.4943123772794373,lcp,1.7970241275821262,-0.6972882496973112,True
lcp,hand,t0530,184,72,1.0,False,1.8541395836578414,plagioclase,1.1577716482895253,-0.6963679353683161,True
olivine,hand,t0290,59,39,1.0,False,2.6436048401922085,plagioclase,1.9476626929808107,-0.6959421472113978,True
hcp,hand,t0644,7,663,1.0,False,3.566326017736103,lcp,2.8705479174084547,-0.6957781003276482,True
hcp,hand,t0240,30,208,1.0,False,1.478584920506107,plagioclase,0.7830673630931514,-0.6955175574129556,True
hcp,hand,t0363,6,166,1.0,False,1.742883120369704,lcp,1.047412500770852,-0.695470619598852,True
plagioclase,hand,t0435,383,51,1.0,False,2.43955250337244,hcp,1.7455955889223085,-0.6939569144501316,True
plagioclase,hand,t0433,391,100,1.0,False,2.6633961850066266,olivine,1.9699155166874311,-0.6934806683191954,True
olivine,confirmed,t1322,3163565230,11457,1.0,False,2.0007042528084296,plagioclase,1.3088472291634023,-0.6918570236450272,True
hcp,hand,t0436,53,1006,1.0,False,1.9169438561971166,olivine,1.225988775356314,-0.6909550808408027,True
hcp,hand,t0436,37,35,1.0,False,2.351739109233907,olivine,1.6613377677332855,-0.6904013415006216,True
hcp,hand,t0435,373,36,1.0,False,3.413339000313199,olivine,2.723644237208258,-0.6896947631049408,True
hcp,hand,t0240,79,22,1.0,False,3.137652103260584,olivine,2.448635101933765,-0.6890170013268193,True
plagioclase,hand,t0598,760,450,1.0,False,2.482434751170904,lcp,1.79605951098053,-0.6863752401903742,True
plagioclase,hand,t0507,42,593,1.0,False,1.9932119866166491,hcp,1.308243183902421,-0.6849688027142282,True
hcp,hand,t0363,28,513,1.0,False,2.7750531873925657,olivine,2.0906125329145464,-0.6844406544780193,True
plagioclase,hand,t0293,33,12,1.0,False,5.175243349353258,olivine,4.490825209666919,-0.6844181396863398,True
hcp,hand,t0435,49,698,1.0,False,1.9441579648018814,olivine,1.260648893105752,-0.6835090716961294,True
olivine,hand,t0577,0,226,1.0,False,2.039947347408791,hcp,1.3566653240255588,-0.683282023383232,True
lcp,hand,t0579,37,102,1.0,False,2.3298066483860618,hcp,1.6470604375855475,-0.6827462108005142,True
olivine,confirmed,t1300,3254903879,276,0.5,False,2.069768488497217,plagioclase,1.387029369744365,-0.6827391187528522,True
hcp,hand,t0364,74,10,1.0,False,1.4432936429952072,olivine,0.7610353660255282,-0.682258276969679,True
olivine,hand,t0363,42,372,1.0,False,1.7449051480633928,hcp,1.0629240554852324,-0.6819810925781604,True
plagioclase,hand,t0293,43,196,1.0,False,1.9490682199239364,olivine,1.267292193719798,-0.6817760262041384,True
hcp,hand,t0433,405,27,1.0,False,1.4742484356709815,olivine,0.7940317886310323,-0.6802166470399492,True
plagioclase,hand,t0237,53,145,1.0,False,1.963134238639042,lcp,1.2835427049153632,-0.6795915337236789,True
lcp,hand,t0600,243,1197,1.0,False,1.5293420768015262,plagioclase,0.8500963345992665,-0.6792457422022598,True
lcp,hand,t0506,42,114,1.0,False,1.874164543491304,plagioclase,1.1949353399809908,-0.6792292035103131,True
plagioclase,hand,t0505,54,12,1.0,False,2.105176224862463,olivine,1.4263414317462906,-0.6788347931161725,True
hcp,hand,t0576,32,1100,1.0,False,2.745272001414763,lcp,2.0673117809189887,-0.6779602204957742,True
lcp,hand,t0599,63,57,1.0,False,2.797663150998765,plagioclase,2.1204179182624845,-0.6772452327362806,True
lcp,hand,t0531,140,93,1.0,False,1.548570926632212,plagioclase,0.8722550695939423,-0.6763158570382698,True
hcp,hand,t0365,5,96,1.0,False,1.6651558770786108,plagioclase,0.9889344970282705,-0.6762213800503403,True
hcp,hand,t0361,29,258,1.0,False,2.1821295114885784,olivine,1.5061672614265629,-0.6759622500620155,True
lcp,hand,t0238,0,1616,1.0,False,1.5062114431340825,plagioclase,0.8305335542584467,-0.6756778888756358,True
hcp,hand,t0436,36,85,1.0,False,2.380020279886561,olivine,1.7051763449559045,-0.6748439349306565,True
hcp,hand,t0185,2,124,1.0,False,2.4918114261084177,plagioclase,1.818240212032089,-0.6735712140763286,True
hcp,hand,t0240,11,298,1.0,False,2.397838620940751,olivine,1.7247053633211007,-0.6731332576196503,True
olivine,hand,t0240,38,111,1.0,False,1.4420187453478177,hcp,0.7693318603515366,-0.6726868849962812,True
lcp,hand,t0507,26,66,1.0,False,3.1983927442590008,olivine,2.5288603292924554,-0.6695324149665454,True
olivine,hand,t0435,271,134,1.0,False,1.8680670664982317,hcp,1.199906279552588,-0.6681607869456436,True
olivine,hand,t0503,35,248,1.0,False,2.8045569870759626,hcp,2.1364360781313376,-0.668120908944625,True
olivine,hand,t0240,83,24,1.0,False,1.7482597053531965,plagioclase,1.081744520913741,-0.6665151844394555,True
hcp,hand,t0434,4,78,1.0,False,1.972128712014241,olivine,1.3061754814048194,-0.6659532306094216,True
lcp,hand,t0528,65,491,1.0,False,1.6620097657441957,plagioclase,0.9962154929560466,-0.6657942727881491,True
hcp,hand,t0364,52,648,1.0,False,2.321952924301007,olivine,1.6564430358560411,-0.6655098884449657,True
lcp,hand,t0672,244,132,1.0,False,1.9591885878359396,plagioclase,1.294938611563661,-0.6642499762722787,True
olivine,hand,t0504,6,145,1.0,False,1.978727256946518,hcp,1.315215663784279,-0.6635115931622391,True
hcp,hand,t0240,93,331,1.0,False,1.2615803313419414,plagioclase,0.5998860323493299,-0.6616942989926115,True
hcp,hand,t0290,10,143,1.0,False,1.6891038815941481,lcp,1.0277549634956549,-0.6613489180984933,True
olivine,hand,t0503,29,453,1.0,False,4.148859831518709,lcp,3.4882735974047927,-0.6605862341139161,True
plagioclase,hand,t0435,253,1193,1.0,False,1.3221901990599365,olivine,0.6620753106135324,-0.6601148884464041,True
olivine,hand,t0237,51,107,1.0,False,1.8782312813997548,plagioclase,1.2184704959941905,-0.6597607854055643,True
olivine,hand,t0503,9,3279,1.0,False,2.9740883521612695,hcp,2.3144333273329054,-0.6596550248283641,True
olivine,hand,t0240,14,63,1.0,False,1.7675865435136695,plagioclase,1.1086123681826636,-0.6589741753310059,True
hcp,hand,t0184,0,128,1.0,False,1.6287838112248263,plagioclase,0.9714816664399682,-0.657302144784858,True
hcp,hand,t0507,16,3225,1.0,False,1.4437208916759363,olivine,0.7870878271975925,-0.6566330644783438,True
plagioclase,hand,t0597,827,25,1.0,False,2.139046789831018,lcp,1.482417569591428,-0.65662922023959,True
plagioclase,hand,t0597,968,326,1.0,False,1.7721202028621272,lcp,1.115953513939925,-0.6561666889222022,True
hcp,hand,t0184,4,291,1.0,False,1.7883493201914822,plagioclase,1.1339726988893777,-0.6543766213021045,True
hcp,hand,t0436,27,166,1.0,False,2.0955929214945797,olivine,1.4413903774083945,-0.6542025440861852,True
hcp,hand,t0364,21,215,1.0,False,1.412143772186841,olivine,0.7587214340175699,-0.6534223381692712,True
lcp,hand,t0437,74,201,1.0,False,1.7958898399948697,plagioclase,1.1456648264716813,-0.6502250135231884,True
hcp,hand,t0436,33,45,1.0,False,2.126966319212012,olivine,1.480994370055144,-0.6459719491568678,True
hcp,hand,t0184,16,39,1.0,False,2.334489216976733,plagioclase,1.6894584015970167,-0.6450308153797164,True
olivine,confirmed,t1104,1546454539,13966,1.0,False,4.133220000269096,hcp,3.490164033551217,-0.6430559667178795,True
lcp,hand,t0364,104,73,1.0,False,1.4663652626150279,plagioclase,0.8233685569141378,-0.6429967057008901,True
hcp,hand,t0364,151,1226,1.0,False,2.4971601794824285,olivine,1.8541895009985117,-0.6429706784839169,True
hcp,hand,t0435,201,509,1.0,False,1.714796758140843,olivine,1.072132016785753,-0.6426647413550899,True
hcp,hand,t0290,63,47,1.0,False,1.9087845170286883,olivine,1.2668087440379998,-0.6419757729906885,True
hcp,hand,t0433,443,99,1.0,False,2.3397859553231397,olivine,1.6980232992246809,-0.6417626560984588,True
hcp,hand,t0240,55,110,1.0,False,1.9908038987952108,olivine,1.349972350485413,-0.6408315483097977,True
plagioclase,hand,t0506,20,47,1.0,False,2.589158762659229,hcp,1.9508775766927962,-0.6382811859664328,True
olivine,hand,t0236,100,830,1.0,False,1.5479145656287476,plagioclase,0.9097282721896806,-0.6381862934390671,True
hcp,hand,t0573,6,670,1.0,False,2.7907153921563186,lcp,2.153019723017206,-0.6376956691391125,True
lcp,hand,t0507,52,68,1.0,False,2.878757711488888,olivine,2.2414844566419148,-0.6372732548469733,True
hcp,hand,t0435,361,1012,1.0,False,2.1230800642265732,olivine,1.4860293986566466,-0.6370506655699266,True
olivine,hand,t0435,387,66,1.0,False,2.221319215929276,hcp,1.5843440740688899,-0.6369751418603862,True
plagioclase,hand,t0435,95,34,1.0,False,1.8564321572428806,lcp,1.2199887737642727,-0.6364433834786078,True
olivine,hand,t0433,397,12,1.0,False,2.3091748541828014,hcp,1.6728893159611518,-0.6362855382216497,True
hcp,hand,t0573,12,275,1.0,False,2.968505512707318,lcp,2.33290076709009,-0.6356047456172278,True
olivine,hand,t0505,102,2788,1.0,False,1.9310074046731975,hcp,1.295672620234705,-0.6353347844384925,True
hcp,hand,t0435,327,282,1.0,False,3.8017111026326305,olivine,3.1677046081572477,-0.6340064944753827,True
hcp,hand,t0364,241,54,1.0,False,1.6152206360455286,lcp,0.9814627251419888,-0.6337579109035397,True
olivine,hand,t0435,209,575,1.0,False,1.7598008992020016,plagioclase,1.1263208156882314,-0.6334800835137702,True
olivine,hand,t0433,215,102,1.0,False,1.906286364063763,hcp,1.27412392197603,-0.632162442087733,True
plagioclase,hand,t0434,66,14,1.0,False,2.1851221677609405,olivine,1.5534740514661143,-0.6316481162948262,True
hcp,hand,t0436,61,57,1.0,False,2.880548175949796,olivine,2.2497279207354817,-0.6308202552143145,True
olivine,hand,t0359,30,178,1.0,False,2.390061717238187,hcp,1.7593257384638665,-0.6307359787743203,True
hcp,hand,t0361,7,146,1.0,False,1.627971499274323,olivine,0.9973173963241401,-0.630654102950183,True
hcp,hand,t0600,9,59,1.0,False,2.093354256741154,plagioclase,1.4633283521886564,-0.6300259045524974,True
olivine,hand,t0432,6,28,1.0,False,1.6024436100727124,plagioclase,0.9729736370242222,-0.6294699730484902,True
lcp,hand,t0435,91,12,1.0,False,2.3187483287856647,plagioclase,1.6922725965484349,-0.6264757322372299,True
plagioclase,hand,t0432,41,33,1.0,False,1.7927195719485602,olivine,1.166436967601472,-0.6262826043470882,True
olivine,hand,t0434,90,1591,1.0,False,1.3929955182545462,hcp,0.7668569504982373,-0.6261385677563088,True
plagioclase,hand,t0236,33,83,1.0,False,1.9442061004674236,olivine,1.3200601594344135,-0.6241459410330101,True
olivine,hand,t0504,124,156,1.0,False,1.6368873259199033,hcp,1.0129856266731427,-0.6239016992467605,True
hcp,hand,t0433,146,9,1.0,True,2.519409436291614,olivine,1.8958723014366767,-0.6235371348549372,True
lcp,hand,t0506,44,511,1.0,False,1.917178482565439,plagioclase,1.2937993938056527,-0.6233790887597863,True
hcp,hand,t0433,347,21,1.0,False,2.57116703295339,olivine,1.9481491917759965,-0.6230178411773937,True
hcp,hand,t0184,2,171,1.0,False,1.4754869215990232,plagioclase,0.8532059016984056,-0.6222810199006176,True
hcp,hand,t0237,15,172,1.0,False,3.016547917595405,olivine,2.3950381557251417,-0.6215097618702634,True
hcp,hand,t0436,34,37,1.0,False,1.7224253644753555,olivine,1.1029300509352968,-0.6194953135400587,True
olivine,hand,t0504,120,132,1.0,False,1.3808610200132065,hcp,0.7626595494370688,-0.6182014705761377,True
olivine,confirmed,t1372,3670448351,60,1.0,False,1.8626713258542043,hcp,1.246628398308496,-0.6160429275457082,True
plagioclase,hand,t0505,10,2228,1.0,False,1.784446705841701,hcp,1.169187989577251,-0.6152587162644501,True
hcp,hand,t0240,95,297,1.0,False,2.468992032890288,olivine,1.8538774749892308,-0.6151145579010571,True
hcp,hand,t0434,140,55,1.0,False,1.7591683113497034,olivine,1.144391182588889,-0.6147771287608144,True
plagioclase,hand,t0506,0,80,1.0,False,2.4737490212657223,olivine,1.8590020223438382,-0.6147469989218841,True
olivine,hand,t0236,92,81,1.0,False,1.701914041779969,plagioclase,1.0877621675085538,-0.6141518742714152,True
hcp,hand,t0435,440,19,1.0,False,2.8118906157744314,olivine,2.1982992024318446,-0.6135914133425868,True
olivine,hand,t0503,16,206,1.0,False,2.713232230336594,plagioclase,2.0997608732796955,-0.6134713570568984,True
hcp,hand,t0364,20,657,1.0,False,1.6721506053476907,olivine,1.0597936546181124,-0.6123569507295783,True
olivine,confirmed,t1250,3040921093,1737,1.0,False,3.8543879777894885,hcp,3.2442954631608227,-0.6100925146286658,True
hcp,hand,t0436,57,324,1.0,False,2.0080877508210158,olivine,1.3982384452646561,-0.6098493055563596,True
hcp,hand,t0240,28,325,1.0,False,1.684083984240602,plagioclase,1.0742949529296328,-0.6097890313109691,True
hcp,hand,t0436,96,16,1.0,False,1.8572395555966756,olivine,1.24890754312971,-0.6083320124669656,True
olivine,confirmed,t1250,3383199027,5219,1.0,False,2.899591507884845,hcp,2.2916010892696006,-0.6079904186152443,True
olivine,hand,t0432,77,84,1.0,False,1.5485632944158016,plagioclase,0.9422131629775923,-0.6063501314382094,True
lcp,hand,t0433,75,20,1.0,False,2.5614290813325047,hcp,1.9557643019244806,-0.6056647794080241,True
plagioclase,hand,t0431,6,62,1.0,False,1.6431253894153972,hcp,1.0375642279915855,-0.6055611614238117,True
lcp,hand,t0436,100,136,1.0,False,1.5410859083554698,plagioclase,0.936065489461502,-0.6050204188939677,True
hcp,hand,t0364,265,256,1.0,False,1.02848700938282,plagioclase,0.423997450085303,-0.604489559297517,True
plagioclase,hand,t0671,811,73,1.0,False,3.127487394037627,lcp,2.523072972842922,-0.6044144211947047,True
hcp,hand,t0240,6,219,1.0,False,1.6468941613822308,plagioclase,1.0426745468568963,-0.6042196145253345,True
hcp,hand,t0644,6,1296,1.0,False,2.4015601366899038,lcp,1.7974142718435833,-0.6041458648463205,True
olivine,hand,t0434,176,122,1.0,False,0.9276722176189759,hcp,0.32516094357931175,-0.6025112740396641,True
hcp,hand,t0293,1,828,1.0,False,1.2841676204013548,olivine,0.6818566726619452,-0.6023109477394096,True
plagioclase,hand,t0506,22,48,1.0,False,2.8270841931930826,hcp,2.2267159209912535,-0.6003682722018291,True
plagioclase,hand,t0576,24,36,1.0,False,1.6392078467006344,hcp,1.0393903424171003,-0.5998175042835341,True
olivine,reassigned,t1323,3707476791,17,1.0,False,11.239672113011366,hcp,10.639944537615404,-0.5997275753959617,True
lcp,hand,t0527,57,422,1.0,False,1.9443168487412652,plagioclase,1.345312677313619,-0.5990041714276462,True
olivine,hand,t0436,163,37,1.0,False,1.316921233107028,plagioclase,0.7181795456095508,-0.5987416874974771,True
hcp,hand,t0506,72,19,1.0,False,2.7925958132672335,olivine,2.19403045103639,-0.5985653622308433,True
hcp,hand,t0433,337,36,1.0,False,1.6045384196754908,olivine,1.006158874913216,-0.5983795447622748,True
hcp,hand,t0433,431,2577,1.0,False,2.052522130755089,lcp,1.4541691810005382,-0.598352949754551,True
hcp,hand,t0601,11,111,1.0,False,1.524760069036008,lcp,0.929262419404307,-0.5954976496317009,True
lcp,hand,t0599,193,3149,1.0,False,2.1057265666306204,plagioclase,1.5103030653141816,-0.5954235013164388,True
hcp,hand,t0435,347,125,1.0,False,1.7570742748755293,olivine,1.1620769451068644,-0.5949973297686648,True
olivine,confirmed,t1371,4071694818,1090,0.5,False,2.516935750105402,hcp,1.9222260754371756,-0.5947096746682263,True
hcp,hand,t0435,175,35,1.0,False,2.057982231229225,olivine,1.4636507461264519,-0.5943314851027732,True
olivine,hand,t0240,4,165,1.0,False,1.3586251989503453,plagioclase,0.7645224843930134,-0.5941027145573319,True
hcp,hand,t0237,0,1483,1.0,False,2.10803857093746,plagioclase,1.5144355124156443,-0.5936030585218157,True
hcp,hand,t0364,23,69,1.0,False,1.7640827777477728,olivine,1.1719186653554754,-0.5921641123922974,True
lcp,hand,t0600,102,116,1.0,False,1.6830430036255317,plagioclase,1.0909549000160386,-0.5920881036094932,True
olivine,hand,t0240,24,655,1.0,False,1.2164718372382053,plagioclase,0.6243941379564214,-0.5920776992817839,True
hcp,hand,t0365,23,1764,1.0,False,1.3643740770068318,plagioclase,0.7724313566218488,-0.591942720384983,True
hcp,hand,t0239,2,168,1.0,False,2.4083100114959635,olivine,1.817393411165375,-0.5909166003305886,True
hcp,hand,t0434,70,1363,1.0,False,1.5295051280994585,olivine,0.9388334427124564,-0.5906716853870021,True
hcp,hand,t0433,377,141,1.0,False,4.030910614631911,olivine,3.4406701824178096,-0.5902404322141015,True
hcp,hand,t0433,32,35,1.0,False,1.480222845453335,olivine,0.8901220152261656,-0.5901008302271694,True
plagioclase,hand,t0433,54,111,1.0,False,2.8968640769814322,lcp,2.307233803639159,-0.5896302733422734,True
hcp,hand,t0434,56,219,1.0,False,1.3993537954177564,olivine,0.8108560666810449,-0.5884977287367115,True
olivine,hand,t0237,46,98,1.0,False,2.0318341790741297,plagioclase,1.443596917551118,-0.5882372615230116,True
hcp,hand,t0240,53,285,1.0,False,1.7314701114169835,olivine,1.1438746717697463,-0.5875954396472371,True
olivine,reassigned,t1322,1240483871,1,1.0,True,7.097726832888978,lcp,6.510259526574021,-0.5874673063149567,True
hcp,hand,t0433,18,317,1.0,False,2.7636822688157374,olivine,2.176333099653737,-0.5873491691620005,True
plagioclase,hand,t0599,762,1284,1.0,False,3.6518211437780717,olivine,3.0650671453169207,-0.586753998461151,True
plagioclase,hand,t0434,8,9,1.0,True,1.6604272153417925,olivine,1.0745882181771846,-0.5858389971646079,True
olivine,hand,t0435,47,344,1.0,False,1.570618182540932,hcp,0.9848718925871837,-0.5857462899537483,True
plagioclase,hand,t0435,464,189,1.0,False,1.4888855795795055,olivine,0.903845270911695,-0.5850403086678105,True
hcp,hand,t0294,14,1157,1.0,False,1.199232942714572,olivine,0.6154088914804333,-0.5838240512341387,True
hcp,hand,t0434,134,1621,1.0,False,1.3757877960036107,olivine,0.7921096749202207,-0.58367812108339,True
olivine,hand,t0433,65,351,1.0,False,2.0586408762738975,hcp,1.475173052312519,-0.5834678239613784,True
hcp,hand,t0239,8,149,1.0,False,2.2789308620069026,plagioclase,1.6969668841196135,-0.5819639778872892,True
olivine,reassigned,t1323,2530811986,31,0.75,False,13.231177394780097,hcp,12.650038652709696,-0.5811387420704008,True
hcp,hand,t0682,4,4845,1.0,False,2.5787675822065106,lcp,1.9978490134119118,-0.5809185687945988,True
plagioclase,hand,t0236,71,183,1.0,False,2.0290298058827787,olivine,1.4492556312087401,-0.5797741746740386,True
plagioclase,hand,t0530,768,121,1.0,False,2.9941726124164783,olivine,2.4161692953045755,-0.5780033171119028,True
lcp,hand,t0600,152,102,1.0,False,1.312483273553648,plagioclase,0.7345882008849205,-0.5778950726687275,True
hcp,hand,t0364,29,41,1.0,False,1.454802515163801,olivine,0.8769349073863402,-0.5778676077774609,True
olivine,hand,t0433,191,11,1.0,False,1.7681873157437529,hcp,1.1907465324559066,-0.5774407832878463,True
lcp,hand,t0599,222,36,1.0,False,1.866409716200017,plagioclase,1.2904009569372465,-0.5760087592627705,True
hcp,hand,t0435,343,1533,1.0,False,2.112014844191271,olivine,1.5360615089943435,-0.5759533351969275,True
plagioclase,hand,t0435,101,94,1.0,False,1.8817035060933753,lcp,1.3071311029483588,-0.5745724031450166,True
lcp,hand,t0436,41,9,1.0,True,2.115836251231878,plagioclase,1.5414917240255508,-0.574344527206327,True
hcp,hand,t0436,58,74,1.0,False,1.606670093886539,olivine,1.0327461389373949,-0.5739239549491442,True
hcp,hand,t0433,295,52,1.0,False,1.5085241862854009,olivine,0.9349701060202109,-0.57355408026519,True
plagioclase,hand,t0525,906,73,1.0,False,1.5214046547826272,lcp,0.9482333263620517,-0.5731713284205755,True
hcp,hand,t0435,357,438,1.0,False,1.5441388770452837,olivine,0.972225877933071,-0.5719129991122127,True
lcp,hand,t0437,16,59,1.0,False,1.8337712404215745,plagioclase,1.2629158757013157,-0.5708553647202588,True
olivine,hand,t0235,18,45,1.0,False,1.8133436188961962,plagioclase,1.2429258246456785,-0.5704177942505178,True
hcp,hand,t0644,12,40,1.0,False,3.2773029175716544,lcp,2.708253334653503,-0.5690495829181512,True
plagioclase,hand,t0531,1001,57,1.0,False,1.876678724110609,lcp,1.3078759593170255,-0.5688027647935836,True
plagioclase,hand,t0433,173,192,1.0,False,2.4746756734643713,lcp,1.906568476252759,-0.5681071972116123,True
plagioclase,hand,t0435,145,168,1.0,False,1.6719931783534765,olivine,1.1040755728155733,-0.5679176055379032,True
lcp,hand,t0527,151,131,1.0,False,1.731880323141469,plagioclase,1.1649926890755615,-0.5668876340659075,True
hcp,hand,t0361,14,248,1.0,False,1.3371693970521774,olivine,0.7703997766914991,-0.5667696203606784,True
lcp,hand,t0365,10,81,1.0,False,1.6169207004161168,plagioclase,1.050309956951923,-0.5666107434641938,True
plagioclase,hand,t0532,916,7126,1.0,False,3.435025669391696,olivine,2.868806269365607,-0.566219400026089,True
lcp,hand,t0528,110,401,1.0,False,1.5672842083386112,plagioclase,1.0013248850488603,-0.5659593232897508,True
plagioclase,hand,t0504,16,22,1.0,False,1.3016900738262143,lcp,0.7361722985891878,-0.5655177752370265,True
lcp,hand,t0579,35,88,1.0,False,2.316275866518186,hcp,1.7509091213731653,-0.5653667451450208,True
plagioclase,hand,t0597,952,158,1.0,False,1.9282386666127787,lcp,1.3637429771520735,-0.5644956894607052,True
plagioclase,hand,t0364,39,123,1.0,False,1.8666592788604515,olivine,1.3033006806191956,-0.5633585982412559,True
hcp,hand,t0364,116,118,1.0,False,2.5807388009974432,lcp,2.017536701225284,-0.5632020997721594,True
plagioclase,hand,t0505,56,409,1.0,False,2.0436177788204084,hcp,1.480585382647941,-0.5630323961724675,True
olivine,hand,t0504,2,42,1.0,False,2.0566280332622893,hcp,1.494025730660271,-0.5626023026020184,True
hcp,hand,t0364,138,402,1.0,False,5.140321866333288,lcp,4.578519285360137,-0.5618025809731506,True
hcp,hand,t0363,21,552,1.0,False,1.3596371122861814,olivine,0.7981183898154914,-0.56151872247069,True
hcp,hand,t0365,25,580,1.0,False,1.4495621603938666,plagioclase,0.8883647508873348,-0.5611974095065319,True
olivine,reassigned,t1322,2293587274,13,1.0,False,8.364767014281298,hcp,7.805227284890794,-0.5595397293905044,True
hcp,hand,t0240,97,430,1.0,False,1.3628109764192582,plagioclase,0.8033936046748751,-0.5594173717443831,True
hcp,hand,t0290,16,78,1.0,False,1.7029059600489331,lcp,1.1438994662778967,-0.5590064937710364,True
olivine,hand,t0505,58,735,1.0,False,1.683535656788015,hcp,1.1251633962449843,-0.5583722605430308,True
plagioclase,hand,t0600,801,427,1.0,False,2.766410561654425,olivine,2.208088408896978,-0.5583221527574467,True
hcp,hand,t0436,30,424,1.0,False,1.5014104963188881,olivine,0.9448746802466289,-0.5565358160722592,True
hcp,hand,t0364,22,131,1.0,False,1.4798495477981064,olivine,0.9234793688401118,-0.5563701789579946,True
lcp,hand,t0528,157,95,1.0,False,1.458929582306405,plagioclase,0.9031028146588671,-0.5558267676475379,True
lcp,hand,t0508,10,248,1.0,False,1.603557228710924,hcp,1.0481089518465825,-0.5554482768643416,True
olivine,hand,t0433,319,77,1.0,False,1.4364830068930388,hcp,0.8811874022315863,-0.5552956046614524,True
olivine,confirmed,t1250,3299533664,9082,0.75,False,1.7657270717079812,hcp,1.2105700877073156,-0.5551569840006656,True
olivine,confirmed,t1442,2626547192,506,0.75,False,2.4752693209667496,hcp,1.9201795679996798,-0.5550897529670697,True
lcp,hand,t0672,296,49,1.0,False,2.4813055072370083,plagioclase,1.9294033392071863,-0.551902168029822,True
lcp,hand,t0437,60,51,1.0,False,1.8926357112344816,plagioclase,1.3409033722290662,-0.5517323390054154,True
olivine,hand,t0503,37,555,1.0,False,1.90167459024426,hcp,1.350496759445737,-0.5511778307985229,True
hcp,hand,t0235,4,3121,1.0,False,1.399328805607506,plagioclase,0.8485678771863425,-0.5507609284211634,True
lcp,hand,t0602,88,63,1.0,False,1.880827287386042,plagioclase,1.330759571303729,-0.5500677160823131,True
hcp,hand,t0433,229,40,1.0,False,4.030325384474893,olivine,3.48037750066169,-0.549947883813203,True
olivine,hand,t0434,18,36,1.0,False,1.1587809480051972,hcp,0.6088972367797623,-0.5498837112254349,True
lcp,hand,t0505,108,26,1.0,False,1.613222694917035,plagioclase,1.0645914078853675,-0.5486312870316674,True
hcp,hand,t0436,155,142,1.0,False,2.999652124893408,olivine,2.451610976362545,-0.5480411485308627,True
hcp,hand,t0240,9,251,1.0,False,1.9039570834767399,olivine,1.3583482291282853,-0.5456088543484545,True
hcp,hand,t0436,67,572,1.0,False,2.3614388676094196,olivine,1.8161265186520428,-0.5453123489573768,True
hcp,hand,t0364,219,75,1.0,False,1.2426866573708388,plagioclase,0.6999013563563131,-0.5427853010145257,True
olivine,hand,t0504,10,34,1.0,False,1.6678420675506722,hcp,1.1252829369132507,-0.5425591306374216,True
lcp,hand,t0580,6,24,1.0,False,1.667250026051847,plagioclase,1.1252778157155412,-0.5419722103363058,True
olivine,hand,t0433,243,82,1.0,False,2.493140994300352,plagioclase,1.951387845182812,-0.5417531491175402,True
plagioclase,hand,t0601,818,1610,1.0,False,1.7843031407130616,olivine,1.2427247284045368,-0.5415784123085248,True
lcp,hand,t0600,32,129,1.0,False,1.5915072625064426,plagioclase,1.050217367293541,-0.5412898952129015,True
hcp,hand,t0364,229,77,1.0,False,0.9832731622145833,olivine,0.44221689979035167,-0.5410562624242317,True
hcp,hand,t0507,22,84,1.0,False,1.3319527161404379,olivine,0.7920247320262067,-0.5399279841142312,True
olivine,hand,t0433,253,4,1.0,True,1.2562070367833635,plagioclase,0.7168162757080665,-0.539390761075297,True
hcp,hand,t0433,119,179,1.0,False,2.503200295585717,olivine,1.965014738974317,-0.5381855566113998,True
plagioclase,hand,t0236,96,121,1.0,False,2.1580089952854538,lcp,1.6201092223280331,-0.5378997729574206,True
hcp,hand,t0433,42,285,1.0,False,3.5099193571555145,olivine,2.972690810861456,-0.5372285462940587,True
hcp,hand,t0364,146,2056,1.0,False,1.7616929504717707,olivine,1.2250893256607713,-0.5366036248109993,True
plagioclase,hand,t0505,92,142,1.0,False,2.682777856142599,lcp,2.1463859477357965,-0.5363919084068023,True
plagioclase,hand,t0363,38,49,1.0,False,1.5162832379160898,lcp,0.9799038217139536,-0.5363794162021361,True
olivine,hand,t0290,15,128,1.0,False,1.0435841263872294,plagioclase,0.5077855395409775,-0.5357985868462519,True
olivine,hand,t0579,0,245,1.0,False,1.2652698548162167,hcp,0.7311231286597043,-0.5341467261565124,True
plagioclase,hand,t0525,871,136,1.0,False,2.515370930222222,olivine,1.9816408934980438,-0.533730036724178,True
plagioclase,hand,t0435,377,140,1.0,False,3.864755238049465,lcp,3.3328089068867355,-0.5319463311627297,True
hcp,hand,t0433,45,23,1.0,False,2.6795728645635024,olivine,2.1521128150149513,-0.5274600495485511,True
lcp,hand,t0599,141,65,1.0,False,2.3032032697657345,plagioclase,1.7758364767673378,-0.5273667929983967,True
olivine,hand,t0237,47,66,1.0,False,1.6064517791599169,plagioclase,1.0818149134688315,-0.5246368656910854,True
plagioclase,hand,t0531,893,126,1.0,False,2.139856885112936,olivine,1.6167582527924163,-0.5230986323205196,True
lcp,hand,t0437,26,50,1.0,False,1.5355248733620417,plagioclase,1.0130850114919618,-0.5224398618700798,True
hcp,hand,t0363,3,579,1.0,False,1.214457598153274,plagioclase,0.6935259339940932,-0.5209316641591807,True
hcp,hand,t0435,177,345,1.0,False,1.2635469624268485,olivine,0.7432419999012411,-0.5203049625256074,True
hcp,hand,t0525,4,598,1.0,False,1.3127674452131186,lcp,0.7936808509014331,-0.5190865943116855,True
plagioclase,hand,t0505,64,9,1.0,True,1.547300189857744,olivine,1.028589788950493,-0.5187104009072512,True
plagioclase,hand,t0602,934,1688,1.0,False,2.2263592291682435,lcp,1.7081586919998202,-0.5182005371684233,True
lcp,hand,t0364,46,112,1.0,False,1.4271787853927742,plagioclase,0.91079890876314,-0.5163798766296342,True
hcp,hand,t0435,325,155,1.0,False,1.7264931676581337,olivine,1.213316851803425,-0.5131763158547087,True
hcp,hand,t0436,171,59,1.0,False,2.2117822742155124,olivine,1.6986305177610586,-0.5131517564544539,True
lcp,hand,t0600,94,140,1.0,False,1.7340847493374543,plagioclase,1.2211149748575045,-0.5129697744799497,True
hcp,hand,t0364,239,201,1.0,False,1.0796364984862532,plagioclase,0.5671160823922498,-0.5125204160940035,True
plagioclase,hand,t0434,114,124,1.0,False,1.1137147821221483,hcp,0.6019508878575329,-0.5117638942646153,True
plagioclase,hand,t0435,462,29,1.0,False,1.6921376931648802,lcp,1.1821984526075036,-0.5099392405573766,True
plagioclase,hand,t0236,70,36,1.0,False,2.335235708478568,olivine,1.828053759798754,-0.5071819486798141,True
hcp,hand,t0433,121,175,1.0,False,1.876868390526759,olivine,1.3725804336778171,-0.5042879568489418,True
hcp,hand,t0598,19,367,1.0,False,1.3924668738017767,plagioclase,0.8902633794218121,-0.5022034943799646,True
lcp,hand,t0364,62,131,1.0,False,1.4394945033720905,plagioclase,0.9379363051027868,-0.5015581982693037,True
hcp,hand,t0434,86,62,1.0,False,1.7885397292560947,lcp,1.2875058287672265,-0.5010339004888682,True
hcp,hand,t0364,267,131,1.0,False,1.085055444464286,olivine,0.5842504954297421,-0.5008049490345439,True
plagioclase,hand,t0504,116,92,1.0,False,1.7179541875167368,lcp,1.2181600028925061,-0.49979418462423064,True
olivine,hand,t0505,60,205,1.0,False,1.878398146291323,hcp,1.3797130970687712,-0.49868504922255186,True
lcp,hand,t0364,26,59,1.0,False,1.265739648845846,plagioclase,0.7672072571832796,-0.49853239166256647,True
olivine,hand,t0504,8,47,1.0,False,1.6034745762070597,hcp,1.1053898672416018,-0.49808470896545787,True
olivine,hand,t0505,96,85,1.0,False,2.057137755709417,hcp,1.5596087991399894,-0.4975289565694274,True
olivine,hand,t0434,178,315,1.0,False,1.1098004806534465,hcp,0.6123059154907735,-0.497494565162673,True
lcp,hand,t0437,72,126,1.0,False,1.5651317431320577,plagioclase,1.0681854264198594,-0.49694631671219835,True
olivine,hand,t0431,1,1855,1.0,False,2.3087052756323407,hcp,1.8121530441592735,-0.49655223147306726,True
hcp,hand,t0364,82,283,1.0,False,1.8942976212425284,lcp,1.3980386482647917,-0.4962589729777367,True
olivine,hand,t0503,17,210,1.0,False,2.7194750401539434,plagioclase,2.2250878186455902,-0.4943872215083531,True
plagioclase,hand,t0505,94,132,1.0,False,2.629632700941559,lcp,2.135753945257435,-0.4938787556841242,True
lcp,hand,t0437,24,132,1.0,False,1.574914223545147,plagioclase,1.0812833820988124,-0.4936308414463346,True
lcp,hand,t0579,39,146,1.0,False,1.9141543513081285,hcp,1.4212017024536185,-0.49295264885450996,True
plagioclase,hand,t0506,26,32,1.0,False,2.390708654639272,hcp,1.8981385315534318,-0.49257012308584036,True
olivine,hand,t0435,75,26,1.0,False,1.4361567424662207,plagioclase,0.943865938989858,-0.49229080347636267,True
olivine,hand,t0184,6,39,1.0,False,2.365891475346255,plagioclase,1.8738983411850534,-0.49199313416120183,True
plagioclase,hand,t0531,828,68,1.0,False,2.3271673916903786,lcp,1.8355273820668656,-0.49164000962351295,True
hcp,hand,t0434,76,110,1.0,False,1.2959622035426819,olivine,0.8049850725397085,-0.49097713100297335,True
olivine,hand,t0364,263,806,1.0,False,1.1372723686714945,plagioclase,0.6477432161420449,-0.4895291525294496,True
hcp,hand,t0433,6,85,1.0,False,3.9338845846106283,lcp,3.4445934683587227,-0.4892911162519056,True
hcp,hand,t0433,106,36,1.0,False,4.4246574713062135,olivine,3.935393433529125,-0.4892640377770885,True
olivine,hand,t0504,84,156,1.0,False,1.7395948216979515,hcp,1.250411821511409,-0.4891830001865425,True
olivine,confirmed,t1250,473741005,22677,1.0,False,1.5858172017442136,plagioclase,1.096636973244233,-0.48918022849998066,True
hcp,hand,t0433,137,288,1.0,False,1.456237902392051,olivine,0.9691627290129129,-0.4870751733791382,True
hcp,hand,t0364,130,164,1.0,False,1.2746054568430578,olivine,0.7883331249779536,-0.4862723318651042,True
plagioclase,hand,t0601,819,173,1.0,False,1.5769699394430323,lcp,1.0914443802078528,-0.4855255592351795,True
lcp,hand,t0636,289,49232,1.0,False,2.5983208525845356,plagioclase,2.1139362341536834,-0.48438461843085223,True
olivine,confirmed,t1250,1525087931,21000,0.75,False,1.639888416184366,hcp,1.1562567085705164,-0.48363170761384966,True
hcp,hand,t0436,143,105,1.0,False,2.141372040716045,olivine,1.658592896867334,-0.4827791438487108,True
olivine,hand,t0436,130,106,1.0,False,2.584458488630222,hcp,2.101714844650319,-0.4827436439799033,True
hcp,hand,t0364,185,284,1.0,False,1.1846811889742528,plagioclase,0.7022993490947368,-0.482381839879516,True
olivine,hand,t0364,221,637,1.0,False,1.3496316418818026,hcp,0.8674023316849441,-0.48222931019685855,True
plagioclase,hand,t0435,385,97,1.0,False,2.2028038653928195,lcp,1.72103303511722,-0.4817708302755994,True
hcp,hand,t0433,138,444,1.0,False,3.7368673692880696,olivine,3.2552685220972615,-0.48159884719080814,True
hcp,confirmed,t1232,851155541,179,1.0,False,2.659065085508315,lcp,2.17856777653688,-0.4804973089714353,True
plagioclase,hand,t0435,31,170,1.0,False,1.4994950299418557,olivine,1.019425220167211,-0.48006980977464475,True
plagioclase,hand,t0531,900,228,1.0,False,1.7916176158861838,olivine,1.3117302852600448,-0.4798873306261391,True
plagioclase,hand,t0601,789,70,1.0,False,1.7543274807502838,lcp,1.274820503586496,-0.4795069771637879,True
hcp,hand,t0433,235,35,1.0,False,2.221999473517785,olivine,1.7435442197381523,-0.4784552537796325,True
plagioclase,hand,t0506,78,8,1.0,True,2.1343606108609334,hcp,1.6576843859006547,-0.4766762249602787,True
hcp,hand,t0364,53,13,1.0,False,1.3025376610457204,olivine,0.8262112860065195,-0.47632637503920094,True
plagioclase,hand,t0434,118,206,1.0,False,1.7088229286814542,hcp,1.2329681829651746,-0.4758547457162796,True
hcp,hand,t0290,44,86,1.0,False,1.6554960025010956,plagioclase,1.1800403536696165,-0.47545564883147917,True
lcp,hand,t0508,12,351,1.0,False,2.466842813805501,hcp,1.9917669613975526,-0.47507585240794836,True
olivine,hand,t0504,100,9904,1.0,False,1.4532310126714099,hcp,0.9782756946643818,-0.47495531800702806,True
plagioclase,hand,t0600,888,211,1.0,False,2.3292026838365767,olivine,1.8547049312978099,-0.4744977525387668,True
hcp,hand,t0364,154,366,1.0,False,1.4254235740218568,olivine,0.9527957096559925,-0.47262786436586435,True
olivine,hand,t0433,219,32,1.0,False,1.1142100868223885,hcp,0.6415964367141438,-0.47261365010824474,True
olivine,reassigned,t1322,1143820535,21,1.0,False,6.824675790793874,hcp,6.3527966980935044,-0.47187909270036954,True
hcp,hand,t0436,141,150,1.0,False,2.7862439978532336,olivine,2.3163633485286272,-0.4698806493246064,True
plagioclase,hand,t0364,253,22,1.0,False,1.5690074119981585,olivine,1.1011359929009594,-0.4678714190971991,True
olivine,confirmed,t1322,800323776,63568,1.0,False,1.7218601639873394,plagioclase,1.2550493762184074,-0.46681078776893203,True
olivine,hand,t0433,9,1781,1.0,False,1.9142094963468375,hcp,1.4481073749805216,-0.4661021213663159,True
plagioclase,hand,t0576,28,74552,1.0,False,2.684024718313935,lcp,2.2193956062355538,-0.4646291120783812,True
hcp,hand,t0359,23,189,1.0,False,3.228814142446707,lcp,2.764527752169968,-0.46428639027673935,True
plagioclase,hand,t0434,106,96,1.0,False,1.457664137378071,hcp,0.9944110814758127,-0.4632530559022583,True
hcp,hand,t0436,25,54,1.0,False,1.1028306029474442,olivine,0.6410715792811278,-0.4617590236663164,True
olivine,hand,t0433,116,95,1.0,False,1.339626382749969,hcp,0.8778859592064691,-0.4617404235435,True
plagioclase,hand,t0435,421,80,1.0,False,1.5666798722027997,olivine,1.1056251938065138,-0.4610546783962859,True
olivine,hand,t0504,114,328,1.0,False,1.2923535509290625,hcp,0.8317864584138754,-0.460567092515187,True
plagioclase,hand,t0436,167,77,1.0,False,1.6500804753566474,olivine,1.1903279615119455,-0.45975251384470184,True
lcp,hand,t0599,164,681,1.0,False,1.3260318615649915,plagioclase,0.8663392765355157,-0.45969258502947585,True
olivine,hand,t0290,36,295,1.0,False,1.4416254799195956,hcp,0.9831522808982567,-0.4584731990213389,True
lcp,hand,t0435,35,178,1.0,False,1.4821327074308432,plagioclase,1.0255491921477846,-0.4565835152830586,True
plagioclase,hand,t0363,32,158,1.0,False,2.302795249507738,olivine,1.8465464110214724,-0.45624883848626574,True
hcp,hand,t0431,17,945,1.0,False,2.2492295758918046,lcp,1.7939039895264561,-0.4553255863653485,True
hcp,hand,t0436,65,252,1.0,False,2.1506559177244626,olivine,1.6957576933483394,-0.45489822437612326,True
lcp,hand,t0506,12,751,1.0,False,2.0857717438044254,plagioclase,1.6320860178960566,-0.45368572590836886,True
hcp,hand,t0644,15,189,1.0,False,3.306491731751157,lcp,2.853591675214559,-0.4529000565365977,True
olivine,hand,t0434,192,184,1.0,False,9.214286816105783,hcp,8.76144608256103,-0.45284073354475396,True
hcp,hand,t0433,379,287,1.0,False,2.3958145709242324,olivine,1.9445568040064425,-0.45125776691778996,True
lcp,hand,t0528,121,73,1.0,False,1.4315181176433283,plagioclase,0.9802787304086112,-0.451239387234717,True
hcp,hand,t0435,349,47,1.0,False,2.283628333856675,olivine,1.8325306734858,-0.45109766037087495,True
olivine,hand,t0364,87,28,1.0,False,1.3413262632234075,hcp,0.8946588449855982,-0.4466674182378093,True
hcp,hand,t0364,143,1583,1.0,False,2.0732019356530986,olivine,1.6272144584889174,-0.4459874771641812,True
hcp,hand,t0435,12,186,1.0,False,1.0831772557525907,olivine,0.6398497119491812,-0.44332754380340955,True
plagioclase,hand,t0293,41,26,1.0,False,1.8709538248760664,hcp,1.4287023812598467,-0.4422514436162197,True
olivine,hand,t0504,104,2830,1.0,False,1.402043340139587,hcp,0.9610841267565938,-0.44095921338299326,True
plagioclase,hand,t0508,16,26,1.0,False,1.900386899717139,olivine,1.4596129089464398,-0.4407739907706991,True
hcp,hand,t0365,26,55,1.0,False,1.1596371204423348,plagioclase,0.7193069150382582,-0.44033020540407664,True
olivine,hand,t0434,222,101,1.0,False,0.99963362998428,hcp,0.5597192205941008,-0.4399144093901791,True
hcp,hand,t0290,42,5230,1.0,False,1.8706549243129997,lcp,1.4316570815039986,-0.4389978428090011,True
hcp,hand,t0364,177,311,1.0,False,1.0555708345969432,plagioclase,0.6171676069416698,-0.4384032276552734,True
hcp,hand,t0433,357,97,1.0,False,1.713121635520693,olivine,1.2747473077217002,-0.4383743277989929,True
olivine,hand,t0503,12,25,1.0,False,2.876923809499186,plagioclase,2.4393454386359634,-0.4375783708632226,True
hcp,hand,t0435,355,139,1.0,False,1.2942245842736557,olivine,0.8570509015074325,-0.43717368276622326,True
olivine,hand,t0504,102,9305,1.0,False,2.7101123170837087,plagioclase,2.273164435690376,-0.4369478813933325,True
hcp,hand,t0433,47,52,1.0,False,1.4518231034814915,olivine,1.0164252298621883,-0.43539787361930316,True
lcp,hand,t0436,44,66,1.0,False,1.8132227274326929,plagioclase,1.378447949143736,-0.43477477828895683,True
olivine,hand,t0503,8,179,1.0,False,2.353283003718286,hcp,1.9190401570161377,-0.4342428467021482,True
lcp,hand,t0363,22,1020,1.0,False,2.005957148868428,hcp,1.5719331379023371,-0.43402401096609067,True
lcp,hand,t0437,44,101,1.0,False,2.3889388598498127,hcp,1.9554355471309595,-0.43350331271885323,True
hcp,hand,t0183,0,141,1.0,False,1.7422283578495161,olivine,1.309415087597126,-0.43281327025239014,True
olivine,hand,t0434,156,155,1.0,False,1.704265568503798,hcp,1.27191707626245,-0.43234849224134786,True
plagioclase,hand,t0435,375,51,1.0,False,2.8656134198868224,hcp,2.4339450638394498,-0.43166835604737264,True
plagioclase,hand,t0527,953,54,1.0,False,1.446840508139912,lcp,1.0152783983109568,-0.43156210982895526,True
hcp,hand,t0599,8,442,1.0,False,1.6640455276484232,olivine,1.2325941529521405,-0.4314513746962827,True
hcp,hand,t0435,237,221,1.0,False,1.989840743552811,lcp,1.5590597971100961,-0.4307809464427148,True
olivine,hand,t0433,315,201,1.0,False,1.0455905217456485,hcp,0.6150068927943435,-0.430583628951305,True
hcp,hand,t0435,279,31,1.0,False,2.990630283665813,lcp,2.561879542709721,-0.428750740956092,True
plagioclase,hand,t0600,969,255,1.0,False,2.3020807097649616,olivine,1.8738288707911483,-0.42825183897381325,True
lcp,hand,t0635,193,28345,1.0,False,2.6644649683004347,plagioclase,2.2363850343374327,-0.4280799339630019,True
lcp,hand,t0673,75,497,1.0,False,1.2455810352018044,plagioclase,0.818429684151541,-0.42715135105026336,True
lcp,hand,t0437,18,37,1.0,False,1.806004384111398,hcp,1.3793669183505688,-0.42663746576082917,True
hcp,hand,t0365,42,260,1.0,False,1.4068328903826262,plagioclase,0.980304496413526,-0.42652839396910014,True
lcp,hand,t0364,70,39,1.0,False,1.799454713072345,hcp,1.374099204371823,-0.4253555087005221,True
hcp,hand,t0435,79,153,1.0,False,1.642347131089061,olivine,1.2189947623850839,-0.4233523687039771,True
hcp,hand,t0436,104,116,1.0,False,1.3320957013293828,olivine,0.9091301018793224,-0.4229655994500604,True
plagioclase,hand,t0599,972,174,1.0,False,1.914829939160103,olivine,1.4918746455060319,-0.42295529365407103,True
hcp,hand,t0364,237,78,1.0,False,1.7974809934861309,olivine,1.376119015075555,-0.421361978410576,True
plagioclase,hand,t0435,123,28,1.0,False,1.5850039206285356,hcp,1.1637575582541968,-0.42124636237433877,True
lcp,hand,t0530,74,536,1.0,False,1.8839102512769366,plagioclase,1.4654945669932635,-0.41841568428367304,True
lcp,hand,t0364,68,30,1.0,False,1.6351235042397594,plagioclase,1.2171315383152643,-0.41799196592449506,True
hcp,hand,t0433,130,35,1.0,False,1.4059896351369636,olivine,0.9880462888107329,-0.41794334632623076,True
plagioclase,hand,t0531,863,548,1.0,False,2.567582161675827,olivine,2.1502409023499784,-0.41734125932584876,True
plagioclase,hand,t0822,2,1097,1.0,False,1.850679088220963,lcp,1.4340982421919628,-0.41658084602900014,True
olivine,hand,t0435,203,1023,1.0,False,1.060768375953127,hcp,0.6443347631364567,-0.41643361281667035,True
lcp,hand,t0672,260,116,1.0,False,1.7897077998683364,plagioclase,1.3742295637282782,-0.4154782361400582,True
olivine,hand,t0433,259,44,1.0,False,1.8511117067130127,plagioclase,1.4366710431363254,-0.4144406635766873,True
olivine,confirmed,t1250,2664219426,224,1.0,False,3.5298732358175924,hcp,3.115734800280968,-0.41413843553662444,True
hcp,hand,t0364,249,294,1.0,False,1.4140609136123665,lcp,1.0012633929753108,-0.41279752063705577,True
hcp,hand,t0364,121,70,1.0,False,1.817626663689665,lcp,1.4056501999263686,-0.41197646376329633,True
plagioclase,hand,t0600,954,56,1.0,False,2.166059633571984,olivine,1.7545439584182576,-0.41151567515372633,True
olivine,confirmed,t1371,278581613,45,1.0,False,3.1073954830707704,hcp,2.6968189391337574,-0.41057654393701304,True
hcp,hand,t0433,5,41,1.0,False,2.910406387868628,plagioclase,2.499849989344514,-0.41055639852411385,True
plagioclase,hand,t0435,127,28,1.0,False,2.6086164449409543,olivine,2.1980730765860623,-0.410543368354892,True
plagioclase,hand,t0532,983,815,1.0,False,2.1270349969344475,olivine,1.7175915981979595,-0.40944339873648805,True
hcp,hand,t0433,103,26,1.0,False,1.9120239499287113,olivine,1.502783745785592,-0.40924020414311935,True
hcp,hand,t0433,100,163,1.0,False,1.7246888932945392,olivine,1.315735988771409,-0.40895290452313016,True
plagioclase,hand,t0506,18,55,1.0,False,1.0887574913036449,hcp,0.6799975392807789,-0.40875995202286597,True
lcp,hand,t0435,371,46,1.0,False,1.8175673614903765,plagioclase,1.409163754590309,-0.4084036069000674,True
lcp,hand,t0435,345,363,1.0,False,1.8757373163681108,hcp,1.4676889534486148,-0.408048362919496,True
olivine,hand,t0290,57,21,1.0,False,1.8163929310101372,plagioclase,1.408944098472976,-0.40744883253716124,True
plagioclase,hand,t0433,169,44,1.0,False,2.8485872763591202,hcp,2.4418000877925454,-0.4067871885665748,True
plagioclase,hand,t0435,183,24,1.0,False,1.3700692754424104,olivine,0.964213609460941,-0.4058556659814694,True
lcp,hand,t0602,51,63,1.0,False,1.2746774407039347,plagioclase,0.8697105720228973,-0.4049668686810375,True
hcp,hand,t0436,77,172,1.0,False,1.2819684028243215,olivine,0.877288571058021,-0.4046798317663004,True
hcp,hand,t0434,162,40,1.0,False,1.5053229432712747,olivine,1.10109018192185,-0.40423276134942476,True
hcp,hand,t0433,311,37,1.0,False,2.253983507895575,lcp,1.8506928438687835,-0.40329066402679126,True
hcp,hand,t0436,147,214,1.0,False,0.9252522512618115,olivine,0.522723604001542,-0.4025286472602695,True
plagioclase,hand,t0434,6,180,1.0,False,1.4583131419691269,hcp,1.0562344012209421,-0.4020787407481847,True
olivine,hand,t0293,36,1822,1.0,False,3.2717013961354104,hcp,2.869665928418799,-0.40203546771661136,True
plagioclase,hand,t0435,147,170,1.0,False,1.3706874397454978,olivine,0.9691954462986048,-0.401491993446893,True
plagioclase,hand,t0530,777,22,1.0,False,2.7323817077918062,olivine,2.332109061607484,-0.40027264618432223,True
hcp,hand,t0236,82,48,1.0,False,1.8262237843041005,olivine,1.4259944894831784,-0.40022929482092207,True
plagioclase,hand,t0530,920,1132,1.0,False,1.75564588431212,lcp,1.358166288386723,-0.39747959592539717,True
lcp,hand,t0527,147,520,1.0,False,1.5978744731605719,plagioclase,1.203315918117498,-0.3945585550430739,True
hcp,hand,t0236,10,121,1.0,False,1.6044385556496865,lcp,1.2109149897720848,-0.39352356587760173,True
lcp,hand,t0435,315,188,1.0,False,1.5086650674455797,hcp,1.1161892387290402,-0.3924758287165395,True
plagioclase,hand,t0506,74,86,1.0,False,1.5284070300567927,lcp,1.1362123460605016,-0.3921946839962911,True
plagioclase,hand,t0434,214,59,1.0,False,1.558697997444757,hcp,1.1665331961047942,-0.3921648013399628,True
olivine,hand,t0236,61,305,1.0,False,1.4303289557963557,plagioclase,1.0387177392585236,-0.39161121653783204,True
plagioclase,hand,t0598,929,52,1.0,False,1.1904820099016844,lcp,0.8002042577535423,-0.3902777521481421,True
plagioclase,hand,t0529,798,165,1.0,False,1.3120779375175062,lcp,0.9225758518413562,-0.3895020856761501,True
olivine,hand,t0503,21,271,1.0,False,2.6987835430056375,hcp,2.3096642706921555,-0.389119272313482,True
hcp,hand,t0436,59,2172,1.0,False,1.0508848269544286,olivine,0.6619311970938339,-0.3889536298605948,True
olivine,hand,t0508,32,112,1.0,False,0.9963356233914944,plagioclase,0.6075992883960819,-0.3887363349954125,True
hcp,hand,t0433,113,58,1.0,False,2.9735231483536397,olivine,2.5857079893811212,-0.3878151589725185,True
olivine,hand,t0504,14,9,1.0,True,1.1208656220266258,hcp,0.7337753647129184,-0.3870902573137074,True
hcp,hand,t0435,173,202,1.0,False,1.1585951965397776,olivine,0.7731881081628157,-0.3854070883769619,True
hcp,hand,t0433,10,1375,1.0,False,1.3758325195713712,olivine,0.9917134192493481,-0.3841191003220231,True
olivine,confirmed,t1250,353880580,488,0.75,False,2.683404465661514,hcp,2.299688045201744,-0.3837164204597703,True
hcp,hand,t0433,24,61,1.0,False,1.558438136169404,olivine,1.1752932974881851,-0.38314483868121885,True
hcp,hand,t0433,105,35,1.0,False,1.9227362281777773,olivine,1.539873132363868,-0.3828630958139094,True
lcp,hand,t0600,278,81,1.0,False,1.406221996333651,plagioclase,1.0235225459301935,-0.38269945040345754,True
olivine,confirmed,t1250,139834278,8,0.75,True,7.301345616230648,hcp,6.92079174181366,-0.3805538744169885,True
olivine,hand,t0432,35,59,1.0,False,1.9076308657107819,plagioclase,1.5273240686974052,-0.38030679701337666,True
hcp,hand,t0434,200,98,1.0,False,1.6540414956300284,lcp,1.2740539094225898,-0.37998758620743867,True
plagioclase,hand,t0599,960,72,1.0,False,1.6794876296645165,olivine,1.3001063147406509,-0.3793813149238656,True
hcp,hand,t0436,23,49,1.0,False,1.5952669825972625,lcp,1.2163555248307443,-0.37891145776651824,True
olivine,hand,t0433,8,84,1.0,False,2.0076851964430564,hcp,1.6292371830810528,-0.3784480133620036,True
olivine,hand,t0435,117,19,1.0,False,1.214486357445234,hcp,0.8361797882332783,-0.3783065692119557,True
hcp,hand,t0433,112,329,1.0,False,2.0563927978723258,olivine,1.6794690964836694,-0.3769237013886564,True
hcp,hand,t0435,303,174,1.0,False,1.0941319584901705,olivine,0.7178026839393791,-0.37632927455079146,True
alteration,tag,t1090,1154086935,398,1.0,False,2.064957400318931,olivine,1.6923575727075002,-0.37259982761143084,True
hcp,hand,t0436,26,136,1.0,False,1.2729284939146195,olivine,0.901181621735153,-0.37174687217946645,True
hcp,hand,t0364,183,208,1.0,False,1.1099437622382735,olivine,0.7397503250406193,-0.3701934371976542,True
olivine,hand,t0364,37,29,1.0,False,0.9732256391592643,plagioclase,0.6034299898258463,-0.369795649333418,True
olivine,hand,t0435,41,231,1.0,False,1.3970744004446731,plagioclase,1.0283946718214663,-0.36867972862320686,True
hcp,hand,t0432,36,40,1.0,False,1.5643067835786566,plagioclase,1.1957268473529437,-0.36857993622571295,True
hcp,hand,t0364,215,152,1.0,False,1.3724648300449425,lcp,1.0042484595694765,-0.36821637047546596,True
olivine,hand,t0504,122,110,1.0,False,4.698861764775825,hcp,4.334146722451252,-0.36471504232457264,True
plagioclase,hand,t0436,128,241,1.0,False,2.557478643714728,lcp,2.194730306989736,-0.36274833672499174,True
olivine,confirmed,t1322,4241498882,11653,1.0,False,1.9679515740862528,hcp,1.6060671307191514,-0.36188444336710135,True
plagioclase,hand,t0435,103,50,1.0,False,1.5043355878374152,olivine,1.1444894094343743,-0.3598461784030409,True
hcp,hand,t0433,31,1004,1.0,False,1.0539000082204713,olivine,0.6945578238610457,-0.35934218435942555,True
hcp,hand,t0435,63,81,1.0,False,3.220557347225551,lcp,2.8614658201739553,-0.3590915270515955,True
hcp,hand,t0433,383,49,1.0,False,1.4419633939419259,olivine,1.0846243575251602,-0.3573390364167657,True
plagioclase,hand,t0577,6,291,1.0,False,1.843407542079217,lcp,1.4868478939904861,-0.356559648088731,True
hcp,hand,t0435,185,29,1.0,False,0.974501600575092,olivine,0.6182307353767986,-0.35627086519829343,True
hcp,hand,t0435,39,330,1.0,False,1.3948220033188725,plagioclase,1.0385863250205984,-0.35623567829827407,True
lcp,hand,t0600,161,47,1.0,False,1.5470610753460758,plagioclase,1.1929517139606556,-0.35410936138542026,True
olivine,hand,t0503,0,10509,1.0,False,1.9712823780682762,hcp,1.6182204779545817,-0.35306190011369454,True
olivine,hand,t0504,22,38,1.0,False,0.9949042892174407,plagioclase,0.6454602846684994,-0.3494440045489413,True
hcp,hand,t0436,70,3319,1.0,False,1.5342798490492726,olivine,1.1861891847303438,-0.34809066431892877,True
hcp,hand,t0435,55,44,1.0,False,1.1028144120910277,olivine,0.7548673724623283,-0.34794703962869944,True
plagioclase,hand,t0525,772,193,1.0,False,1.1886164779233885,lcp,0.8415531345831864,-0.34706334334020217,True
hcp,hand,t0359,24,688,1.0,False,1.7451772751202923,lcp,1.3985211814746035,-0.34665609364568883,True
olivine,hand,t0503,31,659,1.0,False,2.795526272227853,plagioclase,2.449463272703928,-0.34606299952392483,True
olivine,confirmed,t1035,1595208523,6064,1.0,False,2.0717200585750426,hcp,1.727012201881548,-0.3447078566934947,True
olivine,hand,t0435,107,58,1.0,False,1.4500299227318714,hcp,1.1054313664950624,-0.344598556236809,True
hcp,hand,t0365,44,234,1.0,False,1.4285991408111065,plagioclase,1.0843520983044492,-0.3442470425066573,True
hcp,hand,t0436,157,92,1.0,False,2.4081176451240474,olivine,2.0650265077835344,-0.343091137340513,True
hcp,hand,t0433,163,42,1.0,False,0.9766857083728232,olivine,0.6339921363495669,-0.34269357202325634,True
hcp,hand,t0682,12,926,1.0,False,2.151695655325109,lcp,1.8097711107394594,-0.3419245445856496,True
plagioclase,hand,t0600,922,57,1.0,False,2.167480164226333,olivine,1.8261201418332347,-0.34136002239309815,True
olivine,hand,t0506,10,69,1.0,False,3.4263800719192137,hcp,3.0852846947456363,-0.3410953771735774,True
hcp,hand,t0433,409,588,1.0,False,1.537060191951274,olivine,1.1971997300884671,-0.33986046186280694,True
lcp,hand,t0436,86,54,1.0,False,1.920685692209741,plagioclase,1.5816625093757826,-0.3390231828339585,True
lcp,hand,t0364,14,242,1.0,False,1.4501326056290047,plagioclase,1.112341169509813,-0.3377914361191916,True
plagioclase,hand,t0435,0,1100,1.0,False,1.5591568590224238,olivine,1.2215871844508988,-0.3375696745715251,True
hcp,hand,t0364,235,252,1.0,False,1.4523285368616636,lcp,1.1156219426804688,-0.33670659418119486,True
hcp,hand,t0433,38,21,1.0,False,1.4835493499997858,olivine,1.1470051900889406,-0.3365441599108452,True
plagioclase,hand,t0600,769,111,1.0,False,2.192046873659607,olivine,1.8562603289562396,-0.3357865447033672,True
hcp,hand,t0433,7,781,1.0,False,2.1285740751779034,olivine,1.7928754180714432,-0.3356986571064602,True
plagioclase,hand,t0433,78,51,1.0,False,1.548888059525383,olivine,1.214550346131352,-0.33433771339403107,True
plagioclase,hand,t0435,129,44,1.0,False,2.0244656535652066,olivine,1.690303311716127,-0.33416234184907956,True
hcp,hand,t0435,263,136,1.0,False,1.0993957250590585,olivine,0.7680572702179121,-0.3313384548411463,True
plagioclase,hand,t0600,896,136,1.0,False,2.146160908696176,olivine,1.8160520593166247,-0.33010884937955143,True
hcp,hand,t0645,4,338,1.0,False,1.9107538431548965,plagioclase,1.581135998970154,-0.3296178441847424,True
hcp,hand,t0240,18,32,1.0,False,1.3552877330857143,olivine,1.0263322176416514,-0.3289555154440629,True
plagioclase,hand,t0435,273,46,1.0,False,1.1423381361332656,hcp,0.8135063754067645,-0.3288317607265011,True
lcp,hand,t0600,178,74,1.0,False,1.4494234351644828,plagioclase,1.120660022665402,-0.3287634124990808,True
hcp,hand,t0433,40,51,1.0,False,2.3024596640574764,olivine,1.9762213756443634,-0.326238288413113,True
olivine,hand,t0364,261,81,1.0,False,0.9760422071470605,plagioclase,0.649913806304563,-0.3261284008424975,True
hcp,hand,t0433,277,80,1.0,False,3.4060979326694105,lcp,3.083877430674847,-0.3222205019945634,True
hcp,hand,t0364,197,164,1.0,False,1.476227016996158,olivine,1.1540522167322016,-0.3221748002639564,True
hcp,confirmed,t1088,600073306,24,1.0,False,2.805009497227693,lcp,2.4834720672633113,-0.3215374299643816,True
plagioclase,hand,t0525,979,55,1.0,False,1.2010984148946118,lcp,0.8796025491468279,-0.3214958657477839,True
hcp,hand,t0436,7,75,1.0,False,1.8825120952614829,olivine,1.561625828104491,-0.32088626715699187,True
olivine,hand,t0504,88,80,1.0,False,1.2603798934376003,hcp,0.9416790382115031,-0.31870085522609715,True
olivine,confirmed,t1322,1227782469,62,1.0,False,2.6833484467583397,hcp,2.365114185708199,-0.3182342610501405,True
plagioclase,hand,t0506,2,22,1.0,False,1.3035042443029115,olivine,0.9852714779929906,-0.3182327663099208,True
plagioclase,hand,t0576,26,61,1.0,False,2.216833406344357,lcp,1.899651811112906,-0.3171815952314512,True
plagioclase,hand,t0432,91,46,1.0,False,1.0474208948290133,olivine,0.7308297396711887,-0.31659115515782466,True
olivine,hand,t0237,21,215,1.0,False,1.7974325252623122,plagioclase,1.4810303323582064,-0.3164021929041059,True
hcp,hand,t0433,115,130,1.0,False,1.4501211966059628,olivine,1.1341520122373578,-0.315969184368605,True
hcp,hand,t0433,133,36,1.0,False,1.794044794854913,lcp,1.4785700048564066,-0.3154747899985064,True
hcp,hand,t0434,174,673,1.0,False,0.8913008607550384,olivine,0.5758924721298377,-0.3154083886252007,True
hcp,hand,t0435,293,103,1.0,False,1.3143908819728822,olivine,1.0001876347615035,-0.3142032472113787,True
lcp,hand,t0433,367,39,1.0,False,1.7141988461577629,plagioclase,1.4007223804517792,-0.31347646570598364,True
plagioclase,hand,t0435,452,34,1.0,False,1.255559078332739,olivine,0.9425185433694775,-0.31304053496326156,True
plagioclase,hand,t0601,941,649,1.0,False,1.5085659794078548,lcp,1.1975171823809563,-0.31104879702689847,True
hcp,hand,t0436,43,40,1.0,False,1.0316059545402156,olivine,0.7222627692822478,-0.3093431852579679,True
lcp,hand,t0436,107,82,1.0,False,1.3703915514281086,plagioclase,1.061124474886756,-0.30926707654135255,True
hcp,hand,t0294,15,465,1.0,False,1.0263280598675824,plagioclase,0.7171473709743901,-0.3091806888931923,True
plagioclase,hand,t0525,774,144,1.0,False,1.2114492969560782,lcp,0.9037788682899899,-0.3076704286660883,True
olivine,hand,t0433,265,13,1.0,False,1.2068127321751498,hcp,0.9008981098379779,-0.3059146223371719,True
hcp,hand,t0433,245,21,1.0,False,1.6086710269687494,olivine,1.3033741427683405,-0.3052968842004089,True
plagioclase,hand,t0435,125,48,1.0,False,1.7557141946797004,hcp,1.4507838516040747,-0.3049303430756256,True
olivine,hand,t0361,3,228,1.0,False,1.696352667847565,plagioclase,1.3928335580989721,-0.303519109748593,True
hcp,hand,t0435,335,812,1.0,False,1.2817844324069778,olivine,0.9800177843664878,-0.30176664804049,True
plagioclase,hand,t0531,974,146,1.0,False,1.9326981589144216,olivine,1.6310011810774068,-0.3016969778370149,True
hcp,hand,t0433,411,374,1.0,False,1.442321587355949,olivine,1.14210880295631,-0.30021278439963894,True
olivine,hand,t0236,25,118,1.0,False,0.9481840618922163,plagioclase,0.6481372786336382,-0.30004678325857803,True
lcp,hand,t0435,157,226,1.0,False,1.5100385290929241,plagioclase,1.2124057762505553,-0.2976327528423688,True
plagioclase,hand,t0531,895,199,1.0,False,1.301140458482533,lcp,1.0046738017755823,-0.2964666567069507,True
plagioclase,hand,t0601,795,86,1.0,False,1.7884620071313737,olivine,1.492164150738436,-0.2962978563929377,True
hcp,hand,t0436,48,37,1.0,False,1.1026286362247892,olivine,0.8063575484651903,-0.296271087759599,True
hcp,hand,t0433,27,72,1.0,False,2.285685062806665,olivine,1.9894552977192324,-0.2962297650874328,True
hcp,hand,t0240,99,1032,1.0,False,1.2146960403689602,olivine,0.9186658674088748,-0.2960301729600854,True
plagioclase,hand,t0505,86,15,1.0,False,1.411438576839435,hcp,1.1155855613976449,-0.2958530154417902,True
olivine,hand,t0434,80,17,1.0,False,1.1328323759315149,plagioclase,0.8383631039255675,-0.2944692720059474,True
olivine,hand,t0431,2,53,1.0,False,1.2563624205931105,plagioclase,0.9647317540497323,-0.2916306665433782,True
hcp,hand,t0433,28,575,1.0,False,1.418056408203243,olivine,1.1285376863227172,-0.28951872188052574,True
plagioclase,hand,t0601,767,953,1.0,False,1.4346642284089228,olivine,1.1452167842104353,-0.28944744419848756,True
olivine,hand,t0290,20,341,1.0,False,1.1207027236938176,plagioclase,0.8313056550531265,-0.28939706864069115,True
plagioclase,hand,t0525,1013,484,1.0,False,1.5835826166699571,lcp,1.2944141305679544,-0.28916848610200274,True
lcp,hand,t0436,103,28,1.0,False,1.3605834063980586,plagioclase,1.0717196629286514,-0.28886374346940724,True
olivine,confirmed,t1250,1212412002,31023,1.0,False,2.5118439252574576,hcp,2.224721091074622,-0.2871228341828358,True
plagioclase,hand,t0506,48,52,1.0,False,1.6013385193288374,lcp,1.316257528155254,-0.28508099117358343,True
hcp,hand,t0240,57,148,1.0,False,1.2065688095739353,plagioclase,0.922544932591843,-0.2840238769820923,True
hcp,hand,t0436,149,41,1.0,False,1.2261552828294284,olivine,0.9433092303477087,-0.2828460524817197,True
lcp,hand,t0364,63,688,1.0,False,1.63417531796417,plagioclase,1.3520550520305405,-0.2821202659336295,True
hcp,hand,t0528,13,41,1.0,False,0.8332786001582559,olivine,0.5521264224347396,-0.2811521777235163,True
olivine,hand,t0434,224,178,1.0,False,0.871176378696285,hcp,0.590312986960233,-0.2808633917360519,True
hcp,hand,t0364,156,14,1.0,False,1.1580490884679384,olivine,0.8777385106624317,-0.2803105778055067,True
olivine,hand,t0433,247,139,1.0,False,4.165758475372706,lcp,3.8870410604478733,-0.2787174149248326,True
olivine,confirmed,t1322,3749671619,4669,1.0,False,3.153222082015796,hcp,2.875505609206761,-0.2777164728090349,True
plagioclase,hand,t0432,83,146,1.0,False,1.3697533212146624,lcp,1.0922111766568852,-0.27754214455777726,True
hcp,hand,t0236,4,72,1.0,False,1.2045922329233811,plagioclase,0.9272981076642896,-0.2772941252590916,True
hcp,hand,t0436,124,207,1.0,False,0.8992313624650561,olivine,0.622083547018203,-0.2771478154468531,True
olivine,confirmed,t1371,1128582710,2091,1.0,False,2.2461398465322864,hcp,1.9691392183538532,-0.2770006281784332,True
olivine,hand,t0434,32,27,1.0,False,0.8656293562227291,hcp,0.5889691898500702,-0.2766601663726589,True
plagioclase,hand,t0600,850,60,1.0,False,1.6451035542688544,olivine,1.3704166167101772,-0.2746869375586771,True
hcp,hand,t0290,90,181,1.0,False,1.2568521617078379,plagioclase,0.9825131694627575,-0.2743389922450804,True
plagioclase,hand,t0526,951,1001,1.0,False,1.8026907883279448,lcp,1.52974085819753,-0.2729499301304148,True
plagioclase,hand,t0599,887,28,1.0,False,2.0631233250972776,olivine,1.7902530066888047,-0.27287031840847287,True
olivine,hand,t0359,17,927,1.0,False,0.912474582427022,hcp,0.6420589816618119,-0.2704156007652101,True
hcp,hand,t0435,319,60,1.0,False,1.7017001547134925,olivine,1.4325863977667699,-0.26911375694672257,True
olivine,hand,t0435,460,8,1.0,True,1.092488378553201,hcp,0.8239148484686017,-0.26857353008459917,True
hcp,hand,t0433,33,39,1.0,False,1.5878582693746108,lcp,1.3212377828922892,-0.2666204864823216,True
lcp,hand,t0364,6,205,1.0,False,1.2846154947985529,plagioclase,1.0191519566200504,-0.26546353817850243,True
hcp,hand,t0435,435,71,1.0,False,1.0760228659126865,olivine,0.8108140524394721,-0.26520881347321434,True
plagioclase,hand,t0598,821,63,1.0,False,3.701737422138764,olivine,3.4367107300023116,-0.26502669213645236,True
plagioclase,hand,t0434,22,34,1.0,False,1.0549717430863754,hcp,0.7908958329403034,-0.264075910146072,True
hcp,hand,t0506,6,232,1.0,False,1.3731889847027758,olivine,1.1091490673708155,-0.2640399173319603,True
olivine,hand,t0434,132,164,1.0,False,0.8201450501030326,hcp,0.5565634275346358,-0.2635816225683968,True
plagioclase,hand,t0671,813,63,1.0,False,1.3526885232458201,lcp,1.0902622271291211,-0.262426296116699,True
hcp,hand,t0433,349,33,1.0,False,2.8358662524213734,olivine,2.5738064682679695,-0.2620597841534038,True
olivine,hand,t0436,88,34,1.0,False,1.4983708062359493,hcp,1.2365541613275615,-0.26181664490838785,True
plagioclase,hand,t0503,39,15,1.0,False,2.3492694359240205,lcp,2.0884752112404366,-0.26079422468358393,True
plagioclase,hand,t0525,840,215,1.0,False,1.328457525014689,lcp,1.0677140586545337,-0.26074346636015533,True
lcp,hand,t0364,64,892,1.0,False,1.4452676258886525,plagioclase,1.1845330466575716,-0.2607345792310809,True
plagioclase,hand,t0597,785,1039,1.0,False,1.589224784535016,hcp,1.3285179091920214,-0.26070687534299464,True
plagioclase,hand,t0433,167,76,1.0,False,1.3662165643853965,lcp,1.1064417966044353,-0.2597747677809612,True
lcp,hand,t0672,78,80,1.0,False,1.4161942703639092,plagioclase,1.1586288199580455,-0.25756545040586376,True
plagioclase,hand,t0504,32,214,1.0,False,1.9824018113645994,lcp,1.7251266828290872,-0.25727512853551215,True
hcp,hand,t0433,43,37,1.0,False,2.172080833413873,olivine,1.9153482951138416,-0.2567325383000312,True
olivine,hand,t0364,86,151,1.0,False,1.9295835583618142,hcp,1.6735416634508982,-0.256041894910916,True
hcp,hand,t0433,114,169,1.0,False,2.5183941588349326,olivine,2.263320571453659,-0.2550735873812737,True
olivine,hand,t0434,92,215,1.0,False,0.6719941208592379,hcp,0.418472057409219,-0.25352206345001893,True
hcp,hand,t0436,68,399,1.0,False,1.580307427092137,olivine,1.3269221681160164,-0.2533852589761205,True
hcp,hand,t0435,57,79,1.0,False,1.2294481084253943,olivine,0.9761677700558422,-0.2532803383695521,True
plagioclase,hand,t0433,393,15,1.0,False,1.5660009871411416,hcp,1.3153673183129821,-0.2506336688281594,True
plagioclase,hand,t0601,897,4225,1.0,False,1.5222842342481764,olivine,1.2722155146119918,-0.2500687196361846,True
plagioclase,hand,t0531,914,335,1.0,False,1.8796374999182126,olivine,1.6302340876753425,-0.2494034122428701,True
hcp,hand,t0645,10,361,1.0,False,1.4861048883241716,plagioclase,1.2368960511011742,-0.24920883722299747,True
olivine,hand,t0506,52,17,1.0,False,0.9606048941503835,hcp,0.7118470558305854,-0.24875783831979814,True
lcp,hand,t0638,299,4718,1.0,False,1.8655925238940811,plagioclase,1.6172342525921415,-0.24835827130193966,True
lcp,hand,t0505,78,46,1.0,False,1.5733461399950577,plagioclase,1.3254661756588646,-0.24787996433619308,True
hcp,hand,t0435,229,1020,1.0,False,1.4026302393000292,olivine,1.1553200584971939,-0.2473101808028353,True
hcp,hand,t0435,323,11,1.0,False,1.9644522129797815,olivine,1.7175543282745844,-0.24689788470519702,True
plagioclase,hand,t0505,90,15,1.0,False,1.2459998537411563,hcp,0.9997502840812226,-0.24624956965993372,True
hcp,hand,t0433,407,113,1.0,False,1.5783223423864579,olivine,1.3324825567873528,-0.24583978559910502,True
lcp,hand,t0437,12,70,1.0,False,1.3013622219496441,plagioclase,1.0556000192438633,-0.24576220270578086,True
olivine,confirmed,t1250,2283358656,127342,1.0,False,1.1373937926142792,hcp,0.8926524027523665,-0.24474138986191274,True
olivine,hand,t0290,19,235,1.0,False,1.043725731719527,plagioclase,0.7995589537867144,-0.2441667779328126,True
olivine,hand,t0432,67,15,1.0,False,1.1565184445601449,hcp,0.9123535290571863,-0.2441649155029586,True
hcp,hand,t0290,61,15,1.0,False,1.6180826815536895,olivine,1.3751745630278247,-0.2429081185258648,True
lcp,hand,t0364,164,958,1.0,False,1.071284770927555,plagioclase,0.8286369171533048,-0.24264785377425024,True
olivine,confirmed,t1250,2836561944,45172,1.0,False,2.4550571302701623,hcp,2.2126153243036266,-0.24244180596653564,True
hcp,hand,t0364,106,30,1.0,False,1.5792652752916896,olivine,1.338440187881547,-0.24082508741014252,True
plagioclase,hand,t0432,81,32,1.0,False,1.2987126343638424,hcp,1.0582312990661882,-0.24048133529765425,True
olivine,hand,t0240,16,157,1.0,False,1.242669979759965,plagioclase,1.0023150917126984,-0.24035488804726657,True
lcp,hand,t0433,92,114,1.0,False,2.097838024099335,hcp,1.8574862597710502,-0.24035176432828464,True
lcp,hand,t0437,0,1075,1.0,False,1.5341758751359869,plagioclase,1.2956735354270483,-0.23850233970893853,True
plagioclase,hand,t0529,967,552,1.0,False,1.294308210442587,lcp,1.0558107835776085,-0.23849742686497843,True
lcp,hand,t0437,48,59,1.0,False,1.9475590666531908,hcp,1.7103610816359118,-0.23719798501727896,True
hcp,hand,t0433,122,41,1.0,False,1.0933187548864427,olivine,0.8561259908272136,-0.23719276405922907,True
olivine,confirmed,t1250,3382111834,8863,1.0,False,2.3346431138609263,hcp,2.0976209291296337,-0.23702218473129255,True
hcp,hand,t0359,16,947,1.0,False,0.9539754625881394,olivine,0.7177782359296292,-0.23619722665851017,True
lcp,hand,t0579,41,73,1.0,False,2.135280442116307,hcp,1.9007655319759085,-0.2345149101403985,True
olivine,hand,t0435,187,105,1.0,False,0.9903413895564092,plagioclase,0.7573195897402853,-0.2330217998161238,True
lcp,hand,t0365,52,42,1.0,False,1.5953398672032424,hcp,1.3625085967179769,-0.23283127048526553,True
lcp,hand,t0527,24,665,1.0,False,1.6643139123204749,plagioclase,1.4317697612809355,-0.2325441510395394,True
olivine,hand,t0431,27,4516,1.0,False,1.7871967893771332,hcp,1.5551516695719645,-0.23204511980516873,True
plagioclase,hand,t0363,30,32,1.0,False,1.8324838203052058,olivine,1.6005425958871102,-0.23194122441809562,True
olivine,hand,t0434,206,99,1.0,False,8.951778575478485,hcp,8.719938577096343,-0.2318399983821422,True
plagioclase,hand,t0599,796,54,1.0,False,1.8084347716019022,olivine,1.5769093321882148,-0.23152543941368742,True
olivine,confirmed,t1250,2595582845,5050,1.0,False,2.5780200651367267,hcp,2.3470693911739873,-0.23095067396273938,True
olivine,confirmed,t1322,2346954946,41198,1.0,False,1.5576398455658846,plagioclase,1.3278140997614445,-0.22982574580444015,True
plagioclase,hand,t0531,1010,314,1.0,False,1.9652162305070293,olivine,1.7366701729341008,-0.22854605757292856,True
olivine,hand,t0505,16,139,1.0,False,1.5938631910837247,hcp,1.3690290702622026,-0.2248341208215221,True
olivine,hand,t0576,4,350,1.0,False,2.033444098381286,hcp,1.8086535601773657,-0.22479053820392036,True
olivine,hand,t0432,49,70,1.0,False,1.7795976650479255,hcp,1.5549021761176007,-0.22469548893032476,True
lcp,hand,t0436,106,55,1.0,False,1.2152161439401414,plagioclase,0.9908390947366335,-0.22437704920350798,True
hcp,hand,t0364,111,351,1.0,False,0.8379917012138841,olivine,0.6146047122809298,-0.22338698893295428,True
lcp,hand,t0437,20,59,1.0,False,1.2845944128155673,plagioclase,1.0616138513563023,-0.22298056145926504,True
plagioclase,hand,t0240,85,31,1.0,False,1.4182023311847398,olivine,1.1961358324567708,-0.22206649872796902,True
lcp,hand,t0505,46,100,1.0,False,2.300239710706053,hcp,2.079064156710538,-0.22117555399551492,True
lcp,hand,t0436,99,416,1.0,False,1.501428098667268,plagioclase,1.2805995126882006,-0.2208285859790673,True
lcp,hand,t0437,46,216,1.0,False,1.5961968995027238,hcp,1.3758136275237414,-0.22038327197898244,True
plagioclase,hand,t0432,65,39,1.0,False,1.7435058955996707,hcp,1.5244036562828518,-0.21910223931681894,True
hcp,hand,t0435,2,175,1.0,False,0.7750129137291266,plagioclase,0.5567130212346466,-0.21829989249448,True
hcp,hand,t0363,4,219,1.0,False,0.8630088101023925,plagioclase,0.6447179413492373,-0.21829086875315518,True
olivine,hand,t0433,14,314,1.0,False,1.066199992249589,hcp,0.8480844456881639,-0.21811554656142518,True
hcp,hand,t0364,166,5997,1.0,False,1.1952394702684026,plagioclase,0.9772132879794622,-0.21802618228894044,True
hcp,hand,t0435,213,726,1.0,False,1.1248655624699513,olivine,0.9071685233907756,-0.2176970390791757,True
lcp,hand,t0437,22,130,1.0,False,1.3196323107109704,plagioclase,1.101969673834009,-0.2176626368769614,True
lcp,hand,t0531,300,155,1.0,False,1.4499148032253153,plagioclase,1.2323069177292896,-0.21760788549602572,True
olivine,hand,t0433,271,53,1.0,False,1.0577366301794597,hcp,0.8404482117648296,-0.2172884184146301,True
plagioclase,hand,t0601,917,325,1.0,False,2.0803082787320717,olivine,1.8630217770541104,-0.21728650167796126,True
lcp,hand,t0364,75,79,1.0,False,1.3679056522435784,plagioclase,1.1512476481922016,-0.2166580040513768,True
plagioclase,hand,t0236,98,54,1.0,False,0.9923574645049446,hcp,0.7775316994669732,-0.21482576503797135,True
hcp,hand,t0365,24,425,1.0,False,1.0881324474303333,plagioclase,0.8751929208180835,-0.2129395266122498,True
lcp,hand,t0530,196,191,1.0,False,1.3215567102568253,plagioclase,1.1133707871903331,-0.2081859230664922,True
plagioclase,hand,t0290,34,23,1.0,False,1.5704459521717613,lcp,1.3627445806993796,-0.20770137147238166,True
olivine,hand,t0580,8,8,1.0,True,2.5295173135256688,hcp,2.32238714422594,-0.20713016929972872,True
olivine,hand,t0433,389,141,1.0,False,1.9730608132928307,hcp,1.765978288454487,-0.20708252483834366,True
olivine,reassigned,t1322,1469160168,6,1.0,True,3.754694677141944,hcp,3.549491521366437,-0.20520315577550718,True
olivine,hand,t0236,47,181,1.0,False,1.3368746423793565,plagioclase,1.1322754658940266,-0.20459917648532988,True
plagioclase,hand,t0600,936,176,1.0,False,2.127246976943953,olivine,1.9244130150504832,-0.20283396189346958,True
hcp,hand,t0434,108,20,1.0,False,1.887260961983291,plagioclase,1.6845265354790213,-0.20273442650426965,True
olivine,hand,t0184,14,123,1.0,False,2.024790175234054,plagioclase,1.8226655449610676,-0.20212463027298622,True
plagioclase,hand,t0525,1004,79,1.0,False,1.5214963377724275,lcp,1.3206946348206423,-0.20080170295178523,True
plagioclase,hand,t0525,1011,47,1.0,False,2.5968318293046146,olivine,2.396512037565034,-0.20031979173958048,True
hcp,hand,t0364,157,151,1.0,False,1.1465250217263494,olivine,0.9472537811043157,-0.19927124062203372,True
hcp,hand,t0436,51,79,1.0,False,0.8711667720358979,plagioclase,0.6761086540863728,-0.1950581179495251,True
hcp,hand,t0240,61,551,1.0,False,0.8804861957113016,plagioclase,0.6857453999502341,-0.1947407957610675,True
plagioclase,hand,t0435,149,56,1.0,False,1.0942420559807906,olivine,0.8998309383457074,-0.19441111763508323,True
olivine,hand,t0364,163,836,1.0,False,0.7123988480631883,hcp,0.5188875686067442,-0.19351127945644409,True
hcp,hand,t0364,233,113,1.0,False,1.441299503547344,lcp,1.2492049322948884,-0.19209457125245555,True
lcp,hand,t0506,56,208,1.0,False,1.5611583260875994,plagioclase,1.3700206616946444,-0.191137664392955,True
olivine,hand,t0294,33,444,1.0,False,0.983811236591978,plagioclase,0.7927800984499814,-0.19103113814199657,True
plagioclase,hand,t0505,82,266,1.0,False,1.1904939824401086,hcp,0.9998919442056504,-0.1906020382344582,True
hcp,hand,t0435,239,818,1.0,False,1.957368147647398,lcp,1.7685446761340498,-0.18882347151334833,True
hcp,hand,t0435,233,374,1.0,False,1.98965154265229,lcp,1.8014739126220234,-0.18817763003026666,True
hcp,hand,t0364,231,51,1.0,False,0.7979974641314094,plagioclase,0.6101879302437595,-0.18780953388764987,True
olivine,hand,t0505,80,1785,1.0,False,1.0083126288918343,hcp,0.8209042218545448,-0.18740840703728945,True
lcp,hand,t0364,81,130,1.0,False,1.0820606607088643,plagioclase,0.8947462268700902,-0.1873144338387741,True
plagioclase,hand,t0576,5,235,1.0,False,1.4373427847474305,olivine,1.2506413151349203,-0.18670146961251022,True
olivine,hand,t0432,31,6838,1.0,False,1.129694489566785,plagioclase,0.9436465849159534,-0.18604790465083165,True
olivine,hand,t0580,9,8,1.0,True,1.8591777877113957,hcp,1.6733450921759114,-0.18583269553548432,True
lcp,hand,t0600,219,805,1.0,False,2.25088375291749,plagioclase,2.0670475858568547,-0.18383616706063544,True
lcp,hand,t0436,115,93,1.0,False,1.6571752010610512,plagioclase,1.4735831478518702,-0.18359205320918104,True
lcp,hand,t0365,54,75,1.0,False,1.3559709085371956,plagioclase,1.1729205679696642,-0.18305034056753144,True
olivine,hand,t0237,44,135,1.0,False,1.9142523307374355,plagioclase,1.7317069428695575,-0.182545387867878,True
plagioclase,hand,t0603,982,139,1.0,False,1.3035891851611257,lcp,1.1218528407025394,-0.18173634445858622,True
hcp,hand,t0433,107,83,1.0,False,1.6685435254688528,olivine,1.4872598293012873,-0.18128369616756546,True
lcp,hand,t0673,188,59,1.0,False,1.0697057452655196,plagioclase,0.8886810917897022,-0.18102465347581742,True
hcp,hand,t0240,77,4073,1.0,False,0.9046565446220478,plagioclase,0.7250663187153397,-0.17959022590670815,True
lcp,hand,t0600,204,242,1.0,False,1.274734296567785,plagioclase,1.096504092318163,-0.178230204249622,True
olivine,hand,t0240,63,62,1.0,False,1.0956277863628265,plagioclase,0.9175085312301865,-0.17811925513264004,True
plagioclase,hand,t0507,38,13,1.0,False,1.2361366898469983,lcp,1.059784454692337,-0.17635223515466136,True
olivine,hand,t0505,18,336,1.0,False,0.925508771786013,hcp,0.7493420953779091,-0.1761666764081039,True
hcp,hand,t0364,145,2719,1.0,False,0.9169520492463443,olivine,0.7415379428849012,-0.17541410636144317,True
plagioclase,hand,t0600,823,931,1.0,False,1.620005497575772,olivine,1.4446336023570443,-0.17537189521872776,True
lcp,hand,t0530,149,56,1.0,False,1.3280452934881721,plagioclase,1.1544112496382177,-0.1736340438499544,True
lcp,hand,t0436,87,36,1.0,False,1.7397375114329208,plagioclase,1.56638428014071,-0.1733532312922108,True
plagioclase,hand,t0505,72,34,1.0,False,1.5328835245590138,hcp,1.361572720963582,-0.17131080359543183,True
hcp,hand,t0363,29,482,1.0,False,1.4760670381278633,olivine,1.306250113006486,-0.16981692512137725,True
hcp,hand,t0436,71,1874,1.0,False,1.389412817776482,olivine,1.2228277823323426,-0.16658503544413938,True
hcp,hand,t0433,46,483,1.0,False,1.690844447129586,olivine,1.524322694690053,-0.16652175243953304,True
lcp,hand,t0672,25,42,1.0,False,1.843948274729628,plagioclase,1.6780053966756814,-0.1659428780539467,True
plagioclase,hand,t0531,864,453,1.0,False,1.6767544571746056,olivine,1.5118020890557449,-0.16495236811886071,True
hcp,hand,t0290,40,1020,1.0,False,0.9326003809809538,plagioclase,0.7678069969614054,-0.16479338401954835,True
plagioclase,hand,t0530,995,23,1.0,False,2.777162049705355,olivine,2.613228645231441,-0.16393340447391402,True
hcp,hand,t0645,8,1103,1.0,False,1.2904226133573666,plagioclase,1.1323129859016208,-0.15810962745574586,True
plagioclase,hand,t0600,800,93,1.0,False,1.6245213503334501,olivine,1.4664819495916759,-0.15803940074177425,True
plagioclase,hand,t0432,93,88,1.0,False,1.0017579898213833,hcp,0.8437299097577318,-0.15802808006365154,True
olivine,hand,t0507,32,42,1.0,False,1.5196610665663932,hcp,1.3617821949583135,-0.15787887160807967,True
hcp,hand,t0363,12,208,1.0,False,1.2710522175222216,plagioclase,1.113300403006458,-0.1577518145157637,True
plagioclase,hand,t0504,18,25,1.0,False,1.1662670764956962,lcp,1.00874234688089,-0.15752472961480612,True
plagioclase,hand,t0600,904,39,1.0,False,1.61774181953173,olivine,1.4631605792868154,-0.1545812402449145,True
olivine,hand,t0435,20,47,1.0,False,1.052809505717818,hcp,0.8987331601756864,-0.15407634554213157,True
plagioclase,hand,t0432,101,18,1.0,False,1.1778744316918612,olivine,1.02488435512863,-0.15299007656323127,True
hcp,hand,t0436,79,1639,1.0,False,0.9920697665908006,olivine,0.8404396336975264,-0.1516301328932742,True
plagioclase,hand,t0294,8,312,1.0,False,1.9624117367937224,olivine,1.8128411219980403,-0.14957061479568212,True
hcp,hand,t0435,245,159,1.0,False,0.7648354257223567,plagioclase,0.6163307018661363,-0.1485047238562205,True
plagioclase,hand,t0526,859,80,1.0,False,1.4248298152331034,lcp,1.2798847784841558,-0.14494503674894754,True
hcp,hand,t0436,76,34,1.0,False,0.8764087439596605,olivine,0.731667703234794,-0.1447410407248665,True
hcp,hand,t0433,35,4080,1.0,False,1.943025384020329,olivine,1.799772690392442,-0.14325269362788706,True
hcp,hand,t0433,279,28,1.0,False,2.0773703869996702,olivine,1.9352602236238237,-0.1421101633758466,True
hcp,hand,t0364,167,2004,1.0,False,1.006133361981667,plagioclase,0.8659553993165429,-0.14017796266512417,True
hcp,hand,t0435,442,23,1.0,False,1.3116246123306174,olivine,1.1722475685048346,-0.13937704382578286,True
hcp,hand,t0435,267,832,1.0,False,1.8440549142982907,lcp,1.705581111417041,-0.13847380288124977,True
olivine,hand,t0237,17,281,1.0,False,1.749010792212817,plagioclase,1.6113319172188565,-0.1376788749939606,True
plagioclase,hand,t0240,65,337,1.0,False,2.3476534162350347,olivine,2.21012786568304,-0.13752555055199478,True
hcp,hand,t0433,415,52,1.0,False,1.153963666979367,olivine,1.0165044056990744,-0.1374592612802925,True
plagioclase,hand,t0506,14,98,1.0,False,0.958634761638338,hcp,0.8215115125267523,-0.1371232491115858,True
olivine,hand,t0435,393,17,1.0,False,1.568036553738328,hcp,1.4309639210069514,-0.1370726327313767,True
olivine,hand,t0293,5,137,1.0,False,0.9398619728918365,plagioclase,0.8033946845503371,-0.13646728834149935,True
hcp,hand,t0435,205,667,1.0,False,1.469114002440917,lcp,1.3327268761731494,-0.1363871262677676,True
olivine,hand,t0239,4,276,1.0,False,1.586990797115075,plagioclase,1.4515569830531332,-0.13543381406194177,True
olivine,hand,t0361,21,32,1.0,False,1.018409402607144,plagioclase,0.8830023037500943,-0.1354070988570497,True
plagioclase,hand,t0433,59,13,1.0,False,1.3059520004346836,lcp,1.1752131000569186,-0.13073890037776503,True
plagioclase,hand,t0528,788,88,1.0,False,1.6858313874545665,olivine,1.5572068306621507,-0.1286245567924158,True
olivine,hand,t0237,6,175,1.0,False,1.4252782163840239,plagioclase,1.2968712979780415,-0.1284069184059824,True
plagioclase,hand,t0434,146,22,1.0,False,1.4215196415654137,olivine,1.2970531072906877,-0.12446653427472598,True
hcp,hand,t0573,4,6087,1.0,False,2.4266596213019915,lcp,2.303319273662043,-0.12334034763994861,True
olivine,hand,t0434,12,90,1.0,False,1.0988727800840434,plagioclase,0.9756475287992317,-0.12322525128481177,True
plagioclase,hand,t0290,4,235,1.0,False,1.3164921195718602,lcp,1.193900764688324,-0.12259135488353623,True
hcp,hand,t0435,259,672,1.0,False,0.8465678479590437,olivine,0.7241374810728781,-0.1224303668861656,True
olivine,hand,t0364,28,78,1.0,False,0.8304740422939914,hcp,0.7099489305347819,-0.12052511175920944,True
hcp,confirmed,t1090,1166151274,8,0.75,True,3.002837752416725,lcp,2.882342405395715,-0.12049534702100972,True
lcp,hand,t0365,2,127,1.0,False,1.3731619340453387,plagioclase,1.2529012724109914,-0.12026066163434734,True
alteration,tag,t1090,2660745862,56,1.0,False,2.0134438104420727,olivine,1.8934578598121419,-0.11998595062993078,True
hcp,confirmed,t1104,931920433,32696,1.0,False,3.419982788012698,lcp,3.3013253270431324,-0.11865746096956542,True
hcp,hand,t0364,24,292,1.0,False,0.8902646277263644,plagioclase,0.7722831887912174,-0.11798143893514701,True
olivine,hand,t0432,63,38,1.0,False,1.6070836140626112,hcp,1.4900597552156976,-0.11702385884691369,True
hcp,hand,t0682,6,1532,1.0,False,1.8737273817994282,lcp,1.7569946234447908,-0.11673275835463737,True
lcp,hand,t0364,275,133,1.0,False,1.1758154973654869,plagioclase,1.0611310163221912,-0.11468448104329565,True
olivine,confirmed,t1250,2519870908,26417,1.0,False,1.6418201189765966,hcp,1.5272432736046213,-0.11457684537197532,True
plagioclase,hand,t0525,786,135,1.0,False,1.3944942396276236,lcp,1.2804824835913549,-0.11401175603626879,True
hcp,hand,t0433,145,91,1.0,False,1.9114675043025702,lcp,1.797953926354979,-0.1135135779475911,True
lcp,hand,t0822,8,923,1.0,False,2.613399533779971,hcp,2.501973041463683,-0.11142649231628798,True
lcp,hand,t0602,312,97,1.0,False,1.2675148322538718,plagioclase,1.156194675327158,-0.11132015692671393,True
hcp,hand,t0435,159,509,1.0,False,0.907437910026338,olivine,0.7982991618103137,-0.10913874821602432,True
olivine,hand,t0184,10,102,1.0,False,1.7700912174016614,plagioclase,1.661040805594923,-0.10905041180673836,True
lcp,hand,t0528,190,126,1.0,False,1.8500119914630597,plagioclase,1.741043513140999,-0.1089684783220608,True
plagioclase,hand,t0602,822,427,1.0,False,1.4548103353163249,lcp,1.346857218469957,-0.10795311684636788,True
hcp,hand,t0434,130,1102,1.0,False,0.7209559629782539,olivine,0.6135883073304982,-0.10736765564775574,True
plagioclase,hand,t0576,14,100,1.0,False,1.1910838369716918,hcp,1.0852092826872637,-0.10587455428442816,True
plagioclase,hand,t0530,846,644,1.0,False,1.3199055587072217,lcp,1.2154293281341175,-0.10447623057310418,True
hcp,hand,t0364,160,85,1.0,False,1.1540887242904478,olivine,1.0527139007192592,-0.10137482357118865,True
lcp,hand,t0364,124,181,1.0,False,1.3203635962972282,plagioclase,1.2208420801767836,-0.09952151612044458,True
hcp,hand,t0433,23,192,1.0,False,0.8246614019192847,olivine,0.7267965917149434,-0.09786481020434135,True
hcp,hand,t0600,17,141,1.0,False,1.0096666309253164,plagioclase,0.9118564632061346,-0.09781016771918183,True
plagioclase,hand,t0240,81,17,1.0,False,2.2984024525429256,olivine,2.2006374012670515,-0.09776505127587409,True
plagioclase,hand,t0530,927,2333,1.0,False,1.690216146028851,olivine,1.5925498221555796,-0.09766632387327134,True
plagioclase,hand,t0527,809,54,1.0,False,1.5876984507977903,lcp,1.4902140993737514,-0.09748435142403888,True
hcp,hand,t0433,297,82,1.0,False,1.6143790066192616,olivine,1.5199231031172187,-0.09445590350204291,True
olivine,hand,t0435,413,32,1.0,False,1.3769205604565955,plagioclase,1.283576427331184,-0.09334413312541145,True
olivine,confirmed,t1371,2532917065,66,1.0,False,2.0983928325770456,hcp,2.006771020311416,-0.09162181226562938,True
lcp,hand,t0600,85,100,1.0,False,1.2208490189582648,plagioclase,1.1304368106916374,-0.09041220826662744,True
olivine,hand,t0236,110,83,1.0,False,1.8364377632197866,plagioclase,1.7463232914470284,-0.09011447177275822,True
lcp,hand,t0365,29,562,1.0,False,1.2200006464287645,plagioclase,1.1306289796087041,-0.08937166682006037,True
olivine,hand,t0435,221,332,1.0,False,0.7571593037363683,hcp,0.6682889820060733,-0.08887032173029497,True
olivine,hand,t0434,48,2075,1.0,False,0.7622130822029218,hcp,0.673519179909504,-0.08869390229341778,True
hcp,hand,t0433,48,49,1.0,False,1.7802999212537234,olivine,1.693400012747781,-0.08689990850594231,True
plagioclase,hand,t0435,438,123,1.0,False,1.0489716087939969,hcp,0.9628177025370948,-0.08615390625690211,True
plagioclase,hand,t0504,28,1676,1.0,False,2.158062608142895,lcp,2.072288364516667,-0.08577424362622788,True
lcp,hand,t0434,210,234,1.0,False,1.2777636265302812,plagioclase,1.192309593509262,-0.08545403302101917,True
plagioclase,hand,t0576,18,30,1.0,False,1.0901696331647879,olivine,1.0052174967352716,-0.08495213642951627,True
lcp,hand,t0365,50,11,1.0,False,1.531259802942606,plagioclase,1.4465002480153475,-0.08475955492725862,True
plagioclase,hand,t0600,987,372,1.0,False,1.6875697557051879,olivine,1.6042758651239113,-0.08329389058127656,True
lcp,hand,t0507,62,191,1.0,False,1.8674890407677558,hcp,1.7851069276868312,-0.08238211308092458,True
olivine,hand,t0184,18,312,1.0,False,1.6700914434596206,plagioclase,1.591159238472951,-0.07893220498666964,True
plagioclase,hand,t0504,30,2754,1.0,False,1.7719463158096074,hcp,1.6935225086614873,-0.07842380714812003,True
lcp,hand,t0436,21,26,1.0,False,1.2408485017550839,plagioclase,1.1632637196432047,-0.07758478211187914,True
hcp,hand,t0290,43,159,1.0,False,1.0564845696429863,plagioclase,0.9793719031594367,-0.07711266648354964,True
hcp,hand,t0573,0,3698,1.0,False,2.767344255051725,lcp,2.694163540208188,-0.07318071484353705,True
hcp,hand,t0240,40,43,1.0,False,1.2496898587271152,lcp,1.1768417338903074,-0.0728481248368078,True
hcp,hand,t0434,138,439,1.0,False,1.2505227352647776,olivine,1.1783072481718102,-0.07221548709296743,True
plagioclase,hand,t0236,102,33,1.0,False,2.1778813459601367,olivine,2.1092133882444,-0.06866795771573653,True
olivine,reassigned,t1322,2650969749,28,1.0,False,3.894679130772612,hcp,3.826087770845787,-0.06859135992682486,True
plagioclase,hand,t0504,112,3336,1.0,False,1.17733216437023,hcp,1.1111882348686575,-0.06614392950157244,True
olivine,hand,t0236,84,138,1.0,False,1.5596245622508451,plagioclase,1.4936769007976107,-0.06594766145323439,True
olivine,hand,t0436,110,383,1.0,False,0.7401205285739829,plagioclase,0.6760146717431902,-0.06410585683079273,True
lcp,hand,t0437,34,249,1.0,False,1.1620195950165162,plagioclase,1.099086135594845,-0.06293345942167128,True
lcp,hand,t0600,44,28,1.0,False,1.688974068500019,plagioclase,1.6263320501817808,-0.06264201831823812,True
plagioclase,hand,t0433,307,25,1.0,False,1.7114429611462683,hcp,1.6501858315678233,-0.06125712957844498,True
lcp,hand,t0599,177,89,1.0,False,4.428105480019126,hcp,4.367088350414662,-0.06101712960446459,True
lcp,hand,t0437,66,33,1.0,False,1.4164319143809678,plagioclase,1.3557595377269214,-0.060672376654046456,True
lcp,hand,t0531,154,1517,1.0,False,1.2624107914704163,plagioclase,1.2018477080454724,-0.060563083424943986,True
lcp,hand,t0437,6,131,1.0,False,1.210718507170376,plagioclase,1.1507768565752843,-0.05994165059509182,True
plagioclase,hand,t0435,251,300,1.0,False,1.1797235273370776,hcp,1.1202146730944214,-0.059508854242656284,True
olivine,hand,t0432,19,275,1.0,False,1.2406504676949062,hcp,1.1815871994759124,-0.05906326821899377,True
plagioclase,hand,t0600,780,70,1.0,False,2.061467189002707,olivine,2.0036848861390015,-0.05778230286370567,True
olivine,hand,t0436,173,24,1.0,False,1.9106321190234243,hcp,1.8539818449605003,-0.056650274062924,True
hcp,hand,t0435,227,3142,1.0,False,1.194563179495519,plagioclase,1.1380637709660686,-0.056499408529450346,True
plagioclase,hand,t0505,68,171,1.0,False,1.0588099017018853,hcp,1.0025695198227802,-0.05624038187910507,True
lcp,hand,t0437,68,36,1.0,False,1.435560573928372,plagioclase,1.3798493404296202,-0.055711233498751955,True
plagioclase,hand,t0435,454,24,1.0,False,1.7387772247615823,lcp,1.6844428004233687,-0.05433442433821356,True
olivine,hand,t0294,37,13,1.0,False,1.6256943066738052,plagioclase,1.5720639578323092,-0.05363034884149598,True
hcp,hand,t0436,56,52,1.0,False,1.206534690147036,olivine,1.153083068378029,-0.05345162176900686,True
hcp,hand,t0364,209,167,1.0,False,1.7666139225118878,lcp,1.7140494361295502,-0.05256448638233757,True
olivine,hand,t0504,12,24,1.0,False,0.7736517048202844,hcp,0.7248731824032796,-0.048778522417004866,True
hcp,hand,t0436,3,215,1.0,False,0.8617041441414774,olivine,0.8146074993089892,-0.04709664483248821,True
plagioclase,hand,t0236,104,43,1.0,False,1.7753579125393393,olivine,1.7290851012003154,-0.046272811339023834,True
lcp,hand,t0599,303,62,1.0,False,1.7068660347063382,plagioclase,1.660697094479235,-0.04616894022710327,True
hcp,hand,t0435,217,476,1.0,False,1.1466230597223162,olivine,1.1012588420689895,-0.045364217653326655,True
lcp,hand,t0364,176,247,1.0,False,1.043128404004644,plagioclase,0.9989208205454622,-0.044207583459181854,True
hcp,hand,t0818,15,1564,1.0,False,2.395345097024487,lcp,2.357475834681749,-0.03786926234273791,True
olivine,hand,t0434,166,244,1.0,False,1.318709722936067,hcp,1.2822014302749798,-0.03650829266108713,True
hcp,hand,t0433,70,28,1.0,False,1.8053356279170345,olivine,1.7694386782891076,-0.03589694962792689,True
lcp,hand,t0364,277,208,1.0,False,0.943704992127582,plagioclase,0.9078235635557146,-0.03588142857186738,True
plagioclase,hand,t0506,66,32,1.0,False,0.9547334493098997,lcp,0.9189903109640226,-0.03574313834587706,True
plagioclase,hand,t0435,243,1125,1.0,False,0.7748723251619102,olivine,0.741064708741643,-0.033807616420267195,True
lcp,hand,t0530,129,625,1.0,False,1.4354837362932695,plagioclase,1.4030491341929074,-0.03243460210036209,True
plagioclase,hand,t0361,10,132,1.0,False,1.9440608504512997,lcp,1.912594360105808,-0.03146649034549176,True
olivine,hand,t0236,59,202,1.0,False,1.3937513230200227,plagioclase,1.3626887745388045,-0.031062548481218144,True
plagioclase,hand,t0432,5,102,1.0,False,1.3417767201628603,lcp,1.3113147121404136,-0.030462008022446696,True
hcp,hand,t0434,144,108,1.0,False,0.6818196367796712,olivine,0.6520370103294559,-0.029782626450215233,True
olivine,hand,t0361,4,125,1.0,False,1.6698443400945575,plagioclase,1.6405278243060943,-0.02931651578846317,True
hcp,hand,t0435,219,763,1.0,False,1.9051822552860924,lcp,1.8763262287284264,-0.02885602655766606,True
olivine,hand,t0436,175,61,1.0,False,0.7896305393638744,hcp,0.7613580621698618,-0.028272477194012602,True
hcp,hand,t0361,20,175,1.0,False,1.0275048393089399,plagioclase,1.0003003562533899,-0.02720448305555001,True
plagioclase,hand,t0504,118,100,1.0,False,1.5188511150336914,lcp,1.4923669513437485,-0.026484163689942886,True
plagioclase,hand,t0600,771,87,1.0,False,1.605427173570728,olivine,1.580325819756913,-0.025101353813814953,True
hcp,hand,t0434,230,63,1.0,False,1.4767273437509694,lcp,1.4523868385003318,-0.02434050525063758,True
lcp,hand,t0508,8,142,1.0,False,1.2443267993766887,plagioclase,1.2202245081331091,-0.024102291243579543,True
olivine,hand,t0503,7,1027,1.0,False,1.6761515059616048,hcp,1.652782081053128,-0.02336942490847682,True
hcp,hand,t0359,15,845,1.0,False,0.7280628261274763,olivine,0.7047624829774216,-0.023300343150054692,True
plagioclase,hand,t0364,247,58,1.0,False,1.2782772912841167,lcp,1.2550120104016855,-0.023265280882431183,True
olivine,hand,t0506,8,64,1.0,False,1.185878446706664,hcp,1.1642343373740045,-0.02164410933265959,True
hcp,hand,t0290,47,288,1.0,False,0.6628545797393299,olivine,0.6425574253915449,-0.020297154347785007,True
olivine,hand,t0507,54,15,1.0,False,1.2066360983077393,plagioclase,1.1865293813307234,-0.020106716977015937,True
hcp,hand,t0436,6,87,1.0,False,1.3636312703092879,olivine,1.3476819118627994,-0.015949358446488482,True
lcp,hand,t0435,137,61,1.0,False,2.2856563110063663,plagioclase,2.2703766487739427,-0.015279662232423608,True
olivine,hand,t0237,8,301,1.0,False,1.4096404255775028,plagioclase,1.39521234952999,-0.014428076047512839,True
lcp,hand,t0437,14,1450,1.0,False,1.4864666845915266,plagioclase,1.474005042616827,-0.012461641974699678,True
hcp,hand,t0432,30,304,1.0,False,1.213007831114255,olivine,1.2008702815905024,-0.012137549523752567,True
plagioclase,hand,t0598,761,35,1.0,False,1.6200573706421058,lcp,1.608894596081578,-0.011162774560527833,True
plagioclase,hand,t0365,46,44,1.0,False,1.7150363960649824,olivine,1.7052200100832342,-0.009816385981748166,True
plagioclase,hand,t0530,794,152,1.0,False,1.7458676627675143,olivine,1.7361720622347545,-0.009695600532759752,True
hcp,hand,t0435,65,148,1.0,False,0.9005992237900301,plagioclase,0.8910504213058509,-0.00954880248417922,True
olivine,hand,t0236,21,141,1.0,False,0.9205743346768985,plagioclase,0.9112860383793959,-0.009288296297502607,True
hcp,hand,t0435,289,14,1.0,False,1.0774459917522838,olivine,1.0697135434552414,-0.007732448297042449,True
hcp,hand,t0364,17,249,1.0,False,0.8061789371849274,plagioclase,0.7991064770184597,-0.007072460166467676,True
lcp,hand,t0437,8,67,1.0,False,1.1764815686282466,plagioclase,1.1695254651084488,-0.006956103519797807,True
olivine,hand,t0290,53,261,1.0,False,0.7736330869305623,hcp,0.7670991764454185,-0.006533910485143846,True
hcp,hand,t0503,33,94,1.0,False,56.0716340321197,lcp,56.065438151102136,-0.006195881017561078,True
hcp,hand,t0359,12,1428,1.0,False,1.334955493732563,lcp,1.3297155806263241,-0.005239913106238836,True
plagioclase,hand,t0598,854,138,1.0,False,2.4587079053075303,olivine,2.454013859175131,-0.004694046132399432,True
plagioclase,hand,t0531,891,170,1.0,False,2.1603622955491444,olivine,2.1564359862012634,-0.003926309347880963,True
lcp,hand,t0507,66,49,1.0,False,1.218223226049257,plagioclase,1.2148526158073265,-0.0033706102419304163,True
hcp,hand,t0432,25,78,1.0,False,1.2819378019645367,olivine,1.2792398173049646,-0.0026979846595720502,True
hcp,hand,t0433,181,37,1.0,False,0.9238976112248615,plagioclase,0.9228287161893806,-0.0010688950354809101,True
hcp,hand,t0645,0,1921,1.0,False,1.402317119676038,plagioclase,1.405756955485044,0.0034398358090059755,False
hcp,hand,t0433,433,874,1.0,False,1.3178126911044419,lcp,1.3221558179365238,0.004343126832081934,False
lcp,hand,t0672,224,680,1.0,False,1.572462797721358,plagioclase,1.5788753621096536,0.006412564388295516,False
olivine,hand,t0432,27,96,1.0,False,0.9090624550338084,hcp,0.9155490609412889,0.006486605907480403,False
plagioclase,hand,t0505,70,143,1.0,False,1.0214625609198078,hcp,1.0280590715050357,0.0065965105852279216,False
olivine,hand,t0290,13,72,1.0,False,1.129914816157999,plagioclase,1.1368001322170587,0.006885316059059621,False
plagioclase,hand,t0433,237,83,1.0,False,2.142526945708985,hcp,2.1496149388321024,0.007087993123117364,False
olivine,hand,t0578,16,207,1.0,False,2.0092982629275604,hcp,2.0165742748303175,0.0072760119027570624,False
hcp,hand,t0435,405,38,1.0,False,1.1361520989310108,plagioclase,1.1465133655160828,0.010361266585072082,False
plagioclase,hand,t0434,182,82,1.0,False,1.1669807511828683,lcp,1.1774102799303894,0.010429528747521122,False
lcp,hand,t0436,101,39,1.0,False,1.0666363599505533,plagioclase,1.077679350702553,0.01104299075199977,False
hcp,hand,t0435,425,98,1.0,False,0.6368181820538094,olivine,0.648505077225816,0.011686895172006606,False
hcp,hand,t0365,38,131,1.0,False,0.7367252895166885,olivine,0.7490216695214885,0.012296380004800045,False
hcp,hand,t0364,159,1712,1.0,False,0.8009213749931062,olivine,0.8140258087900685,0.013104433796962245,False
plagioclase,hand,t0576,12,248,1.0,False,1.5192733041953197,olivine,1.5338553785055726,0.014582074310252935,False
plagioclase,hand,t0365,15,371,1.0,False,1.6054041159595847,olivine,1.6211305646051921,0.01572644864560746,False
olivine,hand,t0433,269,18,1.0,False,1.32094339132376,hcp,1.337857345924019,0.016913954600259018,False
plagioclase,hand,t0602,805,406,1.0,False,1.4905298294527598,olivine,1.5076550198009193,0.017125190348159514,False
olivine,hand,t0432,39,92,1.0,False,0.8110462541667328,hcp,0.830611709300446,0.019565455133713217,False
hcp,hand,t0434,184,109,1.0,False,1.083183485246129,plagioclase,1.1029083251988583,0.019724839952729223,False
hcp,hand,t0433,131,409,1.0,False,1.0521510875459625,plagioclase,1.073509488455367,0.02135840090940455,False
hcp,hand,t0436,72,296,1.0,False,1.2113120549447405,olivine,1.2329882226279325,0.021676167683192027,False
plagioclase,hand,t0530,994,100,1.0,False,1.6169422096741184,olivine,1.6407603433176878,0.02381813364356944,False
olivine,reassigned,t1250,3405780844,111,1.0,False,7.9279476862002936,hcp,7.952052993696948,0.024105307496654405,False
olivine,hand,t0294,21,68,1.0,False,0.8819445325141074,plagioclase,0.9064307812528372,0.024486248738729732,False
plagioclase,hand,t0435,249,1979,1.0,False,0.7103551661830941,hcp,0.7360536108083332,0.02569844462523907,False
olivine,hand,t0433,419,51,1.0,False,2.0851544369026533,hcp,2.1152181869512443,0.030063750048590965,False
olivine,hand,t0364,88,44,1.0,False,0.8419715084892002,hcp,0.87422151648867,0.032250007999469754,False
hcp,hand,t0364,141,37,1.0,False,5.916950329002454,lcp,5.94965943850206,0.03270910949960637,False
olivine,hand,t0237,36,157,1.0,False,1.593178732556681,plagioclase,1.6260011841517248,0.03282245159504371,False
hcp,hand,t0361,8,160,1.0,False,0.9794384553872589,olivine,1.0124593464965528,0.03302089110929385,False
olivine,hand,t0505,14,51,1.0,False,1.6562459862338264,hcp,1.6893587364694846,0.033112750235658295,False
lcp,hand,t0437,2,60,1.0,False,1.3315501823862517,plagioclase,1.3655940998064822,0.034043917420230496,False
lcp,hand,t0364,259,320,1.0,False,1.0028765625206957,plagioclase,1.0374934634357376,0.03461690091504188,False
lcp,hand,t0599,288,168,1.0,False,1.1804978012781415,plagioclase,1.216542879492951,0.0360450782148094,False
lcp,hand,t0437,56,69,1.0,False,1.4650881782261198,plagioclase,1.50258095746204,0.03749277923592009,False
olivine,hand,t0432,29,35,1.0,False,1.2401384062264196,hcp,1.2782176276058737,0.038079221379454076,False
olivine,confirmed,t1250,3840096563,6309,1.0,False,2.1052375058156976,hcp,2.143623706309439,0.03838620049374164,False
lcp,hand,t0364,281,151,1.0,False,0.9494618254802962,plagioclase,0.9900538522283172,0.04059202674802098,False
plagioclase,hand,t0435,399,29,1.0,False,2.4655194428827936,lcp,2.506386028718098,0.04086658583530456,False
plagioclase,hand,t0601,876,62,1.0,False,0.9488238643629169,olivine,0.9905290118240554,0.041705147461138514,False
hcp,hand,t0672,6,185,1.0,False,1.516843984214286,lcp,1.558568851616865,0.04172486740257897,False
plagioclase,hand,t0435,163,22,1.0,False,1.6378362237877842,olivine,1.6796937903332327,0.04185756654544859,False
plagioclase,hand,t0508,18,20,1.0,False,0.8762794412763643,olivine,0.9188332376594469,0.042553796383082654,False
olivine,hand,t0433,93,877,1.0,False,1.2391265395350888,hcp,1.2825195388645594,0.043392999329470605,False
plagioclase,hand,t0432,89,55,1.0,False,0.8858826157345202,hcp,0.9348771285861697,0.04899451285164946,False
hcp,hand,t0436,126,362,1.0,False,2.0702338136379526,olivine,2.1195938352874113,0.04936002164945874,False
hcp,hand,t0433,19,228,1.0,False,1.6854002339411076,olivine,1.7368783114377842,0.051478077496676544,False
plagioclase,hand,t0600,990,233,1.0,False,1.2393748448222834,olivine,1.2919398712798456,0.052565026457562114,False
hcp,hand,t0433,85,31,1.0,False,0.7457233214033787,olivine,0.7984359084691135,0.052712587065734784,False
lcp,hand,t0435,397,515,1.0,False,1.9893935339656448,hcp,2.043992021684541,0.054598487718896305,False
hcp,hand,t0436,4,194,1.0,False,1.1112502251288525,olivine,1.1664401338137442,0.05518990868489171,False
hcp,hand,t0436,95,14,1.0,False,1.0618952484194637,olivine,1.1175759361269046,0.055680687707440946,False
plagioclase,hand,t0600,842,1311,1.0,False,1.4674392064430943,olivine,1.523627639554535,0.05618843311144062,False
hcp,hand,t0433,20,346,1.0,False,1.6565459906613875,olivine,1.7148788811935693,0.058332890532181825,False
plagioclase,hand,t0600,933,409,1.0,False,2.691714462908347,olivine,2.7514742722989043,0.05975980939055736,False
plagioclase,hand,t0531,834,61,1.0,False,1.6237397180468303,olivine,1.6838145393604906,0.060074821313660376,False
plagioclase,hand,t0600,1006,607,1.0,False,1.692244640884986,olivine,1.752582876335425,0.060338235450438926,False
plagioclase,hand,t0236,31,118,1.0,False,1.424202571387539,olivine,1.4864150421832432,0.06221247079570413,False
hcp,hand,t0645,12,1282,1.0,False,2.0985864150088194,lcp,2.1613236743194366,0.06273725931061724,False
lcp,hand,t0600,73,9,1.0,True,1.2839173073881334,plagioclase,1.3484103535396834,0.06449304615155005,False
olivine,hand,t0237,38,145,1.0,False,1.108569267720637,plagioclase,1.173609251066663,0.06503998334602601,False
olivine,hand,t0436,112,153,1.0,False,0.7374381346442933,plagioclase,0.8031300382704348,0.06569190362614152,False
plagioclase,hand,t0432,87,65,1.0,False,0.758826512258268,hcp,0.8252779116831064,0.06645139942483835,False
hcp,hand,t0435,444,25,1.0,False,1.2016154536787997,plagioclase,1.2681938276059492,0.06657837392714949,False
hcp,hand,t0364,0,1128,1.0,False,2.930928538912771,lcp,2.9986061605631056,0.06767762165033453,False
lcp,hand,t0530,247,166,1.0,False,1.1585862677526761,plagioclase,1.2264013024448794,0.06781503469220329,False
hcp,hand,t0436,9,136,1.0,False,1.516919645728328,olivine,1.5860090972416188,0.06908945151329071,False
olivine,hand,t0240,87,9,1.0,True,0.9460492440380693,plagioclase,1.0154200169559,0.06937077291783067,False
lcp,hand,t0435,73,14,1.0,False,1.4754576217281976,hcp,1.5457450717097838,0.0702874499815862,False
plagioclase,hand,t0236,55,85,1.0,False,1.142467181982278,hcp,1.213320632429404,0.07085345044712588,False
plagioclase,hand,t0599,971,171,1.0,False,1.4921781887370764,olivine,1.5633954773273353,0.07121728859025889,False
hcp,hand,t0436,31,105,1.0,False,0.7687373385569337,olivine,0.8402856252362518,0.07154828667931812,False
hcp,hand,t0435,199,227,1.0,False,0.9463015913935302,plagioclase,1.0184947650466432,0.07219317365311295,False
olivine,hand,t0434,190,19,1.0,False,1.4808045045266371,plagioclase,1.5544245848113334,0.07362008028469624,False
olivine,hand,t0435,6,69,1.0,False,0.8162912702491969,plagioclase,0.8905128165386424,0.07422154628944555,False
lcp,hand,t0505,26,66,1.0,False,1.8070102739400717,hcp,1.881520198852102,0.07450992491203023,False
hcp,hand,t0435,291,184,1.0,False,1.0044253029118406,olivine,1.0796389994297142,0.07521369651787357,False
hcp,hand,t0435,277,74,1.0,False,1.8870961344610226,lcp,1.9623875176846326,0.07529138322360995,False
plagioclase,hand,t0530,958,357,1.0,False,1.5534006375886251,lcp,1.6299670999611662,0.07656646237254106,False
lcp,hand,t0364,45,54,1.0,False,1.1387061698039773,hcp,1.2158878009807612,0.0771816311767839,False
plagioclase,hand,t0434,10,142,1.0,False,0.9027131591816168,hcp,0.9810206159950848,0.07830745681346807,False
olivine,hand,t0436,109,60,1.0,False,0.9987587307336402,hcp,1.0775585954472928,0.07879986471365263,False
plagioclase,hand,t0236,68,66,1.0,False,1.6368228870856942,olivine,1.7180586758281542,0.08123578874245996,False
hcp,hand,t0435,331,2240,1.0,False,0.8062223799579188,olivine,0.8884098693913614,0.08218748943344256,False
plagioclase,hand,t0601,882,80,1.0,False,1.2251881724748372,olivine,1.307827398618465,0.08263922614362773,False
lcp,hand,t0435,16,52,1.0,False,1.1171181143398508,plagioclase,1.200132693750019,0.08301457941016821,False
hcp,hand,t0436,69,1163,1.0,False,0.9354113612692159,olivine,1.0191110046220877,0.08369964335287183,False
plagioclase,hand,t0506,58,21,1.0,False,0.9096289230820305,olivine,0.9959612138487088,0.08633229076667837,False
lcp,hand,t0436,1,194,1.0,False,1.8839501447450984,hcp,1.9707693818156327,0.0868192370705343,False
olivine,hand,t0364,89,82,1.0,False,0.7415254253272595,hcp,0.8303117611225502,0.08878633579529072,False
plagioclase,hand,t0531,764,252,1.0,False,1.678142266385731,olivine,1.7673722734538615,0.08923000706813045,False
plagioclase,hand,t0531,984,103,1.0,False,1.325315930084509,olivine,1.4152947815638968,0.08997885147938778,False
plagioclase,hand,t0600,970,269,1.0,False,1.3256215189180767,olivine,1.416250721642532,0.0906292027244553,False
olivine,hand,t0240,67,52,1.0,False,2.0733906592368005,plagioclase,2.164880040577515,0.09148938134071427,False
lcp,hand,t0434,194,701,1.0,False,1.7682419980313715,hcp,1.8602894844973106,0.09204748646593908,False
hcp,hand,t0290,39,991,1.0,False,2.6920202511975337,lcp,2.7843466828091454,0.09232643161161169,False
hcp,hand,t0433,171,47,1.0,False,0.7357377741331941,olivine,0.828177298758323,0.09243952462512894,False
olivine,hand,t0435,135,32,1.0,False,1.9018286787314265,plagioclase,1.9944606724603255,0.09263199372889908,False
hcp,hand,t0433,150,233,1.0,False,1.2622328022080032,plagioclase,1.3552068916356106,0.09297408942760743,False
olivine,hand,t0435,133,89,1.0,False,2.157800368502555,hcp,2.2510623782202526,0.09326200971769749,False
hcp,hand,t0433,57,92,1.0,False,1.6615232717911408,olivine,1.756652359089055,0.09512908729791425,False
lcp,hand,t0436,24,82,1.0,False,1.291781423226582,plagioclase,1.386959979480554,0.09517855625397198,False
alteration,confirmed,t1393,1581134000,20,0.5,False,3.8811029109645623,lcp,3.9778293346018523,0.09672642363729,False
olivine,hand,t0436,111,81,1.0,False,0.8038385404460262,hcp,0.9006511886452798,0.09681264819925361,False
lcp,hand,t0508,28,60,1.0,False,1.1348040765870278,plagioclase,1.2318040976225013,0.09700002103547356,False
lcp,hand,t0599,228,204,1.0,False,1.1839453777259614,plagioclase,1.2813876658645422,0.0974422881385808,False
hcp,hand,t0433,110,206,1.0,False,2.96332754879699,olivine,3.0610337341941913,0.09770618539720122,False
olivine,hand,t0435,105,298,1.0,False,1.307578014668665,hcp,1.4067412791058174,0.09916326443715229,False
plagioclase,hand,t0525,925,18,1.0,False,0.9005627664264703,olivine,0.9998950327601177,0.09933226633364745,False
olivine,reassigned,t1250,582087797,99,0.5,False,5.833411881185658,hcp,5.932974279900488,0.09956239871483064,False
hcp,hand,t0433,175,101,1.0,False,1.719391662577384,lcp,1.8191621125523723,0.0997704499749883,False
hcp,hand,t0433,373,50,1.0,False,1.1292252838113699,olivine,1.2295455751719515,0.10032029136058163,False
plagioclase,hand,t0507,30,24,1.0,False,1.8382537622432888,olivine,1.941847801928463,0.10359403968517422,False
hcp,hand,t0507,20,52,1.0,False,0.7821988649202176,olivine,0.8859944109379297,0.10379554601771213,False
olivine,hand,t0433,209,12,1.0,False,0.595305685763881,hcp,0.700487376575744,0.10518169081186302,False
olivine,hand,t0432,7,112,1.0,False,0.7976269312417146,hcp,0.9117492552207164,0.1141223239790018,False
olivine,hand,t0237,27,78,1.0,False,2.222398340388619,plagioclase,2.336562919849551,0.11416457946093184,False
olivine,hand,t0435,431,183,1.0,False,0.7491091876271634,hcp,0.864886196993085,0.11577700936592161,False
olivine,hand,t0436,113,178,1.0,False,0.7487041758805667,hcp,0.866001535322644,0.11729735944207731,False
hcp,hand,t0240,59,133,1.0,False,0.7829107147785846,plagioclase,0.9025276583616147,0.1196169435830301,False
plagioclase,hand,t0603,865,63,1.0,False,1.3297619124619364,olivine,1.4509032847740233,0.12114137231208688,False
plagioclase,hand,t0597,913,155,1.0,False,1.3832109803915087,lcp,1.5053065116755788,0.12209553128407014,False
hcp,hand,t0364,207,36,1.0,False,1.8168838008907637,lcp,1.9394878404570552,0.12260403956629151,False
plagioclase,hand,t0294,12,383,1.0,False,1.0980598054499195,olivine,1.2211719924712583,0.12311218702133875,False
hcp,hand,t0359,14,649,1.0,False,1.6089687934613521,lcp,1.7323698414665532,0.12340104800520102,False
lcp,hand,t0364,269,123,1.0,False,1.064197169127004,plagioclase,1.1892813408180163,0.12508417169101227,False
hcp,hand,t0528,3,198,1.0,False,0.6846925310756241,plagioclase,0.8099579539580547,0.1252654228824306,False
plagioclase,hand,t0599,1014,1,1.0,True,1.6378118435322588,lcp,1.763576673264903,0.12576482973264413,False
plagioclase,hand,t0529,932,22,1.0,False,1.2175082302882572,lcp,1.3440189203121236,0.1265106900238664,False
plagioclase,hand,t0598,976,282,1.0,False,1.7161910053724576,olivine,1.8430065154560935,0.1268155100836359,False
lcp,hand,t0599,89,116,1.0,False,3.8683288568036223,hcp,3.9953107402972137,0.1269818834935914,False
olivine,hand,t0434,116,67,1.0,False,1.1867659700676763,hcp,1.3150653873609255,0.12829941729324923,False
plagioclase,hand,t0578,0,123,1.0,False,1.6521665088367419,lcp,1.781172309307814,0.12900580047107213,False
hcp,hand,t0364,243,26,1.0,False,1.1858752064337506,lcp,1.3154150083049874,0.12953980187123681,False
lcp,hand,t0436,94,181,1.0,False,1.3754791599199558,hcp,1.5053171119487734,0.12983795202881754,False
lcp,hand,t0364,99,206,1.0,False,0.8925416008833248,plagioclase,1.0228954278772884,0.13035382699396358,False
plagioclase,hand,t0530,997,634,1.0,False,1.7250660767513373,olivine,1.85934829495182,0.1342822182004828,False
plagioclase,hand,t0530,866,64,1.0,False,1.3552120664008784,lcp,1.4938187446597446,0.1386066782588662,False
hcp,hand,t0290,0,4279,1.0,False,1.385089567675319,plagioclase,1.5238061162870726,0.13871654861175364,False
olivine,hand,t0503,5,6105,1.0,False,1.5570841413568106,hcp,1.6977753985432438,0.14069125718643316,False
olivine,hand,t0364,127,203,1.0,False,0.5255855800456403,hcp,0.6663448867099536,0.14075930666431336,False
plagioclase,hand,t0294,39,17,1.0,False,1.7791618116194086,olivine,1.9204342500404337,0.1412724384210251,False
hcp,hand,t0364,161,200,1.0,False,1.2645325095434083,lcp,1.4087147788891856,0.14418226934577727,False
hcp,hand,t0432,24,281,1.0,False,2.2349900653921138,lcp,2.3806211161778954,0.14563105078578165,False
hcp,hand,t0435,401,242,1.0,False,1.0126181640799772,plagioclase,1.1598181619045163,0.14719999782453907,False
olivine,hand,t0435,111,29,1.0,False,1.0471743467342922,hcp,1.1945679205240067,0.14739357378971452,False
plagioclase,hand,t0528,787,91,1.0,False,1.0034155614901916,olivine,1.1508146898451435,0.14739912835495184,False
hcp,hand,t0433,283,15,1.0,False,5.158208132177605,olivine,5.306660269666597,0.14845213748899244,False
lcp,hand,t0531,182,791,1.0,False,1.0479040089487577,plagioclase,1.1971549148536405,0.14925090590488277,False
hcp,hand,t0645,6,1037,1.0,False,1.236270514025601,plagioclase,1.387607182294781,0.15133666826918013,False
olivine,hand,t0236,18,232,1.0,False,0.8550698085486268,hcp,1.006759580539563,0.15168977199093625,False
lcp,hand,t0601,92,25,1.0,False,1.18712079049693,plagioclase,1.339107675691203,0.15198688519427295,False
olivine,hand,t0435,339,10930,1.0,False,0.723296233350068,hcp,0.8766293115781647,0.15333307822809672,False
hcp,hand,t0364,4,279,1.0,False,0.8805032522672633,plagioclase,1.0339430937579248,0.15343984149066148,False
hcp,hand,t0364,19,81,1.0,False,1.0241767562851836,plagioclase,1.1796683438610727,0.1554915875758891,False
olivine,hand,t0364,203,101,1.0,False,1.2812054238807793,hcp,1.4371079388614856,0.15590251498070629,False
lcp,hand,t0437,10,50,1.0,False,1.0901862895205146,plagioclase,1.2463199596254966,0.15613367010498203,False
hcp,hand,t0364,118,128,1.0,False,1.3823216934795866,plagioclase,1.539482018931044,0.15716032545145753,False
lcp,hand,t0365,1,385,1.0,False,1.1951705984857013,plagioclase,1.3525405389895895,0.1573699405038882,False
plagioclase,hand,t0601,844,19,1.0,False,1.0964327416371753,olivine,1.2544413629468716,0.15800862130969628,False
hcp,hand,t0433,143,90,1.0,False,1.3439055145608465,lcp,1.502543146594929,0.15863763203408254,False
hcp,hand,t0433,16,306,1.0,False,1.2797961306933368,olivine,1.4401173699585077,0.16032123926517095,False
plagioclase,hand,t0531,879,320,1.0,False,1.350467077792819,olivine,1.5140279668274423,0.1635608890346234,False
hcp,hand,t0364,43,27,1.0,False,1.3588624440921042,lcp,1.5239129881946707,0.16505054410256648,False
olivine,hand,t0290,45,322,1.0,False,0.569940303229059,plagioclase,0.7360737322263731,0.1661334289973141,False
plagioclase,hand,t0598,843,124,1.0,False,1.657182839912818,lcp,1.8253393915634684,0.16815655165065047,False
olivine,hand,t0433,60,142,1.0,False,1.5092994135692612,hcp,1.6780329291259253,0.16873351555666405,False
hcp,hand,t0433,127,87,1.0,False,2.131047359989478,lcp,2.2999206355768003,0.16887327558732235,False
plagioclase,hand,t0601,992,44,1.0,False,1.0939311234195825,olivine,1.2638796583183496,0.16994853489876705,False
lcp,hand,t0436,121,44,1.0,False,1.0634214162808322,plagioclase,1.2338751875938658,0.17045377131303363,False
plagioclase,hand,t0506,32,21,1.0,False,1.129321070603084,olivine,1.300415228089206,0.171094157486122,False
olivine,reassigned,t1250,1958412795,81,1.0,False,5.185992747497936,hcp,5.357438924596503,0.17144617709856647,False
olivine,confirmed,t1090,2382490442,5214,1.0,False,0.9137511392447323,hcp,1.0854848290002548,0.1717336897555225,False
plagioclase,hand,t0530,996,145,1.0,False,1.1093146512424061,olivine,1.2830067397813125,0.1736920885389064,False
hcp,hand,t0434,136,1132,1.0,False,0.5612218717988056,plagioclase,0.7354730667763586,0.17425119497755304,False
hcp,hand,t0436,62,56,1.0,False,0.9764302765973261,olivine,1.1513820311098704,0.1749517545125443,False
olivine,reassigned,t1250,77529362,57,1.0,False,6.247543691561136,hcp,6.423308604524531,0.17576491296339558,False
olivine,hand,t0435,45,168,1.0,False,0.9247259611032719,hcp,1.10123715018671,0.1765111890834381,False
hcp,hand,t0433,49,70,1.0,False,0.944684371847273,olivine,1.1225325883045585,0.17784821645728544,False
olivine,hand,t0236,106,584,1.0,False,1.4546831678840455,plagioclase,1.6338693313582304,0.17918616347418492,False
olivine,confirmed,t1250,2703670320,137,1.0,False,2.4132089272650297,hcp,2.592671037569709,0.17946211030467918,False
olivine,hand,t0432,69,12,1.0,False,0.7269218034528009,plagioclase,0.906937383089004,0.18001557963620307,False
plagioclase,hand,t0505,66,8,1.0,True,0.8635766982406538,hcp,1.0439466860570796,0.18036998781642588,False
hcp,hand,t0436,78,60,1.0,False,1.0213279560664703,olivine,1.201930635179513,0.18060267911304262,False
olivine,hand,t0433,83,75,1.0,False,0.49069059166076306,hcp,0.6716899867536319,0.18099939509286883,False
hcp,hand,t0364,172,319,1.0,False,1.9603125883678543,lcp,2.1415858855221734,0.18127329715431917,False
hcp,hand,t0600,14,192,1.0,False,0.8489977465757896,plagioclase,1.0311654247458912,0.1821676781701016,False
olivine,hand,t0437,54,64,1.0,False,0.7208928813551159,hcp,0.9031712993470007,0.18227841799188482,False
olivine,hand,t0433,111,395,1.0,False,2.082650434741104,hcp,2.2651965654529853,0.1825461307118812,False
olivine,hand,t0435,307,77,1.0,False,2.5461430076598797,hcp,2.729641389651708,0.18349838199182855,False
olivine,hand,t0435,93,68,1.0,False,1.3053886659656468,hcp,1.4889520292394187,0.18356336327377187,False
hcp,hand,t0433,15,230,1.0,False,1.2733434423677084,olivine,1.4571040381218878,0.18376059575417947,False
olivine,hand,t0506,68,42,1.0,False,1.361799546794312,hcp,1.5457040912357103,0.18390454444139825,False
lcp,hand,t0528,293,39,1.0,False,0.9954889986146183,plagioclase,1.1806322620356453,0.18514326342102705,False
lcp,hand,t0363,8,46,1.0,False,0.9418556319294192,plagioclase,1.1300078038425594,0.18815217191314015,False
lcp,hand,t0599,282,67,1.0,False,1.8556513073529637,plagioclase,2.04406202394383,0.18841071659086617,False
olivine,hand,t0290,50,127,1.0,False,1.1658225051492481,plagioclase,1.3562483064108986,0.19042580126165043,False
hcp,hand,t0434,180,65,1.0,False,1.109673862724052,plagioclase,1.3006106273035782,0.19093676457952613,False
olivine,hand,t0240,44,89,1.0,False,0.6331737610965961,hcp,0.8244084288724237,0.19123466777582765,False
hcp,hand,t0433,21,198,1.0,False,1.2057172512027612,olivine,1.3976341160926815,0.19191686488992032,False
plagioclase,hand,t0529,955,175,1.0,False,0.8014111058716529,hcp,0.9962550940663933,0.19484398819474047,False
olivine,hand,t0431,25,1966,1.0,False,1.2534587153318826,hcp,1.4495748698770965,0.19611615454521392,False
lcp,hand,t0600,289,2517,1.0,False,0.8794555168085374,plagioclase,1.075778674575004,0.19632315776646658,False
plagioclase,hand,t0528,812,174,1.0,False,1.764224266947376,olivine,1.9618169020495075,0.19759263510213154,False
olivine,hand,t0435,109,31,1.0,False,1.3166213532613962,hcp,1.5151180434886131,0.19849669022721694,False
plagioclase,hand,t0434,102,1966,1.0,False,0.6594348584524868,hcp,0.858021178936515,0.19858632048402813,False
lcp,hand,t0437,4,31,1.0,False,1.5078266983254907,plagioclase,1.707245977435564,0.1994192791100733,False
hcp,hand,t0433,39,107,1.0,False,2.344337484073991,olivine,2.547712853444456,0.2033753693704652,False
hcp,hand,t0436,82,467,1.0,False,0.7200843884941036,olivine,0.923473424288675,0.20338903579457135,False
hcp,hand,t0364,47,20,1.0,False,0.9774120123724572,olivine,1.1811151896005256,0.2037031772280684,False
lcp,hand,t0505,24,14,1.0,False,1.2115493069162488,plagioclase,1.4153015008325962,0.20375219391634736,False
olivine,hand,t0433,86,37,1.0,False,0.885881383885676,hcp,1.091136176501927,0.2052547926162509,False
hcp,hand,t0433,144,152,1.0,False,0.5129985695578162,olivine,0.7186626883922709,0.20566411883445468,False
alteration,tag,t1086,1791960523,14,0.75,False,2.033703261238712,hcp,2.240465106593751,0.20676184535503905,False
hcp,hand,t0359,20,621,1.0,False,1.3131250454307595,lcp,1.5227902506587856,0.20966520522802612,False
lcp,hand,t0238,2,1199,1.0,False,1.1434022282201493,plagioclase,1.3533359428020184,0.20993371458186916,False
plagioclase,hand,t0525,998,175,1.0,False,1.1314216017156877,olivine,1.3416398315961635,0.21021822988047578,False
olivine,hand,t0503,11,1899,1.0,False,1.5285480042917519,hcp,1.7401402262642331,0.2115922219724813,False
olivine,reassigned,t1250,1863266752,76,1.0,False,5.7572721796964155,hcp,5.96915574585078,0.21188356615436454,False
hcp,hand,t0506,80,15,1.0,False,1.3737802458004347,olivine,1.5857212806938015,0.2119410348933668,False
plagioclase,hand,t0600,883,62,1.0,False,0.9978732162355091,olivine,1.2103076424271686,0.21243442619165953,False
hcp,hand,t0433,58,36,1.0,False,4.187607753886305,olivine,4.402905883221773,0.21529812933546744,False
olivine,hand,t0434,142,72,1.0,False,1.6019035502992467,hcp,1.8172474026466547,0.21534385234740805,False
olivine,hand,t0434,64,162,1.0,False,0.7441210063826659,hcp,0.9595069028002051,0.21538589641753925,False
olivine,hand,t0505,8,24,1.0,False,1.3542282607063778,hcp,1.570212722553375,0.21598446184699727,False
lcp,hand,t0437,42,150,1.0,False,1.5480114435081642,hcp,1.76427679127599,0.2162653477678258,False
plagioclase,hand,t0530,873,191,1.0,False,1.4883432404148738,olivine,1.7049106470590678,0.21656740664419405,False
plagioclase,hand,t0434,0,28,1.0,False,1.0204291850333225,lcp,1.2372144611827616,0.2167852761494391,False
olivine,reassigned,t1250,1870841499,71,0.5,False,5.210684209814846,hcp,5.428212271361105,0.21752806154625937,False
hcp,hand,t0573,14,809,1.0,False,0.8605895317684978,olivine,1.0803565166783073,0.2197669849098095,False
hcp,hand,t0364,148,145,1.0,False,0.892582586967294,olivine,1.1124293515222845,0.21984676455499053,False
olivine,reassigned,t1250,2053156135,2125,1.0,False,5.441251635847274,hcp,5.661905147524867,0.22065351167759317,False
lcp,hand,t0434,186,28,1.0,False,1.0538837310963656,plagioclase,1.2764284121799943,0.22254468108362868,False
hcp,hand,t0364,165,10351,1.0,False,0.5103571978687501,plagioclase,0.7330367327279252,0.22267953485917513,False
olivine,reassigned,t1250,1608581515,1,1.0,True,7.257442252209869,hcp,7.4803391814639735,0.22289692925410431,False
plagioclase,hand,t0530,826,191,1.0,False,1.4942120048963896,lcp,1.7174995704503622,0.22328756555397256,False
plagioclase,hand,t0601,808,369,1.0,False,1.1385317269478734,olivine,1.3643617095411957,0.22582998259332232,False
plagioclase,hand,t0237,42,349,1.0,False,1.5254153049450065,lcp,1.752844374864265,0.2274290699192585,False
olivine,confirmed,t1371,2490875942,1275,1.0,False,1.4434957209758155,hcp,1.6721747401485023,0.22867901917268685,False
olivine,reassigned,t1250,1751952622,157,1.0,False,4.864316472410151,hcp,5.093039527493798,0.22872305508364743,False
hcp,hand,t0436,32,214,1.0,False,0.6305944265547758,plagioclase,0.8599306678478145,0.22933624129303865,False
plagioclase,hand,t0601,915,448,1.0,False,0.9449085678484057,olivine,1.174856038250273,0.22994747040186736,False
hcp,hand,t0433,155,330,1.0,False,1.2281138282983315,plagioclase,1.4581790814146507,0.2300652531163192,False
olivine,hand,t0433,227,26,1.0,False,3.6924003461073123,hcp,3.923983810267357,0.23158346416004472,False
olivine,hand,t0435,161,240,1.0,False,0.5751788500053796,hcp,0.8067724410019954,0.2315935909966158,False
hcp,hand,t0364,227,552,1.0,False,0.5314719789025881,olivine,0.76465208519661,0.23318010629402186,False
hcp,hand,t0436,22,49,1.0,False,0.7396716541895878,plagioclase,0.9740379451327857,0.23436629094319794,False
hcp,hand,t0433,98,13,1.0,False,1.1736522678537205,plagioclase,1.4092466742278602,0.23559440637413975,False
lcp,hand,t0236,51,532,1.0,False,0.9219534744220392,plagioclase,1.1575855382848885,0.2356320638628493,False
plagioclase,hand,t0236,90,22,1.0,False,1.1363029822921837,hcp,1.3732791133555529,0.23697613106336912,False
olivine,hand,t0237,23,139,1.0,False,2.757029579120939,alteration,2.9960056531441968,0.23897607402325782,False
plagioclase,hand,t0525,810,77,1.0,False,1.2600602219638222,olivine,1.5004193483676747,0.24035912640385249,False
olivine,hand,t0433,217,16,1.0,False,0.978590685581126,hcp,1.2192164592067511,0.2406257736256251,False
plagioclase,hand,t0602,909,34,1.0,False,1.640212561542409,lcp,1.8812718367597427,0.24105927521733372,False
plagioclase,hand,t0601,881,99,1.0,False,0.9945276840405037,olivine,1.2358277814049956,0.24130009736449187,False
olivine,reassigned,t1322,572859420,52,1.0,False,5.981553929001264,hcp,6.224519049580531,0.24296512057926645,False
olivine,reassigned,t1250,507235210,782,1.0,False,4.773259789775042,hcp,5.0162929405381576,0.24303315076311538,False
olivine,hand,t0361,2,44,1.0,False,1.363286308470512,plagioclase,1.6067932436955465,0.24350693522503453,False
hcp,hand,t0364,136,700,1.0,False,0.8401100489261574,olivine,1.0842906640772167,0.24418061515105938,False
olivine,reassigned,t1250,629153878,17,1.0,False,5.983380217212615,hcp,6.228184475710431,0.2448042584978154,False
olivine,hand,t0434,50,195,1.0,False,0.7158187041599606,plagioclase,0.960716666182574,0.24489796202261338,False
olivine,reassigned,t1250,3738271639,381,1.0,False,5.156681525255558,hcp,5.4033020077754745,0.24662048251991653,False
olivine,reassigned,t1250,2130109301,421,1.0,False,5.249764320756659,hcp,5.496813143304057,0.24704882254739768,False
plagioclase,hand,t0525,778,129,1.0,False,1.1950412216189958,lcp,1.4442495571056775,0.24920833548668164,False
plagioclase,hand,t0433,77,22,1.0,False,0.5715381702681654,hcp,0.8214115762930462,0.24987340602488073,False
hcp,hand,t0434,40,191,1.0,False,0.6178047562879143,olivine,0.8677943678763774,0.2499896115884631,False
olivine,confirmed,t1250,508179969,6,1.0,True,4.61468253532523,hcp,4.8649378057915245,0.2502552704662948,False
lcp,hand,t0600,221,113,1.0,False,0.9267282969762348,plagioclase,1.1778353636630268,0.25110706668679195,False
hcp,hand,t0433,89,160,1.0,False,1.0537198118845101,plagioclase,1.3048358930713297,0.2511160811868196,False
olivine,hand,t0433,71,31,1.0,False,1.9361917395176416,hcp,2.188391074666296,0.25219933514865445,False
plagioclase,hand,t0506,28,189,1.0,False,0.8425963363420611,olivine,1.0948774327177824,0.25228109637572127,False
hcp,hand,t0359,19,295,1.0,False,2.016477407677652,lcp,2.27036262230883,0.25388521463117764,False
plagioclase,hand,t0529,758,128,1.0,False,1.1030685908209144,hcp,1.357631389325818,0.2545627985049037,False
olivine,hand,t0507,34,82,1.0,False,0.7090881010897899,hcp,0.9637551984371912,0.25466709734740123,False
plagioclase,hand,t0531,959,2497,1.0,False,1.1013060468965592,olivine,1.356085521048149,0.25477947415158986,False
plagioclase,hand,t0531,1002,691,1.0,False,1.1985732243937939,olivine,1.4534275926590827,0.25485436826528884,False
lcp,hand,t0365,30,592,1.0,False,0.9652112389602977,plagioclase,1.2205910669649855,0.25537982800468784,False
plagioclase,hand,t0601,855,66,1.0,False,1.1820389853281104,olivine,1.4375911209897,0.25555213566158974,False
lcp,hand,t0433,437,43,1.0,False,0.9097332699894511,plagioclase,1.1656061446416355,0.25587287465218433,False
hcp,hand,t0436,84,152,1.0,False,0.6507111030572564,olivine,0.9074464089955677,0.2567353059383113,False
olivine,hand,t0240,89,9,1.0,True,1.0018683810542113,plagioclase,1.258776942119705,0.25690856106549376,False
hcp,hand,t0433,413,79,1.0,False,1.456111890368941,lcp,1.7154490132135993,0.2593371228446584,False
olivine,hand,t0290,68,34,1.0,False,0.5017206076383394,hcp,0.761929840524849,0.26020923288650966,False
plagioclase,hand,t0435,83,89,1.0,False,1.1019563212375636,olivine,1.3631381904401212,0.2611818692025576,False
hcp,hand,t0364,15,34,1.0,False,1.23315237612386,plagioclase,1.4945420906593159,0.2613897145354558,False
plagioclase,hand,t0600,923,101,1.0,False,1.07627171899279,olivine,1.3384460090186587,0.2621742900258688,False
lcp,hand,t0531,285,646,1.0,False,1.321310655239333,plagioclase,1.5854187221808438,0.2641080669415108,False
olivine,hand,t0433,303,17,1.0,False,0.834031336847816,hcp,1.098380603388259,0.264349266540443,False
olivine,hand,t0184,20,65,1.0,False,2.2945615252126386,alteration,2.559703493992962,0.26514196878032337,False
plagioclase,hand,t0435,193,9,1.0,True,0.7316936128253639,hcp,1.000189392841158,0.2684957800157941,False
olivine,hand,t0365,3,19,1.0,False,1.0403515862092505,hcp,1.311094509648351,0.27074292343910056,False
plagioclase,hand,t0363,33,909,1.0,False,0.6032596066025027,hcp,0.87688555650209,0.27362594989958733,False
plagioclase,hand,t0530,849,1147,1.0,False,1.2666936380325182,olivine,1.5408782272109949,0.27418458917847666,False
olivine,reassigned,t1322,3599990429,1590,1.0,False,2.903258483185713,hcp,3.1774922967063093,0.2742338135205964,False
olivine,hand,t0508,26,53,1.0,False,0.763371395668839,hcp,1.0382606699442438,0.27488927427540477,False
hcp,hand,t0237,34,58,1.0,False,0.991346590300572,olivine,1.2686199318098117,0.27727334150923966,False
hcp,hand,t0364,18,80,1.0,False,1.3408089019790566,lcp,1.6187318923795406,0.27792299040048407,False
hcp,hand,t0433,361,242,1.0,False,0.7091001870135554,olivine,0.9891323795872828,0.28003219257372747,False
plagioclase,hand,t0505,39,29,1.0,False,1.368296134446844,lcp,1.6483960012002212,0.28009986675337717,False
lcp,hand,t0364,155,181,1.0,False,1.3722510107989891,hcp,1.6530875533422464,0.2808365425432573,False
olivine,hand,t0433,88,109,1.0,False,0.5562543073614721,hcp,0.8384869582801927,0.28223265091872063,False
hcp,hand,t0645,2,709,1.0,False,0.8263535074837743,plagioclase,1.1086579229076035,0.2823044154238291,False
olivine,reassigned,t1250,3097466490,1534,1.0,False,5.7031697013206895,hcp,5.985498744078527,0.2823290427578371,False
olivine,hand,t0293,39,99,1.0,False,0.9076959114635992,hcp,1.1902326894545752,0.282536777990976,False
lcp,hand,t0435,215,149,1.0,False,1.8490481248354311,hcp,2.1330642407157607,0.2840161158803296,False
olivine,hand,t0433,66,287,1.0,False,4.241725786772589,hcp,4.526482599972071,0.28475681319948176,False
olivine,hand,t0434,68,46,1.0,False,1.2254664735141914,hcp,1.5104083398653825,0.2849418663511911,False
olivine,hand,t0579,11,120,1.0,False,2.5138760962047977,hcp,2.7995610880781103,0.28568499187331264,False
hcp,hand,t0433,41,47,1.0,False,2.1244332201769924,olivine,2.4112004908754474,0.286767270698455,False
lcp,hand,t0527,258,85,1.0,False,1.0936510209995403,plagioclase,1.3817481992926155,0.28809717829307524,False
hcp,hand,t0364,128,108,1.0,False,1.8034529376500212,olivine,2.0931163249074562,0.289663387257435,False
hcp,hand,t0436,14,40,1.0,False,1.9231779573426273,lcp,2.2157495573215464,0.29257159997891913,False
olivine,reassigned,t1250,3043635286,80,1.0,False,4.857435066218909,hcp,5.157809840074771,0.30037477385586175,False
plagioclase,hand,t0602,792,72,1.0,False,1.2584261021926986,lcp,1.5601707282980608,0.30174462610536223,False
olivine,reassigned,t1250,882193014,3,1.0,True,5.529719346501719,hcp,5.833020873968158,0.3033015274664388,False
hcp,hand,t0364,107,326,1.0,False,0.629122352661645,plagioclase,0.9325237603063218,0.3034014076446768,False
hcp,hand,t0435,223,679,1.0,False,1.2801328775896128,plagioclase,1.5837826420935506,0.30364976450393777,False
hcp,hand,t0435,225,1422,1.0,False,0.8721990838291901,olivine,1.1758647080088551,0.30366562417966503,False
olivine,confirmed,t1090,2673917997,1310,1.0,False,1.6185347407243007,hcp,1.9224835683982526,0.3039488276739519,False
olivine,reassigned,t1250,1310896496,9,1.0,True,6.765452484399997,hcp,7.070901005107604,0.305448520707607,False
plagioclase,hand,t0434,20,12,1.0,False,0.8008231139490934,hcp,1.107227492946349,0.3064043789972556,False
olivine,reassigned,t1250,215548930,65,1.0,False,4.393789057562633,hcp,4.700374057856206,0.3065850002935733,False
hcp,hand,t0433,125,866,1.0,False,0.9204043131515166,olivine,1.2278902586004976,0.307485945448981,False
plagioclase,hand,t0566,958,16590,1.0,False,2.076844512643884,alteration,2.386426963210392,0.3095824505665079,False
plagioclase,hand,t0435,141,122,1.0,False,0.6092000010436301,hcp,0.9204694597696985,0.31126945872606837,False
olivine,hand,t0433,381,58,1.0,False,1.723870376149655,hcp,2.036055419151063,0.3121850430014079,False
lcp,hand,t0672,166,56,1.0,False,1.6003556308915665,plagioclase,1.9126393916749092,0.31228376078334263,False
olivine,reassigned,t1322,1839447918,674,1.0,False,2.609954857300478,hcp,2.9233449183545464,0.3133900610540685,False
hcp,hand,t0363,23,877,1.0,False,1.3817812711555333,plagioclase,1.6955523619715611,0.31377109081602783,False
lcp,hand,t0528,119,259,1.0,False,1.189943030149175,plagioclase,1.5046513868007354,0.3147083566515605,False
olivine,reassigned,t1250,1972148975,95,1.0,False,4.953198452828008,hcp,5.268270267961263,0.3150718151332548,False
olivine,reassigned,t1322,928544586,91,1.0,False,5.740220429519304,hcp,6.0552966387697085,0.3150762092504049,False
hcp,hand,t0436,159,847,1.0,False,0.7801229282280283,olivine,1.0955467224338593,0.315423794205831,False
olivine,reassigned,t1250,1943457566,15,1.0,False,6.749491863068285,hcp,7.06542452145871,0.31593265839042495,False
lcp,hand,t0685,6,15841,1.0,False,2.1428373396656415,hcp,2.4591007219456293,0.31626338227998785,False
plagioclase,hand,t0602,878,88,1.0,False,1.736276938219791,olivine,2.0531124507912923,0.31683551257150144,False
olivine,hand,t0433,365,772,1.0,False,2.4332239720020943,hcp,2.7503568596973365,0.31713288769524217,False
lcp,hand,t0672,194,184,1.0,False,1.5517751232110337,plagioclase,1.8701488729610598,0.3183737497500261,False
hcp,hand,t0573,2,2473,1.0,False,3.376322925505529,lcp,3.6950102683653343,0.31868734285980516,False
lcp,hand,t0600,39,1644,1.0,False,1.278226456812039,plagioclase,1.5969575540952121,0.31873109728317317,False
hcp,hand,t0364,126,133,1.0,False,1.3112258458807249,olivine,1.6303194337600564,0.3190935878793315,False
olivine,reassigned,t1250,1851476434,163,1.0,False,4.8602636322953,hcp,5.179501835611479,0.31923820331617847,False
alteration,confirmed,t1393,2165961196,868,0.5,False,3.0711573799255643,lcp,3.3908106630190074,0.3196532830934431,False
lcp,hand,t0434,104,31,1.0,False,1.0405918361813902,plagioclase,1.3610381952702928,0.3204463590889026,False
plagioclase,hand,t0364,205,4,1.0,True,1.2079309573897565,olivine,1.5300440804493234,0.32211312305956685,False
lcp,hand,t0600,255,77,1.0,False,0.8555216095687228,plagioclase,1.1776572005079717,0.32213559093924893,False
hcp,hand,t0435,235,1654,1.0,False,0.6787039760565777,plagioclase,1.0014610157880166,0.3227570397314389,False
olivine,reassigned,t1322,1758637988,69,1.0,False,5.784622943456027,hcp,6.107602198933037,0.32297925547701034,False
plagioclase,hand,t0236,74,149,1.0,False,1.56317165334306,olivine,1.8863171356248765,0.3231454822818165,False
plagioclase,hand,t0600,782,350,1.0,False,1.1740822388739682,olivine,1.4982540761130754,0.32417183723910714,False
plagioclase,hand,t0525,856,164,1.0,False,0.7895285135954095,lcp,1.1137354770050332,0.3242069634096236,False
olivine,hand,t0364,79,66,1.0,False,0.8898569065954632,plagioclase,1.2159215980424072,0.32606469144694394,False
hcp,hand,t0435,275,34,1.0,False,1.769635928005448,plagioclase,2.0964124616973807,0.3267765336919328,False
olivine,reassigned,t1250,3735333078,158,1.0,False,6.170257850186399,hcp,6.497073433559535,0.3268155833731363,False
olivine,hand,t0435,131,29,1.0,False,1.6292595789634838,hcp,1.9564635443882594,0.3272039654247756,False
olivine,hand,t0434,60,82,1.0,False,0.7802569144461229,hcp,1.1083766665546482,0.3281197521085253,False
lcp,hand,t0433,317,25,1.0,False,0.942681693003884,plagioclase,1.271215828625988,0.328534135622104,False
plagioclase,hand,t0531,1000,906,1.0,False,1.1437843674505754,lcp,1.4723798804468615,0.3285955129962861,False
lcp,hand,t0599,295,175,1.0,False,1.7101342786497913,plagioclase,2.0387628932344497,0.3286286145846584,False
olivine,hand,t0436,122,94,1.0,False,0.9733462002866157,hcp,1.3024668104867336,0.32912061020011796,False
olivine,reassigned,t1250,1853025814,19,1.0,False,6.5992534647200864,hcp,6.928988255952151,0.32973479123206495,False
lcp,confirmed,t1250,4087713678,35,1.0,False,8.95830798081499,hcp,9.288083894203655,0.32977591338866574,False
olivine,reassigned,t1035,1173468315,9,1.0,True,2.1902380511980204,hcp,2.5209202196622065,0.3306821684641861,False
olivine,reassigned,t1322,2631963771,530,1.0,False,6.390603487394187,hcp,6.7234031738001905,0.33279968640600366,False
olivine,reassigned,t1250,438237383,374,1.0,False,6.081025371713688,hcp,6.4152566245239635,0.33423125281027577,False
hcp,hand,t0435,14,72,1.0,False,0.9611934512033314,plagioclase,1.2971150514560468,0.33592160025271534,False
olivine,reassigned,t1250,2029277453,92,1.0,False,4.852693718264238,hcp,5.189653147974464,0.33695942971022586,False
olivine,hand,t0432,9,525,1.0,False,1.043839267941512,hcp,1.380940217556655,0.3371009496151429,False
olivine,hand,t0435,113,89,1.0,False,1.701952680826607,hcp,2.039055718601203,0.3371030377745958,False
olivine,reassigned,t1322,1267046842,169,1.0,False,4.283019425391065,hcp,4.62040847444225,0.3373890490511853,False
olivine,reassigned,t1250,4067559310,126,1.0,False,6.071904921742555,hcp,6.409440700824835,0.3375357790822795,False
olivine,reassigned,t1250,2089137153,486,1.0,False,4.52748448076773,hcp,4.865289046546193,0.3378045657784634,False
olivine,hand,t0435,389,137,1.0,False,1.233357919670439,hcp,1.5717721390742396,0.3384142194038007,False
olivine,hand,t0434,42,57,1.0,False,0.7149403691453317,hcp,1.0540587751583568,0.3391184060130251,False
olivine,hand,t0361,12,65,1.0,False,2.069604630308718,hcp,2.4089493658675645,0.33934473555884637,False
olivine,hand,t0433,273,22,1.0,False,0.9994792330759703,hcp,1.340333900218143,0.3408546671421726,False
olivine,hand,t0364,95,116,1.0,False,0.7023697317425545,hcp,1.0442568186824275,0.341887086939873,False
olivine,reassigned,t1250,2316404005,18,1.0,False,8.006123198050096,hcp,8.34867964767209,0.34255644962199483,False
olivine,reassigned,t1322,864088947,10,1.0,False,4.521538369500351,hcp,4.86570024131714,0.34416187181678914,False
plagioclase,hand,t0240,8,223,1.0,False,1.2971748547228188,lcp,1.6425035610829652,0.34532870636014645,False
hcp,hand,t0364,158,95,1.0,False,0.5150629338731982,olivine,0.8618835748047236,0.3468206409315253,False
olivine,hand,t0294,35,106,1.0,False,1.1030572126082339,plagioclase,1.4511339499472136,0.3480767373389797,False
plagioclase,hand,t0602,944,492,1.0,False,0.9953090473852653,lcp,1.3437830232706247,0.34847397588535944,False
hcp,hand,t0573,20,2159,1.0,False,1.4149804900396463,olivine,1.7635318919278469,0.34855140188820055,False
olivine,reassigned,t1250,2247553757,261,1.0,False,6.664805405174961,hcp,7.013496308501993,0.34869090332703223,False
hcp,hand,t0433,118,21,1.0,False,0.5876518254810607,plagioclase,0.936704367784086,0.3490525423030253,False
olivine,hand,t0364,213,30,1.0,False,0.634605053661145,plagioclase,0.9848053235618415,0.3502002699006965,False
olivine,reassigned,t1250,268563902,42,1.0,False,6.0722445090359916,hcp,6.425190900891813,0.3529463918558218,False
hcp,hand,t0433,128,189,1.0,False,0.6779588220592244,plagioclase,1.0315762054108573,0.35361738335163284,False
olivine,reassigned,t1322,942123603,321,1.0,False,7.5877091668488434,hcp,7.942517409554078,0.3548082427052348,False
lcp,hand,t0579,53,147,1.0,False,1.3369078065864612,hcp,1.694121791198953,0.35721398461249176,False
lcp,hand,t0600,64,83,1.0,False,1.0856949592529732,plagioclase,1.443046997863889,0.3573520386109157,False
lcp,hand,t0364,273,726,1.0,False,0.8149112400619429,plagioclase,1.172970664178593,0.35805942411665015,False
olivine,hand,t0433,13,477,1.0,False,0.951886815389952,hcp,1.3106235773701842,0.3587367619802322,False
hcp,confirmed,t1032,3665518634,18,1.0,False,3.482920514113954,olivine,3.8422168844765276,0.35929637036257356,False
olivine,hand,t0240,51,1259,1.0,False,0.9692266547118488,plagioclase,1.3287289491389798,0.359502294427131,False
lcp,hand,t0685,10,11259,1.0,False,2.0354301457052886,hcp,2.395000989389973,0.3595708436846845,False
olivine,reassigned,t1250,2492306659,351,1.0,False,6.469204335260756,hcp,6.829088437941194,0.35988410268043847,False
olivine,reassigned,t1250,4118204433,490,1.0,False,6.418397168279705,hcp,6.77884908464458,0.36045191636487495,False
olivine,reassigned,t1250,1195776019,240,1.0,False,5.371987322372923,hcp,5.7325349144333,0.3605475920603771,False
plagioclase,hand,t0600,770,92,1.0,False,0.7376057229711449,olivine,1.0982513781842265,0.36064565521308156,False
plagioclase,hand,t0602,949,5526,1.0,False,0.9742651037449365,hcp,1.3352086110622825,0.36094350731734604,False
plagioclase,hand,t0600,875,131,1.0,False,1.679897515813339,olivine,2.0409567717683124,0.36105925595497346,False
plagioclase,hand,t0600,961,67,1.0,False,1.3107102145467062,lcp,1.6739898662817974,0.36327965173509114,False
hcp,hand,t0435,305,88,1.0,False,1.242442679978602,olivine,1.6059819212305813,0.36353924125197934,False
hcp,hand,t0434,58,1172,1.0,False,0.7318040394571358,plagioclase,1.095483231680987,0.36367919222385126,False
hcp,hand,t0573,16,598,1.0,False,1.1229302380850643,olivine,1.4880545561418974,0.3651243180568331,False
lcp,hand,t0530,272,692,1.0,False,0.8495535345920536,plagioclase,1.2148122622387099,0.36525872764665623,False
olivine,reassigned,t1322,713201724,247,1.0,False,4.742582456380663,hcp,5.108818241544835,0.36623578516417243,False
olivine,reassigned,t1250,2075642043,53,1.0,False,7.304337939711604,hcp,7.67067146354253,0.3663335238309262,False
olivine,hand,t0433,99,26,1.0,False,0.8179456688059245,hcp,1.1847688345010512,0.36682316569512674,False
plagioclase,hand,t0600,877,202,1.0,False,1.9929929627508896,olivine,2.3606338960174007,0.36764093326651115,False
olivine,reassigned,t1322,1399173306,71,1.0,False,5.84080485664352,hcp,6.209079654015919,0.36827479737239877,False
olivine,hand,t0240,49,303,1.0,False,1.4699861950868907,plagioclase,1.8396405778006024,0.36965438271371176,False
olivine,reassigned,t1322,1418989233,519,1.0,False,5.907508125358146,hcp,6.277812531624394,0.37030440626624817,False
lcp,hand,t0240,71,52,1.0,False,1.3363335873343074,plagioclase,1.706870092301763,0.3705365049674556,False
olivine,reassigned,t1322,3242552342,14,1.0,False,5.8161920126138105,hcp,6.187282799398247,0.3710907867844364,False
hcp,hand,t0434,52,1106,1.0,False,0.48523133925462697,plagioclase,0.8568108915415789,0.3715795522869519,False
olivine,hand,t0506,54,15,1.0,False,0.9740485554505619,hcp,1.3460587915472302,0.3720102360966683,False
olivine,hand,t0434,72,148,1.0,False,0.7888827100717163,hcp,1.1609332267806356,0.3720505167089193,False
plagioclase,hand,t0599,872,101,1.0,False,1.2797129708380457,lcp,1.6532561404523853,0.37354316961433964,False
lcp,hand,t0599,59,73,1.0,False,1.3212362994240996,plagioclase,1.6962409442050257,0.3750046447809261,False
lcp,hand,t0508,6,852,1.0,False,0.7696062302771354,plagioclase,1.1458207271148637,0.37621449683772834,False
lcp,hand,t0435,287,197,1.0,False,2.1010867351595492,hcp,2.4774815829061407,0.3763948477465915,False
lcp,hand,t0600,139,97,1.0,False,1.0007821211780847,plagioclase,1.3776272501295703,0.3768451289514856,False
hcp,hand,t0362,1,4743,1.0,False,0.8755577703332589,plagioclase,1.2524780823595216,0.37692031202626275,False
hcp,hand,t0363,14,89,1.0,False,0.686224352991363,plagioclase,1.0637098628964936,0.37748550990513063,False
hcp,hand,t0433,149,214,1.0,False,0.9190504383875003,plagioclase,1.2971117741933706,0.3780613358058703,False
hcp,hand,t0436,5,25,1.0,False,0.5686788728628873,olivine,0.9477322612857241,0.37905338842283676,False
olivine,hand,t0363,89,89,1.0,False,1.9990524830439695,hcp,2.3787366563834427,0.37968417333947313,False
olivine,hand,t0363,35,452,1.0,False,0.9659722788033356,plagioclase,1.3457636356818306,0.37979135687849497,False
plagioclase,hand,t0363,50,74,1.0,False,1.0754039722564384,hcp,1.4555696787947348,0.3801657065382964,False
olivine,reassigned,t1322,284728507,14,1.0,False,6.089366040869092,hcp,6.469876343520498,0.3805103026514054,False
hcp,hand,t0436,10,41,1.0,False,1.1500044335575665,olivine,1.531335658018653,0.38133122446108647,False
lcp,hand,t0364,66,54,1.0,False,1.2529606596881726,plagioclase,1.6353951473240427,0.38243448763587007,False
lcp,hand,t0364,13,57,1.0,False,0.8500583337879883,plagioclase,1.2342498653778566,0.3841915315898683,False
olivine,reassigned,t1250,4173007584,11,1.0,False,7.280440727765245,hcp,7.665571452373338,0.38513072460809283,False
plagioclase,hand,t0433,183,99,1.0,False,0.537431932607732,hcp,0.922856955311828,0.38542502270409595,False
olivine,hand,t0505,12,57,1.0,False,3.5016308187971124,hcp,3.88763299648062,0.38600217768350786,False
lcp,hand,t0364,174,2082,1.0,False,1.0473824868383652,plagioclase,1.4335057651859684,0.3861232783476032,False
olivine,hand,t0433,201,16,1.0,False,0.6912476304502775,hcp,1.0773979283047825,0.38615029785450505,False
hcp,hand,t0435,269,554,1.0,False,0.6451922446570425,olivine,1.031933195213095,0.3867409505560525,False
lcp,hand,t0432,61,65,1.0,False,3.2763618720875423,hcp,3.6636655369554796,0.3873036648679373,False
hcp,hand,t0364,199,53,1.0,False,0.902714407898926,plagioclase,1.2919141814957917,0.38919977359686575,False
olivine,reassigned,t1322,2772646790,2,1.0,True,7.218631139425498,hcp,7.60784212117777,0.38921098175227176,False
hcp,hand,t0365,56,182,1.0,False,0.7117247802737029,plagioclase,1.1027029473465302,0.3909781670728273,False
lcp,hand,t0433,385,6,1.0,True,1.8448019390690196,hcp,2.235864624403498,0.3910626853344785,False
olivine,hand,t0240,91,182,1.0,False,2.4411142474662797,alteration,2.832849779558874,0.39173553209259415,False
plagioclase,hand,t0530,910,23,1.0,False,1.8025723260812183,lcp,2.194484674387666,0.3919123483064475,False
olivine,reassigned,t1250,1960053016,77,1.0,False,5.207648546301332,hcp,5.599636101736244,0.3919875554349117,False
plagioclase,hand,t0436,114,46,1.0,False,0.5800750348044584,hcp,0.9722576916390597,0.3921826568346013,False
plagioclase,hand,t0236,12,226,1.0,False,0.9506174483273554,olivine,1.3435749199138192,0.39295747158646377,False
plagioclase,hand,t0525,924,65,1.0,False,1.166241537472185,lcp,1.5593261268631764,0.39308458939099133,False
lcp,hand,t0236,88,145,1.0,False,0.9021316145247122,plagioclase,1.2968443100880995,0.3947126955633873,False
olivine,hand,t0434,26,49,1.0,False,2.0144084397212554,hcp,2.409233935479285,0.3948254957580297,False
lcp,hand,t0364,77,1771,1.0,False,0.7371434409057196,plagioclase,1.134595487184408,0.39745204627868835,False
olivine,hand,t0240,0,450,1.0,False,2.578756102987699,alteration,2.9771220327450565,0.3983659297573574,False
plagioclase,hand,t0638,949,48465,1.0,False,1.6024631621737626,lcp,2.0019403114063707,0.39947714923260813,False
olivine,reassigned,t1250,3713646366,305,1.0,False,4.033929030345452,hcp,4.435984463018509,0.4020554326730572,False
plagioclase,hand,t0435,89,12,1.0,False,1.1423608909227398,olivine,1.5446189173361962,0.4022580264134563,False
lcp,hand,t0505,104,103,1.0,False,0.9856451163288832,plagioclase,1.3889754025127559,0.4033302861838727,False
hcp,hand,t0359,25,3014,1.0,False,0.7989980907995131,plagioclase,1.2047094703612244,0.4057113795617113,False
plagioclase,hand,t0602,1012,105,1.0,False,1.100935237143052,lcp,1.5069267840601517,0.4059915469170996,False
olivine,hand,t0507,40,61,1.0,False,0.810929328736731,hcp,1.2170727444049492,0.4061434156682182,False
olivine,hand,t0435,43,1067,1.0,False,0.8801539560198776,plagioclase,1.2870138735238124,0.4068599175039348,False
olivine,reassigned,t1250,666636202,241,1.0,False,5.140599686897867,hcp,5.549951222910605,0.4093515360127373,False
hcp,hand,t0433,123,103,1.0,False,0.8119257673593961,olivine,1.2212883950515478,0.4093626276921517,False
plagioclase,hand,t0636,769,6130,1.0,False,2.1067024982897538,lcp,2.516223363475427,0.40952086518567343,False
olivine,reassigned,t1322,2356443602,81,1.0,False,5.4934012307723155,hcp,5.903181107738564,0.4097798769662484,False
olivine,hand,t0364,193,109,1.0,False,1.0027182132737558,hcp,1.412688031461885,0.4099698181881293,False
plagioclase,hand,t0530,773,239,1.0,False,1.1177575652527156,olivine,1.527820889202448,0.41006332394973244,False
plagioclase,hand,t0602,977,176,1.0,False,1.6932188703724338,lcp,2.1045824580844164,0.41136358771198256,False
olivine,hand,t0505,84,34,1.0,False,0.9577954970141446,hcp,1.3721324438686333,0.41433694685448874,False
alteration,tag,t1374,3211570802,150,1.0,False,1.5037110986036155,plagioclase,1.918935693653507,0.4152245950498914,False
plagioclase,hand,t0531,779,1032,1.0,False,0.995933929741924,olivine,1.4131290977196285,0.4171951679777045,False
olivine,hand,t0434,16,98,1.0,False,1.0459783175542718,hcp,1.4641981515412583,0.4182198339869865,False
plagioclase,hand,t0237,57,280,1.0,False,1.5207524645021533,lcp,1.939058557998925,0.4183060934967717,False
plagioclase,hand,t0436,169,34,1.0,False,0.5629794392308118,hcp,0.9813815941496441,0.41840215491883226,False
olivine,hand,t0364,110,1302,1.0,False,0.6408413211492003,hcp,1.0593372422689409,0.41849592111974054,False
lcp,hand,t0531,61,2938,1.0,False,1.027094474136599,plagioclase,1.4473017135809298,0.4202072394443308,False
lcp,hand,t0578,6,20,1.0,False,1.1199899859641935,plagioclase,1.540296943131393,0.42030695716719957,False
olivine,reassigned,t1250,364252796,178,1.0,False,8.394107730009539,hcp,8.815085473284432,0.4209777432748929,False
lcp,hand,t0431,23,115,1.0,False,1.1489329563522679,plagioclase,1.5703943588801277,0.4214614025278598,False
hcp,hand,t0435,53,87,1.0,False,0.9428818064625722,plagioclase,1.3647895889021349,0.4219077824395626,False
olivine,hand,t0236,19,103,1.0,False,1.0384698953445564,plagioclase,1.4609451169027654,0.42247522155820905,False
plagioclase,hand,t0602,982,317,1.0,False,0.9589982210916338,olivine,1.3819189726227707,0.42292075153113695,False
olivine,reassigned,t1250,538220647,23,1.0,False,5.249660855184144,hcp,5.673773501356629,0.42411264617248445,False
olivine,reassigned,t1322,3348197411,398,1.0,False,4.440260474954127,hcp,4.865383115080221,0.42512264012609435,False
olivine,hand,t0236,76,160,1.0,False,2.5554454434380545,alteration,2.981833894593065,0.42638845115501045,False
plagioclase,hand,t0293,8,143,1.0,False,1.2705575251507362,lcp,1.697224621170123,0.4266670960193868,False
olivine,hand,t0434,24,13,1.0,False,1.0533078520426074,hcp,1.4802481889527663,0.426940336910159,False
lcp,hand,t0579,55,299,1.0,False,1.9365315091750581,hcp,2.3637791492478377,0.4272476400727796,False
olivine,hand,t0503,2,15748,1.0,False,1.9191183403050438,hcp,2.3475045999569133,0.4283862596518695,False
hcp,hand,t0433,403,29,1.0,False,0.645512512101849,plagioclase,1.0748926148211124,0.4293801027192634,False
hcp,hand,t0573,18,311,1.0,False,1.0218609297426566,olivine,1.4548624007896964,0.4330014710470398,False
olivine,hand,t0433,44,16,1.0,False,2.5329813869333777,hcp,2.966676862964303,0.4336954760309255,False
plagioclase,hand,t0602,837,460,1.0,False,1.1465799549450248,lcp,1.5807529518213994,0.43417299687637456,False
olivine,reassigned,t1322,164833533,47,1.0,False,7.631506349482803,hcp,8.067789387131093,0.43628303764829024,False
lcp,hand,t0524,87,142,1.0,False,1.471334198512268,plagioclase,1.9081047730891585,0.4367705745768904,False
olivine,hand,t0433,12,537,1.0,False,1.6127632046397025,hcp,2.0500679218736746,0.43730471723397213,False
olivine,hand,t0433,87,14,1.0,False,1.1142743799863863,hcp,1.553952708311476,0.4396783283250896,False
hcp,hand,t0364,58,32,1.0,False,0.7899271324317332,plagioclase,1.2309453495630636,0.4410182171313304,False
olivine,reassigned,t1322,3372180841,82,1.0,False,5.4811700138432355,hcp,5.922202011952579,0.44103199810934335,False
plagioclase,hand,t0636,823,32824,1.0,False,2.0975384821745435,lcp,2.5388394825929446,0.44130100041840103,False
plagioclase,hand,t0602,880,2107,1.0,False,0.691141357722485,hcp,1.1337187800864768,0.4425774223639918,False
lcp,hand,t0600,284,907,1.0,False,1.287799521157177,plagioclase,1.7311135367990091,0.44331401564183204,False
olivine,hand,t0578,12,30,1.0,False,1.8214431581036956,hcp,2.2652723506453594,0.44382919254166375,False
plagioclase,hand,t0600,894,46,1.0,False,1.5780249238560058,olivine,2.0233262807822676,0.4453013569262618,False
plagioclase,hand,t0506,30,45,1.0,False,0.7673758581690788,lcp,1.2128393552738623,0.4454634971047835,False
olivine,hand,t0506,50,29,1.0,False,1.9076643114471,hcp,2.353589136721864,0.44592482527476407,False
hcp,hand,t0433,126,99,1.0,False,1.440559150437203,lcp,1.8881392081179595,0.4475800576807565,False
olivine,hand,t0435,69,52,1.0,False,0.44973522586846143,hcp,0.8976001370898447,0.4478649112213832,False
olivine,hand,t0434,96,235,1.0,False,0.6472372288616564,hcp,1.0956331517506923,0.44839592288903596,False
hcp,hand,t0436,13,572,1.0,False,1.4893743366490866,olivine,1.9378941058682244,0.44851976921913783,False
hcp,hand,t0433,140,158,1.0,False,1.0568133571733422,plagioclase,1.5057602695371992,0.448946912363857,False
hcp,hand,t0433,213,108,1.0,False,0.9578685766374861,plagioclase,1.4077813369310639,0.44991276029357774,False
olivine,hand,t0433,387,267,1.0,False,2.1808205306614243,hcp,2.63179378433092,0.4509732536694955,False
hcp,hand,t0685,0,264,1.0,False,2.658513533125773,olivine,3.109517602340631,0.451004069214858,False
plagioclase,hand,t0600,939,225,1.0,False,0.965682740346269,hcp,1.416884036930917,0.451201296584648,False
lcp,hand,t0437,70,554,1.0,False,1.2692366401366963,hcp,1.7205620273565339,0.4513253872198375,False
lcp,hand,t0433,427,34,1.0,False,1.399027322454039,hcp,1.8513065221444296,0.45227919969039054,False
olivine,hand,t0432,79,75,1.0,False,1.3109515633417939,plagioclase,1.7635769812530686,0.45262541791127475,False
lcp,hand,t0293,12,501,1.0,False,1.3848699568132776,hcp,1.8378164112443687,0.45294645443109105,False
olivine,hand,t0507,18,43,1.0,False,1.326695236169517,hcp,1.779876856502882,0.45318162033336495,False
olivine,reassigned,t1322,1437827028,106,1.0,False,8.65833904055826,hcp,9.111721338830536,0.4533822982722757,False
plagioclase,hand,t0526,886,230,1.0,False,0.727556449898744,olivine,1.1828821742857127,0.4553257243869687,False
plagioclase,hand,t0525,938,338,1.0,False,0.7884552892248617,hcp,1.2451234987070658,0.4566682094822041,False
olivine,reassigned,t1035,1532185302,1565,1.0,False,2.3211432416685636,hcp,2.778835951637818,0.45769270996925426,False
lcp,hand,t0504,108,110,1.0,False,1.1217794749300847,plagioclase,1.5803336508701726,0.45855417594008796,False
lcp,hand,t0504,110,35,1.0,False,1.793764862875796,plagioclase,2.2532266691160765,0.45946180624028043,False
hcp,hand,t0435,4,54,1.0,False,0.4923782591069888,olivine,0.9524303867339512,0.4600521276269624,False
plagioclase,hand,t0598,912,1348,1.0,False,0.9445411672138135,lcp,1.4051987007668212,0.46065753355300765,False
plagioclase,hand,t0432,71,10,1.0,False,1.2423661684357141,olivine,1.7045994945801997,0.46223332614448553,False
olivine,hand,t0433,239,200,1.0,False,1.1408604317535433,hcp,1.6034038341408121,0.46254340238726876,False
plagioclase,hand,t0527,848,284,1.0,False,1.5556186473756812,olivine,2.0194412446920262,0.463822597316345,False
olivine,reassigned,t1322,102389813,190,1.0,False,8.632754545441488,hcp,9.097483815301196,0.4647292698597081,False
olivine,hand,t0363,20,23,1.0,False,3.5493938770774425,alteration,4.014962929196446,0.46556905211900323,False
olivine,reassigned,t1322,2321039063,10,1.0,False,8.88371359908573,hcp,9.349368527058727,0.4656549279729969,False
lcp,hand,t0598,82,522,1.0,False,1.4673388400582565,plagioclase,1.9341941000266714,0.4668552599684148,False
hcp,hand,t0364,137,1057,1.0,False,2.9321118206401797,lcp,3.39954185223848,0.4674300315983002,False
plagioclase,hand,t0525,966,89,1.0,False,0.8362160928512271,hcp,1.3047787762951686,0.4685626834439415,False
olivine,hand,t0433,353,26,1.0,False,2.0390976731234187,hcp,2.5076858022877535,0.4685881291643348,False
olivine,hand,t0436,16,233,1.0,False,2.8094070584822513,hcp,3.2791994256183363,0.4697923671360851,False
olivine,hand,t0435,10,23,1.0,False,1.0780095937289826,plagioclase,1.5504150316223446,0.472405437893362,False
olivine,hand,t0434,82,376,1.0,False,1.3718652642396993,hcp,1.8446643628288506,0.47279909858915126,False
hcp,hand,t0433,30,144,1.0,False,0.5737114302284226,plagioclase,1.046569394691979,0.4728579644635563,False
hcp,hand,t0364,133,120,1.0,False,0.6644107711180292,olivine,1.1384629745240948,0.4740522034060657,False
olivine,hand,t0237,10,565,1.0,False,2.000604715773495,plagioclase,2.4748248200482803,0.4742201042747851,False
olivine,reassigned,t1322,2323563900,4,1.0,True,5.666752860622207,hcp,6.141791359778953,0.4750384991567458,False
lcp,hand,t0599,50,62,1.0,False,1.574074660874685,plagioclase,2.0494400119296565,0.4753653510549716,False
olivine,reassigned,t1035,253391217,37,1.0,False,2.275232417203921,hcp,2.7509007123815445,0.47566829517762343,False
olivine,reassigned,t1322,3534880298,191,1.0,False,4.122036817774306,hcp,4.597740688181106,0.4757038704068002,False
plagioclase,hand,t0602,817,241,1.0,False,1.1256280892920985,lcp,1.6025365321819185,0.47690844288982004,False
hcp,hand,t0433,179,21,1.0,False,1.1792868079138759,plagioclase,1.656282164696145,0.4769953567822691,False
olivine,hand,t0294,19,371,1.0,False,0.868197191889815,plagioclase,1.3469520435423954,0.47875485165258036,False
olivine,hand,t0435,448,19,1.0,False,2.0148537341443986,hcp,2.495294252010201,0.48044051786580244,False
plagioclase,hand,t0600,806,219,1.0,False,0.9733720470742845,olivine,1.4541896548058904,0.48081760773160587,False
hcp,hand,t0364,119,329,1.0,False,0.571367166319071,plagioclase,1.0522967224692898,0.4809295561502188,False
olivine,hand,t0435,391,8,1.0,True,1.6616007238665185,hcp,2.1432673986550945,0.48166667478857605,False
lcp,hand,t0504,38,61,1.0,False,1.5428494062538736,plagioclase,2.0247161180793465,0.4818667118254729,False
hcp,hand,t0434,208,69,1.0,False,2.5785136001648366,olivine,3.0617186035425847,0.4832050033777482,False
lcp,hand,t0530,232,380,1.0,False,1.3048659201484862,plagioclase,1.788749770539512,0.48388385039102566,False
lcp,hand,t0602,138,160,1.0,False,1.1623727805706605,plagioclase,1.6470583647571253,0.4846855841864648,False
lcp,hand,t0433,64,8,1.0,True,1.45267428957098,hcp,1.9382629238512343,0.4855886342802542,False
olivine,reassigned,t1250,522369562,99,1.0,False,3.9817521190715417,hcp,4.4674477370391035,0.4856956179675618,False
hcp,hand,t0364,49,978,1.0,False,0.9731042042575653,plagioclase,1.4591918610106887,0.4860876567531234,False
olivine,hand,t0435,450,17,1.0,False,0.5043474909102299,hcp,0.9907492777658531,0.4864017868556232,False
hcp,hand,t0364,147,83,1.0,False,0.8658875799399606,plagioclase,1.3539562781392245,0.4880686981992639,False
olivine,hand,t0434,78,190,1.0,False,0.9900938646108621,plagioclase,1.4792888798884192,0.48919501527755704,False
plagioclase,hand,t0598,986,203,1.0,False,1.2997968070459263,olivine,1.7894306691243758,0.4896338620784495,False
olivine,hand,t0433,11,796,1.0,False,1.0929965819715988,hcp,1.5826740276678222,0.4896774456962234,False
olivine,hand,t0237,40,555,1.0,False,2.513248063579174,plagioclase,3.0030694921722083,0.48982142859303446,False
lcp,hand,t0528,214,133,1.0,False,1.0699676823397604,plagioclase,1.5600670684581248,0.49009938611836446,False
plagioclase,hand,t0525,975,1158,1.0,False,1.3764339150044738,olivine,1.8674047350494287,0.49097082004495496,False
olivine,hand,t0435,446,19,1.0,False,1.5207174009631808,hcp,2.0122155871031207,0.4914981861399399,False
hcp,hand,t0359,27,2442,1.0,False,1.049661698923661,plagioclase,1.5411795207167913,0.4915178217931304,False
lcp,hand,t0600,170,154,1.0,False,2.6663193561931906,plagioclase,3.1579373943407965,0.49161803814760585,False
hcp,hand,t0433,104,16,1.0,False,1.0334377601663276,olivine,1.525613595965881,0.4921758357995534,False
olivine,hand,t0433,108,615,1.0,False,2.9484002068546955,hcp,3.440682526842723,0.4922823199880275,False
olivine,hand,t0240,20,39,1.0,False,1.6128367663561731,plagioclase,2.1053259782407805,0.49248921188460737,False
hcp,hand,t0433,177,50,1.0,False,1.167540977331839,plagioclase,1.6611643353018855,0.4936233579700464,False
hcp,hand,t0359,26,596,1.0,False,1.5295022740980126,lcp,2.023416616857348,0.4939143427593353,False
hcp,hand,t0436,17,39,1.0,False,1.004036938299581,olivine,1.4986474783620827,0.4946105400625016,False
olivine,hand,t0506,16,50,1.0,False,0.8268851530155494,hcp,1.3267527207583638,0.4998675677428144,False
hcp,hand,t0436,11,110,1.0,False,1.2421688096252879,olivine,1.7426597291332122,0.5004909195079243,False
plagioclase,hand,t0599,940,685,1.0,False,1.2854080266611825,olivine,1.7883218043583609,0.5029137776971784,False
olivine,reassigned,t1322,3778113542,668,1.0,False,2.252684999105486,hcp,2.7565722910732755,0.5038872919677897,False
plagioclase,hand,t0435,191,20,1.0,False,0.5581232437554721,hcp,1.0622177564044237,0.5040945126489517,False
plagioclase,hand,t0602,962,82,1.0,False,1.1927693929269465,olivine,1.6972399570585281,0.5044705641315816,False
hcp,hand,t0364,105,86,1.0,False,0.5357722852632629,plagioclase,1.0411908497289375,0.5054185644656746,False
plagioclase,hand,t0600,851,321,1.0,False,1.0844178661064696,olivine,1.5902905563091339,0.5058726902026642,False
olivine,hand,t0361,23,19,1.0,False,0.93031052251189,plagioclase,1.4368763145622512,0.5065657920503612,False
olivine,hand,t0236,108,151,1.0,False,1.7994765499679402,plagioclase,2.3061137685816155,0.5066372186136754,False
lcp,hand,t0436,119,278,1.0,False,1.4208439304235425,plagioclase,1.92942157165503,0.5085776412314875,False
plagioclase,hand,t0528,870,132,1.0,False,1.8514794870008213,lcp,2.3601499865820545,0.5086704995812332,False
olivine,reassigned,t1322,1475640137,46,1.0,False,6.6085955715856,hcp,7.118335947240889,0.509740375655289,False
lcp,hand,t0531,215,44,1.0,False,1.5484544342813573,plagioclase,2.0601672500701422,0.5117128157887849,False
olivine,reassigned,t1322,4080206213,375,1.0,False,6.04278202934966,hcp,6.554639353506903,0.5118573241572424,False
lcp,hand,t0600,214,56,1.0,False,1.0767510391348027,plagioclase,1.5886274792397341,0.5118764401049314,False
plagioclase,hand,t0600,830,353,1.0,False,0.7423001396091242,hcp,1.25430879500397,0.5120086553948457,False
plagioclase,hand,t0293,10,41,1.0,False,1.3742234216509326,olivine,1.8867776216619305,0.5125542000109979,False
plagioclase,hand,t0638,852,5851,1.0,False,1.6391111351955818,lcp,2.1518333688940587,0.5127222336984769,False
alteration,tag,t1090,1157625696,153,1.0,False,1.7075226686352043,olivine,2.2203782195398443,0.51285555090464,False
olivine,hand,t0433,335,18,1.0,False,0.9332337450009984,hcp,1.4475236571002983,0.5142899120992999,False
plagioclase,hand,t0601,1009,191,1.0,False,0.6493063742956535,hcp,1.164100650856264,0.5147942765606104,False
plagioclase,hand,t0527,787,53,1.0,False,0.755712410545705,hcp,1.2710418689395548,0.5153294583938498,False
plagioclase,hand,t0601,838,605,1.0,False,1.0378465582169873,lcp,1.553840263587799,0.5159937053708117,False
plagioclase,hand,t0435,417,10,1.0,False,0.6360998864208135,olivine,1.1541676029993873,0.5180677165785738,False
olivine,reassigned,t1035,1953606715,22,1.0,False,2.448173582072039,hcp,2.96695069419903,0.5187771121269908,False
plagioclase,hand,t0236,80,14,1.0,False,1.1115505975051128,lcp,1.6305885909223636,0.5190379934172509,False
lcp,hand,t0435,139,33,1.0,False,2.135794191954584,plagioclase,2.6556452570628677,0.5198510651082837,False
olivine,hand,t0434,228,32,1.0,False,1.0101549907190746,hcp,1.530307305804257,0.5201523150851823,False
olivine,hand,t0433,275,14,1.0,False,2.3660398086111334,hcp,2.886414589590162,0.5203747809790285,False
olivine,reassigned,t1035,1696327084,43,1.0,False,2.5817884274849843,hcp,3.1024926073069192,0.520704179821935,False
hcp,hand,t0645,13,2315,1.0,False,1.240754488631376,plagioclase,1.761828415744296,0.5210739271129201,False
lcp,hand,t0364,245,18,1.0,False,1.1995822671512377,hcp,1.7208183706175828,0.5212361034663451,False
olivine,hand,t0433,109,53,1.0,False,2.744644655674783,hcp,3.2667296942938333,0.5220850386190503,False
plagioclase,hand,t0602,783,56,1.0,False,0.9569053219686852,olivine,1.4789985436350102,0.522093221666325,False
olivine,reassigned,t1035,1730567351,9,1.0,True,2.304953113050638,hcp,2.8271467244001873,0.5221936113495493,False
olivine,hand,t0290,91,1868,1.0,False,0.4140181843153632,hcp,0.936468935110369,0.5224507507950058,False
lcp,confirmed,t1032,1968476735,23023,1.0,False,5.645109132514939,hcp,6.169055647323768,0.5239465148088289,False
olivine,reassigned,t1322,2535726252,21,1.0,False,7.5499805807185,hcp,8.074881987387961,0.5249014066694615,False
lcp,hand,t0435,22,88,1.0,False,1.3953334407047462,hcp,1.9211678592440047,0.5258344185392585,False
olivine,hand,t0434,148,131,1.0,False,2.0289652124810265,hcp,2.5551712982295687,0.5262060857485422,False
hcp,hand,t0364,113,55,1.0,False,1.1392076337948973,plagioclase,1.6655602899800983,0.526352656185201,False
plagioclase,hand,t0602,852,294,1.0,False,1.0560227441748082,olivine,1.5833498688642094,0.5273271246894011,False
hcp,hand,t0436,75,30,1.0,False,0.453982243246538,olivine,0.9843537844345304,0.5303715411879923,False
olivine,hand,t0361,6,10,1.0,False,0.7339260334681996,plagioclase,1.2643592777294768,0.5304332442612771,False
hcp,hand,t0436,18,30,1.0,False,0.7737472037405196,olivine,1.3044163767154249,0.5306691729749052,False
plagioclase,hand,t0434,112,45,1.0,False,0.8446888399703056,hcp,1.376139694115143,0.5314508541448373,False
olivine,hand,t0508,4,49,1.0,False,1.6229940952353725,hcp,2.1545415383517863,0.5315474431164138,False
lcp,hand,t0436,93,426,1.0,False,1.0022152159299398,plagioclase,1.534390710274362,0.5321754943444221,False
olivine,reassigned,t1322,2043298738,261,1.0,False,5.434840626261042,hcp,5.967836297610607,0.5329956713495658,False
lcp,hand,t0672,100,123,1.0,False,2.197098851965726,plagioclase,2.730616389773167,0.533517537807441,False
lcp,hand,t0433,63,46,1.0,False,1.091187636351253,plagioclase,1.6253856578661359,0.5341980215148829,False
olivine,hand,t0364,175,526,1.0,False,4.334163642919029,alteration,4.870181749672766,0.5360181067537368,False
olivine,hand,t0433,1,158,1.0,False,2.8685298981236347,hcp,3.4051107974991037,0.536580899375469,False
lcp,hand,t0529,197,117,1.0,False,0.8313958032570297,plagioclase,1.368058738317744,0.5366629350607144,False
olivine,hand,t0434,28,27,1.0,False,1.555732430072573,hcp,2.092934900538303,0.5372024704657301,False
lcp,hand,t0580,0,2574,1.0,False,1.7873376372187648,hcp,2.328453387617186,0.5411157503984212,False
olivine,hand,t0579,33,37,1.0,False,2.009374793901931,hcp,2.551040457997247,0.5416656640953161,False
olivine,hand,t0433,117,46,1.0,False,0.6621713272091138,hcp,1.204819582826068,0.5426482556169542,False
olivine,hand,t0290,54,105,1.0,False,1.3633419385159347,plagioclase,1.9063794282098836,0.5430374896939489,False
olivine,hand,t0237,25,225,1.0,False,2.3447860624093013,plagioclase,2.888002770336893,0.5432167079275918,False
lcp,hand,t0600,281,77,1.0,False,0.7961992219357512,plagioclase,1.3405611935369697,0.5443619716012185,False
olivine,hand,t0294,29,50,1.0,False,1.4231719566532792,plagioclase,1.9687471999353334,0.5455752432820542,False
olivine,hand,t0433,3,454,1.0,False,1.3177180483796307,hcp,1.8635129943772175,0.5457949459975868,False
plagioclase,hand,t0601,1005,634,1.0,False,1.2693850640187667,lcp,1.8153819194436398,0.5459968554248731,False
olivine,hand,t0434,154,81,1.0,False,1.2357813301133294,hcp,1.78199523963114,0.5462139095178107,False
plagioclase,hand,t0599,943,51,1.0,False,1.2045627715773788,olivine,1.7526015735246037,0.5480388019472249,False
olivine,hand,t0433,74,24,1.0,False,1.9206346786760766,hcp,2.46960051556342,0.5489658368873436,False
hcp,hand,t0364,142,20,1.0,False,2.3543726024289957,lcp,2.9052896926813743,0.5509170902523786,False
plagioclase,hand,t0435,415,20,1.0,False,0.8450276279595825,olivine,1.3981268017971136,0.553099173837531,False
hcp,hand,t0433,17,73,1.0,False,1.2704686893204598,olivine,1.8239257084375544,0.5534570191170947,False
olivine,hand,t0240,2,609,1.0,False,1.8510397354433592,alteration,2.4049631704983487,0.5539234350549895,False
olivine,hand,t0435,333,171,1.0,False,1.7947468883542832,hcp,2.3495142663597943,0.5547673780055111,False
plagioclase,hand,t0525,1015,29,1.0,False,0.7998607798480275,hcp,1.3553984842652802,0.5555377044172527,False
olivine,hand,t0433,355,18,1.0,False,0.9657477715202503,hcp,1.523154660301998,0.5574068887817478,False
plagioclase,hand,t0529,928,125,1.0,False,0.7676902449699661,hcp,1.3270780693496442,0.5593878243796782,False
plagioclase,hand,t0600,836,232,1.0,False,1.2586849122146373,olivine,1.8184964474395504,0.5598115352249131,False
hcp,hand,t0359,18,258,1.0,False,0.5422787395070641,olivine,1.1027558710618668,0.5604771315548027,False
hcp,hand,t0359,21,366,1.0,False,0.9892427382945541,olivine,1.5499197631585675,0.5606770248640134,False
olivine,hand,t0433,369,125,1.0,False,2.1459845787139624,hcp,2.7078094893363334,0.5618249106223709,False
olivine,hand,t0363,66,759,1.0,False,1.5818831818090275,hcp,2.145016296806207,0.5631331149971797,False
hcp,hand,t0436,81,26,1.0,False,0.5199659640707192,olivine,1.0831831486818744,0.5632171846111552,False
olivine,hand,t0293,2,40,1.0,False,1.703190576834247,plagioclase,2.2684062126780673,0.5652156358438203,False
hcp,hand,t0433,142,106,1.0,False,1.6054033139217383,lcp,2.170900480277819,0.5654971663560806,False
lcp,hand,t0598,71,245,1.0,False,0.9147867989133821,plagioclase,1.4819255341040283,0.5671387351906462,False
plagioclase,hand,t0236,86,162,1.0,False,0.7900217235121902,hcp,1.3589416766835647,0.5689199531713744,False
olivine,hand,t0364,3,454,1.0,False,1.5552773807288016,hcp,2.1242237261815533,0.5689463454527517,False
lcp,hand,t0365,6,41,1.0,False,0.8554355116814916,plagioclase,1.4273506935717204,0.5719151818902288,False
olivine,hand,t0434,94,703,1.0,False,0.8362711498708512,hcp,1.4108067531424255,0.5745356032715744,False
hcp,hand,t0435,265,1006,1.0,False,1.0405259121559403,olivine,1.6150824851427912,0.5745565729868509,False
plagioclase,hand,t0598,839,78,1.0,False,1.0240374303266013,lcp,1.5990572779681933,0.575019847641592,False
olivine,hand,t0364,251,235,1.0,False,0.6006454843358972,hcp,1.1760965944755666,0.5754511101396694,False
olivine,hand,t0361,15,41,1.0,False,0.7378918122568914,plagioclase,1.313767811743309,0.5758759994864175,False
olivine,hand,t0433,263,32,1.0,False,2.505240476220867,hcp,3.0818315324546948,0.5765910562338279,False
plagioclase,hand,t0434,84,31,1.0,False,0.4151812557328561,olivine,0.9921269383594956,0.5769456826266395,False
plagioclase,hand,t0365,13,84,1.0,False,1.1084005138471746,lcp,1.685575541385087,0.5771750275379124,False
plagioclase,hand,t0507,36,72,1.0,False,1.321609797757486,hcp,1.901700280356245,0.580090482598759,False
plagioclase,hand,t0600,845,227,1.0,False,1.1635854871843105,olivine,1.744585836336116,0.5810003491518054,False
hcp,confirmed,t1393,3006450228,61,1.0,False,2.5097297791716167,olivine,3.090873809592801,0.5811440304211843,False
hcp,hand,t0363,26,288,1.0,False,2.1019495398018884,olivine,2.684646763275516,0.5826972234736276,False
lcp,hand,t0528,274,289,1.0,False,0.9588690677219085,plagioclase,1.541717126163615,0.5828480584417064,False
olivine,hand,t0294,25,37,1.0,False,1.5961261201544408,hcp,2.179172730132295,0.5830466099778542,False
olivine,hand,t0433,231,40,1.0,False,2.266984217371452,hcp,2.8510567029614404,0.5840724855899886,False
olivine,hand,t0433,233,35,1.0,False,2.2833799612353407,hcp,2.8682711378681027,0.584891176632762,False
plagioclase,hand,t0525,832,85,1.0,False,0.7420643094641215,hcp,1.3269920683888783,0.5849277589247568,False
plagioclase,hand,t0600,781,34,1.0,False,1.3510398192477764,olivine,1.936577125330044,0.5855373060822675,False
olivine,hand,t0505,44,48,1.0,False,0.7757288403012688,hcp,1.362281564653107,0.5865527243518383,False
olivine,hand,t0434,152,44,1.0,False,2.086661039870433,hcp,2.6755858352312005,0.5889247953607675,False
plagioclase,hand,t0599,999,117,1.0,False,1.2582637038864626,lcp,1.8479357956496798,0.5896720917632172,False
hcp,hand,t0435,283,66,1.0,False,0.5276441840626483,olivine,1.1173813213842507,0.5897371373216024,False
plagioclase,hand,t0530,784,19,1.0,False,1.6048226316139398,olivine,2.196522779470472,0.5917001478565322,False
plagioclase,hand,t0600,930,42,1.0,False,1.0285491984022814,olivine,1.6204054861019717,0.5918562876996902,False
plagioclase,hand,t0435,169,14,1.0,False,0.7618812911651381,olivine,1.3558241831601021,0.593942891994964,False
hcp,hand,t0433,22,355,1.0,False,0.7267937316558242,olivine,1.3210912531792254,0.5942975215234012,False
lcp,hand,t0822,6,6707,1.0,False,1.8966831569104907,hcp,2.4930312528365364,0.5963480959260457,False
olivine,hand,t0433,345,12,1.0,False,0.5835322795277967,hcp,1.1802800664817512,0.5967477869539545,False
olivine,hand,t0435,395,28,1.0,False,2.0403310911867063,hcp,2.637329674368464,0.5969985831817577,False
hcp,hand,t0364,54,50,1.0,False,0.8007997379068031,olivine,1.3982258163201,0.5974260784132969,False
olivine,hand,t0433,82,19,1.0,False,1.3575259401884896,plagioclase,1.9550704518686979,0.5975445116802083,False
hcp,hand,t0433,29,79,1.0,False,0.7027058786876316,plagioclase,1.3003253388962939,0.5976194602086623,False
lcp,hand,t0435,409,85,1.0,False,0.9254926884203409,plagioclase,1.5236922848252774,0.5981995964049365,False
olivine,reassigned,t1322,837265107,15,1.0,False,3.1650889583139206,hcp,3.763787890304954,0.5986989319910334,False
plagioclase,hand,t0530,824,1091,1.0,False,1.0259256047404204,lcp,1.6251023085456133,0.599176703805193,False
plagioclase,hand,t0363,37,270,1.0,False,0.9691000571452734,lcp,1.5693924636804841,0.6002924065352108,False
olivine,hand,t0237,4,424,1.0,False,1.7363873582918592,plagioclase,2.3367961650016964,0.6004088067098372,False
lcp,hand,t0599,251,56,1.0,False,1.485175855633951,plagioclase,2.085910789421991,0.6007349337880401,False
lcp,hand,t0363,7,151,1.0,False,0.9386302482465351,plagioclase,1.5402783130612783,0.6016480648147432,False
olivine,hand,t0434,126,81,1.0,False,1.0709724213158924,hcp,1.6732796725350996,0.6023072512192071,False
olivine,hand,t0508,20,41,1.0,False,1.459335677288023,hcp,2.062442123257841,0.6031064459698181,False
olivine,hand,t0433,301,21,1.0,False,0.794743670534029,plagioclase,1.3995752544800357,0.6048315839460068,False
plagioclase,hand,t0599,964,1810,1.0,False,1.0704152769934119,olivine,1.6753252026110297,0.6049099256176178,False
olivine,hand,t0434,44,100,1.0,False,1.0134856038592168,hcp,1.6196923214545225,0.6062067175953056,False
plagioclase,hand,t0506,34,37,1.0,False,0.9858019041394938,lcp,1.5922389689992569,0.6064370648597631,False
olivine,hand,t0433,359,10,1.0,False,1.5333195556019044,hcp,2.140269094074423,0.6069495384725185,False
hcp,hand,t0432,21,444,1.0,False,1.2601211800086722,plagioclase,1.8675905289488954,0.6074693489402232,False
plagioclase,hand,t0600,935,531,1.0,False,1.0642542462504665,lcp,1.672262449496014,0.6080082032455476,False
lcp,hand,t0822,4,5115,1.0,False,3.104845911591521,hcp,3.7133020550324933,0.6084561434409723,False
lcp,hand,t0598,176,344,1.0,False,1.5295553150003027,plagioclase,2.138226235664309,0.6086709206640062,False
olivine,hand,t0507,64,25,1.0,False,0.8640964354030002,hcp,1.4733734651072798,0.6092770297042797,False
olivine,hand,t0293,45,23,1.0,False,2.9463287710968604,hcp,3.5567313566847356,0.6104025855878752,False
lcp,hand,t0525,132,80,1.0,False,0.8927191551084638,plagioclase,1.5031323873733748,0.6104132322649111,False
olivine,hand,t0364,189,87,1.0,False,0.5744830224030653,hcp,1.1857598178465383,0.611276795443473,False
olivine,hand,t0364,257,28,1.0,False,2.341252149657701,hcp,2.9529614957449417,0.6117093460872409,False
lcp,hand,t0579,45,514,1.0,False,1.7415354792276494,hcp,2.3534612994809847,0.6119258202533353,False
olivine,hand,t0507,46,111,1.0,False,1.837263795197803,hcp,2.4495948971574326,0.6123311019596296,False
hcp,hand,t0433,73,22,1.0,False,1.3439025537065032,plagioclase,1.957261252892827,0.6133586991863238,False
olivine,reassigned,t1035,3935982490,45,1.0,False,2.380403230711937,hcp,2.9950181933591016,0.6146149626471646,False
hcp,hand,t0436,83,408,1.0,False,0.7778563751045705,olivine,1.3924809672391816,0.6146245921346111,False
olivine,hand,t0434,74,556,1.0,False,1.168725755112475,plagioclase,1.7837716277101217,0.6150458725976466,False
olivine,hand,t0433,136,295,1.0,False,1.173384936301893,hcp,1.7900580606485506,0.6166731243466577,False
hcp,hand,t0433,395,17,1.0,False,1.3129156808315847,olivine,1.929720413776869,0.6168047329452844,False
olivine,hand,t0364,169,1172,1.0,False,1.0182648656360482,hcp,1.6351392271754317,0.6168743615393835,False
lcp,hand,t0504,40,37,1.0,False,1.9642068696644985,plagioclase,2.5811213255159577,0.6169144558514592,False
hcp,hand,t0364,139,156,1.0,False,2.557792078350933,olivine,3.176422744744321,0.618630666393388,False
hcp,hand,t0433,363,16,1.0,False,0.9971499639470639,olivine,1.6158212370364222,0.6186712730893583,False
olivine,hand,t0434,34,22,1.0,False,1.1545710364245996,hcp,1.7748272556869915,0.6202562192623919,False
olivine,hand,t0434,98,361,1.0,False,0.9453632949794519,hcp,1.5665088987877873,0.6211456038083354,False
olivine,hand,t0433,2,43,1.0,False,3.618870322027373,hcp,4.241208384390419,0.6223380623630463,False
olivine,hand,t0294,10,853,1.0,False,0.9633874430352847,hcp,1.5881881201511843,0.6248006771158996,False
plagioclase,hand,t0531,919,49,1.0,False,1.9039400195711726,lcp,2.5287655254887964,0.6248255059176238,False
olivine,hand,t0434,220,132,1.0,False,0.6798995837079999,hcp,1.304753393482542,0.6248538097745421,False
olivine,hand,t0433,69,177,1.0,False,1.938358013520534,hcp,2.563311256742302,0.6249532432217682,False
plagioclase,hand,t0530,965,812,1.0,False,0.8768742074708223,lcp,1.501912773108728,0.6250385656379057,False
plagioclase,hand,t0531,946,756,1.0,False,1.6206390264508614,olivine,2.246293499944469,0.6256544734936076,False
olivine,hand,t0364,97,36,1.0,False,0.8329641358130081,hcp,1.4593349257173234,0.6263707899043153,False
lcp,hand,t0530,150,1,1.0,True,1.9203780927622771,plagioclase,2.5485093305399387,0.6281312377776616,False
lcp,hand,t0529,191,436,1.0,False,0.8185429524264479,plagioclase,1.4480166740419722,0.6294737216155243,False
olivine,hand,t0236,14,143,1.0,False,1.5745639830801712,hcp,2.2042858097364566,0.6297218266562854,False
plagioclase,hand,t0432,73,16,1.0,False,1.194051462673029,lcp,1.8239620952899256,0.6299106326168966,False
plagioclase,hand,t0602,797,86,1.0,False,1.1255258330285272,lcp,1.7583405028828392,0.632814669854312,False
olivine,hand,t0434,100,83,1.0,False,1.4580565879328682,hcp,2.0911175151382104,0.6330609272053422,False
olivine,hand,t0363,70,333,1.0,False,1.0827377102082636,hcp,1.7158335987498192,0.6330958885415556,False
hcp,hand,t0364,84,472,1.0,False,1.3689998432883073,plagioclase,2.002432841976711,0.6334329986884035,False
hcp,hand,t0433,161,65,1.0,False,0.9388931962323698,olivine,1.5731362938301272,0.6342430975977574,False
olivine,hand,t0507,58,64,1.0,False,1.1964082929960038,hcp,1.8325248039887228,0.6361165109927189,False
plagioclase,hand,t0530,885,219,1.0,False,1.198845360191922,olivine,1.8355547780325001,0.6367094178405781,False
plagioclase,hand,t0529,835,697,1.0,False,0.7777546336327333,lcp,1.4156086764805318,0.6378540428477985,False
lcp,hand,t0579,43,146,1.0,False,1.7842684038088008,hcp,2.4223142301563843,0.6380458263475834,False
olivine,hand,t0293,47,28,1.0,False,2.153655458038176,hcp,2.791922682087406,0.6382672240492302,False
lcp,hand,t0433,101,27,1.0,False,0.9359904341282185,plagioclase,1.5744904494220473,0.6385000152938288,False
hcp,hand,t0363,27,560,1.0,False,1.6014640637076414,plagioclase,2.240631213404749,0.6391671496971076,False
olivine,hand,t0432,99,19,1.0,False,1.2398019377170164,plagioclase,1.879046774782392,0.6392448370653756,False
plagioclase,hand,t0600,892,407,1.0,False,1.1576684136687068,olivine,1.7977023472190656,0.6400339335503589,False
plagioclase,hand,t0599,926,76,1.0,False,0.8066970506563077,olivine,1.446887274932437,0.6401902242761294,False
olivine,hand,t0433,81,88,1.0,False,0.9153993429649154,plagioclase,1.5564861099232918,0.6410867669583764,False
olivine,hand,t0237,63,314,1.0,False,1.7216567930433262,plagioclase,2.363216453867973,0.6415596608246468,False
plagioclase,hand,t0598,869,165,1.0,False,1.0333107196361098,olivine,1.6756573449619032,0.6423466253257935,False
olivine,hand,t0433,339,45,1.0,False,0.591821690224897,hcp,1.2352214879533852,0.6433997977284882,False
olivine,hand,t0432,20,88,1.0,False,1.5292508395226372,hcp,2.1740097291467047,0.6447588896240675,False
olivine,hand,t0363,25,193,1.0,False,2.1534920688460124,hcp,2.799587892312711,0.6460958234666987,False
olivine,hand,t0433,94,41,1.0,False,0.6280973442743545,hcp,1.2742990546938076,0.6462017104194531,False
olivine,hand,t0364,171,1855,1.0,False,1.114654258757224,hcp,1.7624783759334188,0.6478241171761949,False
lcp,hand,t0599,144,336,1.0,False,1.8091560082074682,plagioclase,2.457276213614359,0.6481202054068906,False
plagioclase,hand,t0435,189,24,1.0,False,0.9267906982292178,olivine,1.5754843822675317,0.648693684038314,False
olivine,hand,t0436,55,28,1.0,False,3.0360340680956077,hcp,3.685134348521468,0.6491002804258601,False
olivine,hand,t0433,255,16,1.0,False,1.247977902674091,hcp,1.8977340633824857,0.6497561607083948,False
hcp,hand,t0364,112,1330,1.0,False,0.6714762994298882,plagioclase,1.3212994919095982,0.64982319247971,False
olivine,hand,t0364,109,314,1.0,False,1.0682070178406262,hcp,1.7183939952819127,0.6501869774412865,False
plagioclase,hand,t0526,884,104,1.0,False,0.8316879101133051,olivine,1.4820159549809193,0.6503280448676142,False
hcp,hand,t0435,97,1056,1.0,False,0.8332450988806667,olivine,1.4863060060797786,0.6530609071991119,False
olivine,hand,t0293,38,40,1.0,False,2.636972978000946,hcp,3.2902412069268654,0.6532682289259193,False
lcp,hand,t0294,23,108,1.0,False,1.151001794347752,plagioclase,1.805279698759054,0.6542779044113021,False
olivine,hand,t0238,4,106,1.0,False,1.9784219221323927,plagioclase,2.6336060819772955,0.6551841598449029,False
olivine,hand,t0436,46,25,1.0,False,1.5679382306530871,plagioclase,2.223883719057995,0.6559454884049081,False
olivine,hand,t0433,351,26,1.0,False,2.6243105377830576,hcp,3.281648444370527,0.6573379065874696,False
olivine,hand,t0435,337,77,1.0,False,3.503463840365544,hcp,4.160932725561826,0.6574688851962818,False
olivine,hand,t0507,50,355,1.0,False,1.0503477233195893,hcp,1.708738639018802,0.6583909156992127,False
olivine,hand,t0364,187,90,1.0,False,1.1738466583577762,hcp,1.8325900448637475,0.6587433865059713,False
lcp,hand,t0290,52,3095,1.0,False,1.0197307962585818,plagioclase,1.6786188509620446,0.6588880547034628,False
plagioclase,hand,t0600,907,65,1.0,False,1.465798098298383,olivine,2.1261045186193077,0.6603064203209248,False
lcp,hand,t0431,16,1025,1.0,False,1.3513177721467635,hcp,2.0117773642788093,0.6604595921320457,False
lcp,hand,t0436,117,25,1.0,False,1.235599039166132,hcp,1.8966542184921276,0.6610551793259956,False
olivine,hand,t0433,97,32,1.0,False,2.514882989804223,alteration,3.17703865246534,0.6621556626611169,False
olivine,hand,t0433,84,23,1.0,False,1.6420625159885673,hcp,2.306042123447992,0.6639796074594246,False
lcp,hand,t0433,90,60,1.0,False,0.7715134427214646,plagioclase,1.43588172318773,0.6643682804662655,False
plagioclase,hand,t0530,820,99,1.0,False,1.321490408980453,olivine,1.9881206791155572,0.6666302701351043,False
olivine,hand,t0576,9,15,1.0,False,2.316865423919818,hcp,2.9841501508831647,0.6672847269633468,False
plagioclase,hand,t0598,763,56,1.0,False,1.3039977719511804,lcp,1.971672784301719,0.6676750123505386,False
lcp,hand,t0508,30,396,1.0,False,1.2859048924176883,plagioclase,1.9539082376321901,0.6680033452145018,False
lcp,hand,t0364,279,317,1.0,False,0.6706084916602494,plagioclase,1.3395648207317095,0.6689563290714601,False
hcp,hand,t0433,120,39,1.0,False,0.7905160962144928,plagioclase,1.4596250568422782,0.6691089606277854,False
olivine,hand,t0507,48,282,1.0,False,1.0478440690293473,hcp,1.7208239751179955,0.6729799060886481,False
plagioclase,hand,t0365,40,1787,1.0,False,0.9645347121357406,hcp,1.6380804597737832,0.6735457476380426,False
hcp,hand,t0434,36,638,1.0,False,0.5682472434350081,plagioclase,1.242392003692933,0.6741447602579249,False
olivine,hand,t0293,25,4,1.0,True,4.076376440746462,hcp,4.7532491213088015,0.6768726805623393,False
olivine,hand,t0433,36,167,1.0,False,1.8282136097215478,hcp,2.5054988692147773,0.6772852594932295,False
hcp,hand,t0436,8,57,1.0,False,1.113896959553225,olivine,1.7917787140593457,0.6778817545061206,False
olivine,hand,t0364,61,13,1.0,False,1.752813185685776,plagioclase,2.4309698392565857,0.6781566535708097,False
olivine,hand,t0433,4,24,1.0,False,3.060582179626212,hcp,3.739714462175981,0.679132282549769,False
olivine,hand,t0435,321,37,1.0,False,2.6174457465660237,hcp,3.2966181138767467,0.6791723673107231,False
plagioclase,hand,t0530,766,256,1.0,False,0.9165912322325565,olivine,1.5960424132574755,0.6794511810249191,False
plagioclase,hand,t0290,60,43,1.0,False,1.315809733644515,olivine,1.995929096535229,0.6801193628907141,False
plagioclase,hand,t0530,799,107,1.0,False,0.9199473008074605,lcp,1.600425060440448,0.6804777596329875,False
lcp,hand,t0434,124,98,1.0,False,0.675540242172858,plagioclase,1.356252231249699,0.6807119890768409,False
lcp,hand,t0433,50,77,1.0,False,1.6657987128167326,hcp,2.3492083803771626,0.68340966756043,False
olivine,hand,t0435,85,26,1.0,False,1.4910757565677077,plagioclase,2.1755841812465393,0.6845084246788316,False
olivine,hand,t0361,22,107,1.0,False,1.224268248130979,plagioclase,1.90963843527093,0.6853701871399509,False
olivine,hand,t0435,351,92,1.0,False,0.6932177894827354,hcp,1.381004502941599,0.6877867134588636,False
lcp,confirmed,t1299,3906571798,9,1.0,True,1.0637546454948854,plagioclase,1.752282363011237,0.6885277175163516,False
lcp,hand,t0435,51,21,1.0,False,1.1774325052393657,plagioclase,1.8669864062681025,0.6895539010287368,False
olivine,hand,t0434,150,779,1.0,False,1.547443714940644,hcp,2.238151948621344,0.6907082336807,False
olivine,hand,t0364,211,97,1.0,False,1.1495865622804342,hcp,1.8403515595533364,0.6907649972729022,False
lcp,hand,t0598,76,26,1.0,False,2.46853011693737,plagioclase,3.159927059241202,0.691396942303832,False
lcp,hand,t0437,76,247,1.0,False,0.95372981828135,plagioclase,1.6455017612865803,0.6917719430052304,False
olivine,hand,t0364,225,66,1.0,False,1.7226624236306647,plagioclase,2.415291959968447,0.6926295363377821,False
olivine,hand,t0290,14,36,1.0,False,2.4132446093184883,alteration,3.106278796876018,0.6930341875575299,False
plagioclase,hand,t0236,78,12,1.0,False,1.596977787456661,lcp,2.290836399138014,0.6938586116813528,False
plagioclase,hand,t0600,802,143,1.0,False,1.5440966789187682,olivine,2.238514810321193,0.6944181314024249,False
olivine,hand,t0361,30,98,1.0,False,1.4694876066171672,hcp,2.164227774867579,0.6947401682504117,False
olivine,hand,t0434,164,39,1.0,False,2.443375087696646,alteration,3.1386865681931577,0.6953114804965117,False
lcp,hand,t0599,259,3,1.0,True,1.5502498027178455,plagioclase,2.24608028054596,0.6958304778281144,False
hcp,hand,t0435,309,275,1.0,False,0.9146304338610707,olivine,1.611842332153124,0.6972118982920532,False
hcp,hand,t0436,80,50,1.0,False,0.5669541562175082,olivine,1.2652849659579606,0.6983308097404524,False
lcp,hand,t0506,36,289,1.0,False,0.7220517703519868,plagioclase,1.4207699503369338,0.698718179984947,False
olivine,hand,t0433,333,7,1.0,True,1.8117629240625275,hcp,2.5129182651298287,0.7011553410673013,False
olivine,hand,t0436,74,253,1.0,False,2.5372659055913767,hcp,3.2388203454257796,0.7015544398344029,False
lcp,hand,t0435,261,715,1.0,False,0.7440375834733398,plagioclase,1.4459430833570444,0.7019054998837045,False
olivine,hand,t0290,11,47,1.0,False,1.0527635367791197,hcp,1.755825294891782,0.7030617581126624,False
hcp,hand,t0364,120,144,1.0,False,0.6277672278121854,plagioclase,1.331023658084,0.7032564302718146,False
plagioclase,hand,t0601,790,52,1.0,False,0.6264921356400206,hcp,1.3315104256680412,0.7050182900280206,False
olivine,hand,t0364,150,734,1.0,False,1.9162555813024869,hcp,2.6216139428430374,0.7053583615405505,False
lcp,hand,t0436,118,99,1.0,False,0.8773016478591458,plagioclase,1.5864504605893335,0.7091488127301877,False
olivine,hand,t0293,34,114,1.0,False,4.338409337095063,alteration,5.048677359979793,0.7102680228847298,False
olivine,hand,t0364,108,297,1.0,False,1.0181697008601829,hcp,1.7284791038186356,0.7103094029584527,False
plagioclase,hand,t0364,30,160,1.0,False,0.5004045461502518,hcp,1.2141554392515068,0.7137508931012551,False
lcp,hand,t0508,2,130,1.0,False,1.5208581882998982,hcp,2.2349308050028958,0.7140726167029976,False
olivine,hand,t0293,24,794,1.0,False,3.3545726679330627,hcp,4.068942098023003,0.7143694300899401,False
olivine,hand,t0433,37,120,1.0,False,2.5289932022604744,hcp,3.2450246255970496,0.7160314233365752,False
plagioclase,hand,t0530,978,48,1.0,False,1.5423178794008887,lcp,2.258393862587715,0.7160759831868262,False
lcp,hand,t0530,127,127,1.0,False,0.8817857747114612,plagioclase,1.598338700751396,0.7165529260399348,False
plagioclase,hand,t0530,901,119,1.0,False,0.9723988077303541,olivine,1.68905654654115,0.7166577388107959,False
lcp,hand,t0599,134,53,1.0,False,1.4272401459605006,plagioclase,2.1448526527300795,0.7176125067695789,False
plagioclase,hand,t0600,903,73,1.0,False,1.612640330604384,olivine,2.332573891179723,0.719933560575339,False
lcp,hand,t0579,4,33,1.0,False,1.3052009559888824,plagioclase,2.02623337862012,0.7210324226312377,False
olivine,hand,t0432,40,74,1.0,False,0.5704900004909684,hcp,1.2927212374017734,0.7222312369108049,False
olivine,hand,t0433,95,117,1.0,False,1.9748497089569892,hcp,2.7000365770614043,0.7251868681044151,False
olivine,hand,t0505,48,89,1.0,False,1.508308482343918,hcp,2.234760602804888,0.72645212046097,False
lcp,hand,t0364,283,303,1.0,False,0.6573233966104631,plagioclase,1.3838256103504738,0.7265022137400107,False
olivine,hand,t0361,1,282,1.0,False,1.4193534967984442,hcp,2.146189422277512,0.726835925479068,False
lcp,hand,t0527,254,147,1.0,False,1.0629218596187264,plagioclase,1.7903473336568072,0.7274254740380808,False
plagioclase,hand,t0290,74,52,1.0,False,0.8446767962576597,lcp,1.5721330474284685,0.7274562511708088,False
olivine,hand,t0435,155,409,1.0,False,2.680275666466908,hcp,3.408877503740692,0.7286018372737844,False
olivine,hand,t0364,291,17,1.0,False,2.4415973766017705,hcp,3.1704856380197604,0.7288882614179899,False
lcp,hand,t0435,18,75,1.0,False,0.9388693535017596,plagioclase,1.669205815298483,0.7303364617967234,False
lcp,hand,t0364,271,77,1.0,False,0.9140894180449245,plagioclase,1.6448254281086627,0.7307360100637382,False
olivine,hand,t0240,42,426,1.0,False,1.1479424487189527,hcp,1.8810867132944749,0.7331442645755222,False
olivine,hand,t0361,26,20,1.0,False,3.9449031316456336,hcp,4.67840059710373,0.7334974654580964,False
plagioclase,hand,t0526,912,85,1.0,False,0.7011994297738676,olivine,1.4348328320774748,0.7336334023036072,False
olivine,hand,t0290,66,23,1.0,False,0.9153378488224861,hcp,1.6491229785750674,0.7337851297525813,False
olivine,hand,t0436,151,461,1.0,False,0.9428100108358982,hcp,1.6772289695721452,0.734418958736247,False
olivine,hand,t0433,205,3,1.0,True,2.2816306759915794,hcp,3.016076931565346,0.7344462555737667,False
plagioclase,hand,t0531,803,59,1.0,False,1.417049918162305,olivine,2.155195151834402,0.7381452336720968,False
alteration,tag,t1086,1317445604,867,1.0,False,0.8778188685563159,olivine,1.6174709739071513,0.7396521053508355,False
olivine,hand,t0434,172,81,1.0,False,2.089622042830039,hcp,2.8302709725829964,0.7406489297529575,False
lcp,hand,t0435,37,1278,1.0,False,0.9393580910478768,plagioclase,1.6804549897846937,0.7410968987368168,False
plagioclase,hand,t0525,905,153,1.0,False,1.3801403804279848,olivine,2.123128153870087,0.742987773442102,False
lcp,hand,t0505,62,91,1.0,False,1.455783672098868,hcp,2.1988956204637624,0.7431119483648945,False
plagioclase,hand,t0602,807,132,1.0,False,0.8137922886357298,olivine,1.5576661919307422,0.7438739032950124,False
olivine,hand,t0364,96,91,1.0,False,1.7039197288588157,hcp,2.4479222870379544,0.7440025581791387,False
olivine,hand,t0433,91,102,1.0,False,1.7087201048951908,hcp,2.4530568292237716,0.7443367243285808,False
olivine,hand,t0505,42,28,1.0,False,1.0335761984373146,hcp,1.778228111256877,0.7446519128195623,False
plagioclase,hand,t0529,841,725,1.0,False,0.5923752481788124,hcp,1.3386452528738453,0.7462700046950329,False
olivine,hand,t0433,96,54,1.0,False,2.520331072936268,hcp,3.2689474944153187,0.7486164214790509,False
olivine,hand,t0435,87,38,1.0,False,1.2346391559567915,hcp,1.984691574909864,0.7500524189530724,False
olivine,hand,t0436,73,68,1.0,False,3.403474988093288,hcp,4.153655233044379,0.7501802449510908,False
olivine,hand,t0364,293,7,1.0,True,2.1620905570301683,hcp,2.9137754948711776,0.7516849378410093,False
olivine,hand,t0436,161,21,1.0,False,1.7648498434840032,hcp,2.5169914218532328,0.7521415783692296,False
lcp,hand,t0436,42,20,1.0,False,0.7883528043002742,plagioclase,1.5412151351946424,0.7528623308943682,False
olivine,hand,t0361,28,171,1.0,False,2.2265182238116257,hcp,2.9805167203378513,0.7539984965262256,False
plagioclase,hand,t0434,2,21,1.0,False,0.6683307822393331,olivine,1.4243530850965649,0.7560223028572318,False
lcp,hand,t0435,301,86,1.0,False,1.174063212243287,hcp,1.9308421906694055,0.7567789784261185,False
plagioclase,hand,t0530,833,267,1.0,False,0.8605835742353378,lcp,1.617890409496436,0.7573068352610981,False
plagioclase,hand,t0600,931,364,1.0,False,0.849511074234349,hcp,1.6091201677321592,0.7596090934978101,False
olivine,hand,t0364,9,74,1.0,False,2.3890209534062006,plagioclase,3.150468239860369,0.7614472864541684,False
lcp,hand,t0434,122,48,1.0,False,1.1788654075549947,plagioclase,1.941257514519636,0.7623921069646413,False
lcp,hand,t0600,114,184,1.0,False,1.9011542289492116,plagioclase,2.6653765422336697,0.7642223132844581,False
lcp,hand,t0579,19,89,1.0,False,1.2724981423087933,hcp,2.0375052328615997,0.7650070905528064,False
lcp,hand,t0436,120,112,1.0,False,0.7814597260076004,plagioclase,1.5474056962027631,0.7659459701951628,False
olivine,hand,t0236,17,998,1.0,False,1.6400708082999165,hcp,2.4075767872749436,0.7675059789750271,False
olivine,hand,t0293,21,24,1.0,False,4.098375043481314,hcp,4.8673718469541285,0.7689968034728141,False
olivine,hand,t0361,27,107,1.0,False,3.0502797044539975,hcp,3.8207741312799057,0.7704944268259082,False
olivine,hand,t0435,359,82,1.0,False,1.8766512473770778,hcp,2.647998386341652,0.7713471389645741,False
lcp,hand,t0507,44,28,1.0,False,1.5855729402341385,hcp,2.3583142545824876,0.772741314348349,False
olivine,hand,t0435,197,262,1.0,False,1.5209268682635297,hcp,2.2941459914664817,0.7732191232029519,False
lcp,hand,t0508,0,356,1.0,False,0.7298205640882002,plagioclase,1.5057065823464586,0.7758860182582584,False
olivine,hand,t0293,35,170,1.0,False,4.015353949083916,hcp,4.792338416742412,0.7769844676584965,False
lcp,hand,t0437,30,1179,1.0,False,0.7442571303542732,plagioclase,1.5217833051099139,0.7775261747556407,False
olivine,hand,t0237,11,139,1.0,False,1.542716574306812,hcp,2.3261325396130155,0.7834159653062034,False
lcp,hand,t0602,273,277,1.0,False,0.9767882084705282,plagioclase,1.761503046563448,0.7847148380929199,False
olivine,hand,t0363,44,161,1.0,False,0.9796389656557666,hcp,1.7658112102282186,0.786172244572452,False
lcp,hand,t0579,59,24,1.0,False,2.1591202966879224,hcp,2.945957882547967,0.7868375858600447,False
olivine,hand,t0363,45,23,1.0,False,1.8884844847431639,hcp,2.677017041898287,0.7885325571551229,False
olivine,hand,t0361,18,67,1.0,False,2.595307258619823,hcp,3.38437370994251,0.7890664513226873,False
plagioclase,hand,t0525,911,95,1.0,False,0.6889586848773379,hcp,1.4812210473385778,0.7922623624612399,False
lcp,hand,t0364,76,132,1.0,False,0.5885893205996516,plagioclase,1.3827512756038718,0.7941619550042202,False
lcp,hand,t0601,52,47,1.0,False,0.7186066103980461,plagioclase,1.5130263747046748,0.7944197643066288,False
lcp,hand,t0579,63,85,1.0,False,1.5065409350658256,hcp,2.302195198985052,0.7956542639192266,False
plagioclase,hand,t0603,860,54,1.0,False,0.6686606068136458,lcp,1.46632184498126,0.7976612381676143,False
plagioclase,hand,t0600,898,155,1.0,False,0.7413158078675824,olivine,1.5401766768413498,0.7988608689737674,False
plagioclase,hand,t0599,847,61,1.0,False,1.0410192595847823,olivine,1.8420733740629076,0.8010541144781254,False
olivine,hand,t0435,211,1310,1.0,False,1.1098082570883525,hcp,1.9135153528688447,0.8037070957804922,False
lcp,hand,t0599,133,782,1.0,False,0.8917762594061891,plagioclase,1.6955131818319364,0.8037369224257473,False
lcp,hand,t0599,103,150,1.0,False,2.0045995432940384,plagioclase,2.811586681169879,0.8069871378758404,False
lcp,hand,t0530,253,481,1.0,False,1.0075207802866246,plagioclase,1.8169916580858838,0.8094708777992592,False
olivine,hand,t0434,168,315,1.0,False,1.569629129764574,hcp,2.379691333262701,0.8100622034981273,False
lcp,hand,t0599,79,69,1.0,False,3.431198386781943,hcp,4.244591751473747,0.8133933646918039,False
plagioclase,hand,t0598,791,937,1.0,False,1.080528897446158,hcp,1.8958212062943818,0.8152923088482238,False
lcp,hand,t0601,135,803,1.0,False,0.70794832292964,plagioclase,1.5288666315152772,0.8209183085856372,False
plagioclase,hand,t0531,989,28,1.0,False,0.5670827282419417,hcp,1.3913392878896331,0.8242565596476914,False
lcp,hand,t0599,246,570,1.0,False,2.2762060049972037,plagioclase,3.1018931925765894,0.8256871875793856,False
lcp,hand,t0674,20,114,1.0,False,0.9008420283557707,plagioclase,1.7265917084511138,0.8257496800953431,False
lcp,hand,t0433,399,38,1.0,False,1.7142780809085214,hcp,2.5411793626601757,0.8269012817516543,False
lcp,hand,t0672,86,22,1.0,False,1.1991967932805945,plagioclase,2.0262556130579985,0.827058819777404,False
plagioclase,hand,t0531,829,40,1.0,False,0.5445784814985712,hcp,1.3752784120984278,0.8306999305998566,False
lcp,hand,t0601,117,48,1.0,False,0.6047835818179728,plagioclase,1.4377488644062024,0.8329652825882297,False
lcp,hand,t0504,68,102,1.0,False,0.6185637104883246,plagioclase,1.4561113441871145,0.8375476336987899,False
lcp,hand,t0602,118,176,1.0,False,1.1540875427124795,plagioclase,1.9931244339700314,0.8390368912575519,False
plagioclase,hand,t0600,759,451,1.0,False,0.8185568516840718,lcp,1.6584283791414165,0.8398715274573447,False
lcp,hand,t0599,28,48,1.0,False,1.4059602505779691,plagioclase,2.250064561191008,0.8441043106130388,False
lcp,hand,t0432,50,144,1.0,False,0.48978043907062446,plagioclase,1.3380212210553395,0.8482407819847151,False
lcp,hand,t0364,101,126,1.0,False,0.4647797337676325,plagioclase,1.3180407760451172,0.8532610422774847,False
lcp,hand,t0601,21,76,1.0,False,0.6456892072231579,plagioclase,1.4993235793926643,0.8536343721695063,False
lcp,hand,t0579,67,26,1.0,False,0.996735700597978,plagioclase,1.8516323443385723,0.8548966437405943,False
lcp,hand,t0579,17,223,1.0,False,1.0697133786910866,plagioclase,1.934401144113858,0.8646877654227714,False
lcp,hand,t0504,36,80,1.0,False,1.240673206238563,plagioclase,2.112269723715223,0.8715965174766598,False
lcp,hand,t0504,46,84,1.0,False,0.8226185548046239,plagioclase,1.6995989728511711,0.8769804180465472,False
olivine,hand,t0364,191,99,1.0,False,8.537736462515939e-07,hcp,0.8811172876567134,0.8811164338830672,False
hcp,hand,t0433,134,100,1.0,False,8.537736462515939e-07,olivine,0.8811172876567134,0.8811164338830672,False
lcp,hand,t0364,7,87,1.0,False,2.837737270162506,plagioclase,3.719843378468109,0.882106108305603,False
lcp,hand,t0576,16,66,1.0,False,2.1735053132997395,plagioclase,3.0558284946958176,0.8823231813960781,False
lcp,confirmed,t1299,2467313592,9,1.0,True,1.1100586995456236,plagioclase,1.9966355288527722,0.8865768293071485,False
lcp,hand,t0531,148,323,1.0,False,0.9350161711866621,plagioclase,1.8216649472126574,0.8866487760259952,False
lcp,hand,t0530,297,150,1.0,False,0.8900955078120334,plagioclase,1.779080462540017,0.8889849547279836,False
lcp,hand,t0672,31,52,1.0,False,1.793304631284112,plagioclase,2.685609528586535,0.8923048973024228,False
lcp,hand,t0672,237,391,1.0,False,0.7495986376828387,plagioclase,1.6420798206042042,0.8924811829213655,False
lcp,hand,t0578,10,219,1.0,False,1.6958628653293304,hcp,2.5885823961126957,0.8927195307833653,False
lcp,confirmed,t1032,2612714784,190404,1.0,False,4.820028552020815,plagioclase,5.71367338789122,0.893644835870405,False
plagioclase,hand,t0600,963,198,1.0,False,0.8076700555363828,hcp,1.7024718264878382,0.8948017709514554,False
lcp,hand,t0600,225,313,1.0,False,0.6679392101797252,plagioclase,1.5628080219080043,0.894868811728279,False
plagioclase,hand,t0525,775,472,1.0,False,0.8135771168534155,hcp,1.7093487106382386,0.8957715937848231,False
lcp,hand,t0436,145,498,1.0,False,1.4724985895014235,hcp,2.3714474552566136,0.8989488657551901,False
lcp,hand,t0530,47,350,1.0,False,1.1746551805733048,plagioclase,2.074330218441521,0.8996750378682163,False
lcp,hand,t0437,80,137,1.0,False,2.1655668666040566,plagioclase,3.0694413853428215,0.9038745187387649,False
lcp,hand,t0530,195,311,1.0,False,1.6047428768254628,plagioclase,2.513874159426342,0.909131282600879,False
lcp,hand,t0294,4,1454,1.0,False,1.526509818740075,plagioclase,2.4372632187687273,0.9107534000286523,False
lcp,confirmed,t1104,3155304488,12207,1.0,False,10.134911362568813,hcp,11.048895446094193,0.9139840835253796,False
lcp,hand,t0579,65,32,1.0,False,1.0283818646203395,plagioclase,1.9497039844012458,0.9213221197809063,False
lcp,hand,t0364,56,34,1.0,False,1.382147371600063,hcp,2.308921698496345,0.926774326896282,False
lcp,hand,t0435,317,278,1.0,False,1.4806103190931712,hcp,2.4081743350948788,0.9275640160017076,False
plagioclase,hand,t0531,937,59,1.0,False,0.60069962986602,hcp,1.529838743277558,0.929139113411538,False
lcp,hand,t0435,313,217,1.0,False,0.8063948751436583,plagioclase,1.736277402316155,0.9298825271724966,False
lcp,hand,t0530,158,858,1.0,False,0.8986345476266393,plagioclase,1.8287415680736918,0.9301070204470525,False
lcp,hand,t0435,379,152,1.0,False,2.0547713075656815,hcp,2.9856729640958735,0.930901656530192,False
lcp,hand,t0578,2,29,1.0,False,1.233933736935475,plagioclase,2.1649093297022413,0.9309755927667662,False
lcp,hand,t0504,96,35,1.0,False,3.4892280960762365,plagioclase,4.4211392602622315,0.931911164185995,False
lcp,hand,t0363,17,66,1.0,False,1.2542239960640096,hcp,2.1903266247523088,0.9361026286882992,False
lcp,hand,t0530,211,812,1.0,False,1.241233368698185,plagioclase,2.1783305146740397,0.9370971459758548,False
lcp,confirmed,t1104,1465987435,1021,0.5,False,12.922997144542704,hcp,13.864957331348867,0.9419601868061633,False
lcp,hand,t0601,250,48,1.0,False,1.1535587264034242,plagioclase,2.0962229542535504,0.9426642278501263,False
alteration,tag,t1086,2484598998,245,1.0,False,1.9604110310433471,olivine,2.9076338491215505,0.9472228180782034,False
lcp,hand,t0364,98,243,1.0,False,0.46769250419349967,plagioclase,1.4206055008581318,0.9529129966646321,False
lcp,hand,t0579,31,130,1.0,False,1.998591886262005,hcp,2.9628441165742534,0.9642522303122485,False
lcp,hand,t0364,11,239,1.0,False,1.3097451517969152,plagioclase,2.2744560245680856,0.9647108727711704,False
lcp,confirmed,t1104,3329243160,44,0.75,False,9.869655967012221,hcp,10.841045512439644,0.9713895454274226,False
lcp,hand,t0530,123,137,1.0,False,1.9671140952743287,plagioclase,2.9400362803746023,0.9729221851002736,False
lcp,hand,t0578,8,61,1.0,False,1.0327978225365912,plagioclase,2.0064353852239325,0.9736375626873413,False
lcp,hand,t0528,77,30,1.0,False,1.26268819066642,plagioclase,2.2386511892222676,0.9759629985558476,False
lcp,hand,t0530,263,564,1.0,False,0.7841531431407062,plagioclase,1.7603478509635013,0.9761947078227952,False
lcp,hand,t0364,285,808,1.0,False,0.781042571949473,plagioclase,1.7582310275585908,0.9771884556091178,False
lcp,confirmed,t1320,223613058,9,0.5,True,35.377806721422495,hcp,36.355131779390675,0.97732505796818,False
lcp,hand,t0672,189,124,1.0,False,0.89491584992459,plagioclase,1.8738795754121946,0.9789637254876047,False
lcp,hand,t0601,72,45,1.0,False,0.990680116888418,plagioclase,1.9718712851540758,0.9811911682656579,False
lcp,confirmed,t1320,79417754,35,0.5,False,28.622763467141876,hcp,29.608451565857276,0.9856880987154,False
lcp,hand,t0530,168,764,1.0,False,0.8359524875719759,plagioclase,1.822976219721021,0.9870237321490452,False
lcp,hand,t0363,5,510,1.0,False,0.8959569149653481,plagioclase,1.8869047382639836,0.9909478232986355,False
lcp,hand,t0597,187,65,1.0,False,1.2885561687598457,plagioclase,2.2810397024216433,0.9924835336617976,False
lcp,hand,t0435,247,29,1.0,False,0.7674288648395257,plagioclase,1.7600635081416203,0.9926346433020946,False
lcp,hand,t0504,48,97,1.0,False,0.9810752811634437,plagioclase,1.9757552845162538,0.9946800033528101,False
lcp,hand,t0671,266,37,1.0,False,1.1173901295557453,plagioclase,2.11331388933432,0.9959237597785748,False
lcp,hand,t0598,153,87,1.0,False,1.0256650216904357,plagioclase,2.021648553126765,0.9959835314363295,False
lcp,confirmed,t1320,106923577,134,0.5,False,31.448139843612662,hcp,32.444442623763074,0.9963027801504118,False
lcp,hand,t0673,145,120,1.0,False,0.9330742326351502,plagioclase,1.9301739477976814,0.9970997151625312,False
lcp,hand,t0435,285,249,1.0,False,1.2783297410979655,hcp,2.2763041691951016,0.9979744280971361,False
lcp,hand,t0363,13,221,1.0,False,0.5263748866852258,plagioclase,1.5277831896741416,1.0014083029889158,False
lcp,hand,t0597,70,31,1.0,False,1.2734592472899704,plagioclase,2.278420457552053,1.0049612102620824,False
alteration,tag,t1086,3631665538,77,1.0,False,1.8692014117497207,olivine,2.877299185977353,1.0080977742276322,False
lcp,hand,t0435,99,158,1.0,False,1.6660257220126573,hcp,2.676358188457543,1.0103324664448856,False
lcp,hand,t0579,6,70,1.0,False,1.2212742657030835,hcp,2.231871775174081,1.0105975094709974,False
plagioclase,hand,t0240,101,147,1.0,False,1.2074182697257333e-06,hcp,1.0107652156134441,1.0107640081951743,False
lcp,hand,t0601,210,20,1.0,False,1.4318243552299783,plagioclase,2.4428006715497492,1.010976316319771,False
lcp,hand,t0504,78,65,1.0,False,3.587087074041355,plagioclase,4.60238711995716,1.0153000459158048,False
lcp,hand,t0672,209,34,1.0,False,0.8237698170962657,plagioclase,1.8399459323536922,1.0161761152574265,False
lcp,confirmed,t1104,235755276,214,0.5,False,14.051477634255674,hcp,15.067715921243613,1.0162382869879387,False
lcp,hand,t0600,311,632,1.0,False,1.2694679063282266,plagioclase,2.285898095111038,1.0164301887828116,False
lcp,hand,t0580,4,72,1.0,False,1.3420828285063249,plagioclase,2.360751402053468,1.018668573547143,False
lcp,hand,t0504,74,91,1.0,False,2.677095476249023,plagioclase,3.69696469549307,1.0198692192440473,False
lcp,confirmed,t1176,595381368,88,0.5,False,10.888758354293715,hcp,11.912243729865377,1.0234853755716617,False
alteration,tag,t1086,3277905850,199,1.0,False,0.7531487018624944,olivine,1.7770381771734094,1.0238894753109151,False
lcp,hand,t0504,72,17,1.0,False,1.7756921018740808,plagioclase,2.7997619984367215,1.0240698965626407,False
lcp,hand,t0579,69,112,1.0,False,1.3073940760022102,plagioclase,2.33415874107824,1.0267646650760298,False
lcp,hand,t0364,115,114,1.0,False,1.008694715121035,plagioclase,2.037286178690332,1.0285914635692968,False
lcp,hand,t0504,92,50,1.0,False,2.5050537735843337,plagioclase,3.5337848255925914,1.0287310520082578,False
lcp,hand,t0600,155,2260,1.0,False,1.0488614968942958,plagioclase,2.0786402681969984,1.0297787713027027,False
lcp,hand,t0670,181,354,1.0,False,0.4301847423446707,plagioclase,1.461771570563956,1.0315868282192853,False
lcp,hand,t0435,257,475,1.0,False,1.0033260534296942,plagioclase,2.038028948458502,1.034702895028808,False
lcp,hand,t0601,276,1372,1.0,False,1.162377566690396,plagioclase,2.197490853104886,1.03511328641449,False
lcp,hand,t0576,30,6842,1.0,False,1.9169520482589955,hcp,2.9526574323497017,1.0357053840907062,False
lcp,hand,t0602,301,35,1.0,False,0.9907894923457997,plagioclase,2.0269656402701686,1.036176147924369,False
lcp,confirmed,t1320,3678132926,1964,0.5,False,36.575199775102696,hcp,37.61880085051067,1.0436010754079703,False
alteration,tag,t1090,3334248611,882,1.0,False,1.3641846275674516,plagioclase,2.4100683647651344,1.0458837371976828,False
lcp,hand,t0530,84,121,1.0,False,1.906968319939879,plagioclase,2.9538639447899326,1.0468956248500536,False
lcp,hand,t0599,201,172,1.0,False,2.1084196262387205,plagioclase,3.1584563242887063,1.0500366980499858,False
lcp,hand,t0364,72,147,1.0,False,0.6360050630258781,plagioclase,1.6865379751418117,1.0505329121159335,False
lcp,hand,t0579,57,52,1.0,False,2.073925697961432,hcp,3.1278267189291826,1.0539010209677508,False
lcp,hand,t0505,88,58,1.0,False,0.8577782676088955,plagioclase,1.9118943397983104,1.054116072189415,False
lcp,hand,t0503,19,18,1.0,False,3.1272158089630726,plagioclase,4.184412385843352,1.0571965768802793,False
lcp,hand,t0599,203,65,1.0,False,1.023651615234381,plagioclase,2.0809214432848733,1.0572698280504922,False
lcp,confirmed,t1177,514856067,11,1.0,False,5.2994285599347775,hcp,6.3588227078284385,1.059394147893661,False
lcp,hand,t0602,230,13,1.0,False,1.2008313585876074,plagioclase,2.261965304132847,1.0611339455452395,False
alteration,tag,t1086,3641088379,2029,1.0,False,2.658700518391373,olivine,3.7207191209730186,1.0620186025816456,False
lcp,hand,t0504,64,59,1.0,False,3.1351283252048217,plagioclase,4.197232683469601,1.0621043582647798,False
lcp,hand,t0579,8,113,1.0,False,1.455855250119637,hcp,2.52670778409383,1.070852533974193,False
lcp,confirmed,t1033,3682552307,152509,1.0,False,6.928853039939248,hcp,8.001101563312023,1.0722485233727754,False
lcp,hand,t0601,26,121,1.0,False,0.6134645690668765,plagioclase,1.6866483143856057,1.0731837453187292,False
lcp,hand,t0528,287,1217,1.0,False,0.785384125524864,plagioclase,1.8602986649680011,1.074914539443137,False
lcp,hand,t0505,106,149,1.0,False,2.424068135597805,hcp,3.4994996026046183,1.0754314670068132,False
lcp,hand,t0602,270,79,1.0,False,1.2168119990440105,plagioclase,2.294423920383567,1.0776119213395563,False
lcp,hand,t0364,57,1755,1.0,False,1.1285075776699751,plagioclase,2.2068857277979874,1.0783781501280123,False
lcp,hand,t0599,229,26,1.0,False,1.6486582443766638,plagioclase,2.727269584026161,1.0786113396494972,False
lcp,hand,t0504,44,43,1.0,False,0.8992302769369003,plagioclase,1.9787247444565437,1.0794944675196434,False
lcp,hand,t0531,277,113,1.0,False,0.601334031774797,plagioclase,1.6810428646078117,1.0797088328330147,False
lcp,hand,t0433,435,31,1.0,False,0.9188688472195861,plagioclase,1.9996102646809115,1.0807414174613255,False
lcp,hand,t0531,233,307,1.0,False,0.6597054983113853,plagioclase,1.7416745968407692,1.081969098529384,False
lcp,hand,t0531,122,176,1.0,False,0.9947786689568529,plagioclase,2.077469789522489,1.0826911205656362,False
lcp,hand,t0602,304,86,1.0,False,0.9334596904958317,plagioclase,2.016304685852694,1.0828449953568624,False
lcp,hand,t0599,112,905,1.0,False,1.0039665523670334,plagioclase,2.090510770929892,1.0865442185628587,False
lcp,hand,t0437,64,438,1.0,False,0.8712183263608865,plagioclase,1.9577885191551108,1.0865701927942242,False
lcp,hand,t0504,52,233,1.0,False,0.9268272262234307,plagioclase,2.014370988782865,1.0875437625594342,False
lcp,hand,t0598,169,53,1.0,False,1.8600156092530247,plagioclase,2.94825313131694,1.088237522063915,False
lcp,hand,t0530,105,2421,1.0,False,1.6568435612885692,plagioclase,2.7452692642419243,1.088425702953355,False
lcp,hand,t0600,291,194,1.0,False,1.34604958318438,plagioclase,2.436588689563174,1.0905391063787941,False
lcp,hand,t0598,36,1952,1.0,False,0.6991606963872613,plagioclase,1.7920819607754843,1.092921264388223,False
lcp,confirmed,t1249,117521835,70,0.75,False,9.677796783832246,hcp,10.77082093700466,1.0930241531724132,False
lcp,confirmed,t1320,1343107876,22,0.5,False,33.49797923782324,hcp,34.59204355786715,1.0940643200439126,False
lcp,hand,t0431,4,120,1.0,False,1.2088418251736504,plagioclase,2.304987079572198,1.0961452543985475,False
lcp,hand,t0599,180,29,1.0,False,1.2757479995708905,plagioclase,2.3735378541127776,1.0977898545418872,False
lcp,hand,t0598,56,145,1.0,False,0.9460560024558162,plagioclase,2.0506140463911016,1.1045580439352853,False
lcp,hand,t0505,34,43,1.0,False,2.058825843347914,plagioclase,3.1637036418072917,1.1048777984593778,False
lcp,hand,t0525,242,568,1.0,False,0.5485094017584663,plagioclase,1.654431388173733,1.1059219864152667,False
lcp,confirmed,t1321,577730545,23,0.75,False,12.179223722571674,hcp,13.285494828865064,1.1062711062933896,False
lcp,hand,t0530,218,2,1.0,True,2.6817233754701677,plagioclase,3.791917326939668,1.1101939514695003,False
lcp,hand,t0602,183,31,1.0,False,2.359790594643846,plagioclase,3.4700867473695562,1.1102961527257103,False
lcp,hand,t0504,60,135,1.0,False,3.6050670666700184,plagioclase,4.71654871716163,1.1114816504916116,False
lcp,hand,t0673,213,41,1.0,False,0.8231282833139311,plagioclase,1.9355163982970998,1.1123881149831687,False
lcp,hand,t0579,51,54,1.0,False,1.2156700704693213,plagioclase,2.331726777853156,1.1160567073838346,False
lcp,hand,t0504,70,182,1.0,False,2.5869806891245717,plagioclase,3.70314482583015,1.1161641367055783,False
lcp,hand,t0504,34,73,1.0,False,1.8389767286559258,plagioclase,2.956100806849505,1.1171240781935794,False
lcp,hand,t0504,62,61,1.0,False,2.815618272612917,plagioclase,3.9331162106212787,1.1174979380083618,False
lcp,hand,t0433,313,32,1.0,False,1.2181707978848297,hcp,2.338174529426143,1.1200037315413132,False
lcp,hand,t0508,22,482,1.0,False,1.8034838269011346,hcp,2.925414365717052,1.1219305388159175,False
lcp,hand,t0433,425,106,1.0,False,3.2233681345369742,hcp,4.347648632365094,1.1242804978281198,False
lcp,confirmed,t1320,725862256,29,0.5,False,32.4760531669899,hcp,33.60207252916923,1.1260193621793277,False
lcp,hand,t0671,106,97,1.0,False,1.515968562973672,plagioclase,2.644724100495285,1.128755537521613,False
lcp,hand,t0504,90,19,1.0,False,1.4717759513579376,hcp,2.6035111049984088,1.1317351536404712,False
lcp,hand,t0360,23,216,1.0,False,34.448642743356935,plagioclase,35.58066749398899,1.1320247506320555,False
lcp,hand,t0434,110,152,1.0,False,2.249311177987433,hcp,3.3825335799422667,1.1332224019548338,False
lcp,hand,t0364,71,1210,1.0,False,0.8135200909854806,plagioclase,1.9474312587197835,1.1339111677343028,False
lcp,hand,t0530,53,4655,1.0,False,0.8874076752265017,plagioclase,2.0221760159898468,1.134768340763345,False
lcp,confirmed,t1160,2506147251,5071,0.5,False,9.090261259822213,hcp,10.225173469693667,1.1349122098714535,False
lcp,hand,t0431,12,705,1.0,False,1.6543183005283233,hcp,2.7898441830967435,1.1355258825684202,False
lcp,hand,t0579,2,233,1.0,False,1.9629304449749623,hcp,3.099588723172072,1.1366582781971095,False
lcp,hand,t0598,292,108,1.0,False,1.0907740051993384,plagioclase,2.2279854242405164,1.137211419041178,False
lcp,hand,t0600,287,6,1.0,True,1.178602544769604,plagioclase,2.3166402636915358,1.1380377189219317,False
lcp,hand,t0528,128,728,1.0,False,1.0221314529024805,plagioclase,2.1627022247303658,1.1405707718278852,False
lcp,confirmed,t1320,322351881,49,0.5,False,28.364528144592708,hcp,29.505418545879696,1.1408904012869883,False
lcp,hand,t0601,108,210,1.0,False,0.5945520863799647,plagioclase,1.736089829658065,1.1415377432781002,False
lcp,hand,t0360,28,1715,1.0,False,34.46898125984515,plagioclase,35.61063768364121,1.1416564237960571,False
lcp,hand,t0431,32,84,1.0,False,1.869536981066311,plagioclase,3.0121125036394454,1.1425755225731344,False
lcp,confirmed,t1321,1957188271,565,0.5,False,10.878069939158289,hcp,12.021409144226933,1.143339205068644,False
lcp,hand,t0599,120,1716,1.0,False,0.9464003945398473,plagioclase,2.0907558781831166,1.1443554836432694,False
lcp,hand,t0531,298,46,1.0,False,1.405056551400798,plagioclase,2.549592158960215,1.1445356075594169,False
lcp,hand,t0530,171,35,1.0,False,1.268943171790644,plagioclase,2.4138474849350846,1.1449043131444405,False
lcp,hand,t0431,29,224,1.0,False,2.0681821541087593,hcp,3.213520772733254,1.145338618624495,False
lcp,hand,t0598,95,621,1.0,False,2.8121374162195596,plagioclase,3.9602793589293603,1.1481419427098007,False
lcp,confirmed,t1320,2949619222,957,0.5,False,23.211287991617027,hcp,24.359842826805945,1.1485548351889179,False
lcp,hand,t0431,8,885,1.0,False,1.5898214626610747,plagioclase,2.7383964215802012,1.1485749589191265,False
lcp,confirmed,t1320,912288934,74,0.5,False,29.621403715103494,hcp,30.77011680560647,1.1487130905029765,False
lcp,hand,t0504,66,88,1.0,False,1.5883748966002291,hcp,2.739958046304661,1.151583149704432,False
lcp,hand,t0528,66,2230,1.0,False,0.941036438079741,plagioclase,2.093158716902171,1.15212227882243,False
alteration,tag,t1086,3402105396,228,1.0,False,0.6680404116642282,olivine,1.8213240591407263,1.153283647476498,False
lcp,hand,t0579,47,174,1.0,False,1.5963536135330463,hcp,2.7513962309352555,1.1550426174022093,False
lcp,hand,t0364,93,27,1.0,False,0.9789856058328,plagioclase,2.1378616046585757,1.1588759988257755,False
lcp,hand,t0504,58,108,1.0,False,3.516519927884775,plagioclase,4.684714577045668,1.1681946491608928,False
lcp,hand,t0579,13,183,1.0,False,2.734125894972361,hcp,3.9025653836187257,1.168439488646365,False
lcp,hand,t0672,37,141,1.0,False,2.0750170556001923,plagioclase,3.247073166276809,1.1720561106766167,False
lcp,confirmed,t1321,171628482,19,0.5,False,10.019051095471275,hcp,11.193545108248458,1.174494012777183,False
lcp,hand,t0579,61,242,1.0,False,1.1912286460610628,plagioclase,2.3669402607307255,1.1757116146696627,False
lcp,hand,t0576,22,25559,1.0,False,3.367345652399313,plagioclase,4.544213363988461,1.1768677115891477,False
lcp,hand,t0530,67,65,1.0,False,1.287842244023949,plagioclase,2.468002574432006,1.1801603304080572,False
lcp,confirmed,t1249,1565501541,24,1.0,False,5.468981602620672,hcp,6.649233007462983,1.180251404842311,False
lcp,confirmed,t1090,2413271391,111,0.75,False,6.7932227754299115,plagioclase,7.974105601887954,1.1808828264580429,False
lcp,hand,t0599,107,693,1.0,False,1.1995882916934881,plagioclase,2.381214628833372,1.1816263371398839,False
lcp,hand,t0597,42,46,1.0,False,1.3777920752871224,plagioclase,2.5612786307035704,1.183486555416448,False
lcp,hand,t0601,227,13,1.0,False,0.7738263860417709,plagioclase,1.9577762735452364,1.1839498875034655,False
lcp,hand,t0531,104,1123,1.0,False,1.6737232967465878,plagioclase,2.8582895042817547,1.1845662075351668,False
lcp,hand,t0431,34,30,1.0,False,1.9889000015752312,plagioclase,3.175845178013968,1.1869451764387366,False
lcp,hand,t0504,42,36,1.0,False,1.0497256682514537,plagioclase,2.237522177226089,1.1877965089746354,False
lcp,hand,t0602,299,1025,1.0,False,1.0759026590632703,plagioclase,2.2643397363434437,1.1884370772801733,False
lcp,hand,t0433,327,616,1.0,False,0.6754421612962489,plagioclase,1.8705673327292602,1.1951251714330113,False
lcp,hand,t0365,53,71,1.0,False,1.0947198083187404,plagioclase,2.2917595017033423,1.197039693384602,False
lcp,hand,t0528,124,958,1.0,False,0.9470518675559434,plagioclase,2.1460825635331813,1.1990306959772379,False
lcp,hand,t0598,231,1804,1.0,False,2.6874001648316415,plagioclase,3.886592680977937,1.1991925161462955,False
lcp,confirmed,t1177,309186849,30,0.5,False,3.9214469289246994,plagioclase,5.120862931998742,1.1994160030740426,False
lcp,confirmed,t1320,1699909656,31,0.5,False,24.81186642593835,hcp,26.01432734708978,1.2024609211514274,False
lcp,hand,t0433,72,77,1.0,False,0.855744226450943,plagioclase,2.060072819812983,1.2043285933620402,False
lcp,hand,t0600,27,342,1.0,False,0.9358273829788579,plagioclase,2.1431349837578835,1.2073076007790255,False
lcp,confirmed,t1176,3295516388,50,0.75,False,9.216241629218697,hcp,10.42426323262316,1.2080216034044629,False
lcp,hand,t0531,261,4012,1.0,False,2.2684327854680304,plagioclase,3.478193669520804,1.2097608840527738,False
lcp,confirmed,t1322,2619994305,172,1.0,False,4.772270740111902,hcp,5.983544975327675,1.2112742352157726,False
lcp,hand,t0600,45,95,1.0,False,2.7889982269534532,plagioclase,4.000572421443717,1.211574194490264,False
lcp,hand,t0579,27,29,1.0,False,2.045628070572027,hcp,3.2581388784477334,1.2125108078757063,False
lcp,hand,t0528,257,41,1.0,False,0.8523674825771346,plagioclase,2.065329404217305,1.2129619216401706,False
lcp,hand,t0670,111,28,1.0,False,4.371459217474134,plagioclase,5.584602103798802,1.2131428863246683,False
alteration,tag,t1090,2848332145,160,1.0,False,1.34937904178788,olivine,2.562910695210301,1.213531653422421,False
alteration,confirmed,t1087,598462747,1,1.0,True,2.039919173552725,lcp,3.254495744024297,1.2145765704715723,False
lcp,hand,t0601,192,194,1.0,False,0.9052592927158376,plagioclase,2.1201958672553753,1.2149365745395377,False
lcp,hand,t0602,165,64,1.0,False,2.185930784089325,plagioclase,3.401036492660671,1.215105708571346,False
lcp,hand,t0359,28,290,1.0,False,1.3042739433349213,plagioclase,2.521392934010473,1.2171189906755517,False
lcp,hand,t0601,186,50,1.0,False,1.57904133975883,plagioclase,2.7965869452435674,1.2175456054847373,False
lcp,hand,t0602,198,51,1.0,False,1.1591880374990562,plagioclase,2.377794484373634,1.2186064468745776,False
alteration,tag,t1086,321094986,977,1.0,False,0.6064139757708807,olivine,1.8272254809487716,1.220811505177891,False
lcp,hand,t0598,43,1568,1.0,False,1.7619915097843535,plagioclase,2.9873943070721904,1.225402797287837,False
lcp,confirmed,t1090,446642363,623,0.75,False,7.396163383672125,plagioclase,8.622104244633032,1.2259408609609075,False
lcp,hand,t0435,353,58,1.0,False,0.9175662562089953,plagioclase,2.144412194836372,1.2268459386273767,False
lcp,hand,t0435,61,295,1.0,False,1.2006319075450904,plagioclase,2.42911882268594,1.2284869151408497,False
lcp,hand,t0527,107,57,1.0,False,1.297477886775538,plagioclase,2.5272719064662814,1.2297940196907433,False
alteration,tag,t1090,2499244167,5,1.0,True,1.6843530624483491,plagioclase,2.918381409662953,1.2340283472146039,False
lcp,confirmed,t1250,196112625,215,0.5,False,7.734877032614057,plagioclase,8.969789743425697,1.2349127108116393,False
lcp,hand,t0602,239,19,1.0,False,2.2706656392538536,plagioclase,3.5077390384756293,1.2370733992217757,False
lcp,hand,t0431,35,31,1.0,False,2.192953078228134,plagioclase,3.4301999997180506,1.2372469214899167,False
lcp,confirmed,t1322,2486717571,14,1.0,False,5.103626292639285,hcp,6.341302049378477,1.2376757567391925,False
alteration,tag,t1086,1146794023,39,1.0,False,1.3055090336163733,olivine,2.543355695597071,1.2378466619806978,False
lcp,confirmed,t1160,766718375,136,0.5,False,7.913840626604347,plagioclase,9.151793112539975,1.2379524859356286,False
lcp,confirmed,t1320,1813602216,12,0.5,False,21.41085611809252,hcp,22.648877745668294,1.2380216275757725,False
lcp,hand,t0579,9,41,1.0,False,1.7153131860800692,plagioclase,2.9536015121611947,1.2382883260811255,False
lcp,hand,t0670,131,476,1.0,False,1.3591949972430517,plagioclase,2.5988006160623054,1.2396056188192537,False
lcp,hand,t0599,280,73,1.0,False,2.4731737577316473,plagioclase,3.7143354128967974,1.24116165516515,False
lcp,hand,t0435,59,285,1.0,False,0.9087983107361631,plagioclase,2.1505026768742526,1.2417043661380895,False
lcp,hand,t0672,22,91,1.0,False,0.6437156354766267,plagioclase,1.8863258533518534,1.2426102178752267,False
lcp,hand,t0434,196,193,1.0,False,2.739061918860015,hcp,3.9829507196204323,1.2438888007604172,False
lcp,confirmed,t1249,1103046,42,0.5,False,6.755374394040521,plagioclase,7.999718486895603,1.2443440928550817,False
alteration,tag,t1090,705168449,28,1.0,False,1.282627952530436,olivine,2.52732962456979,1.244701672039354,False
lcp,confirmed,t1249,1979417767,15,0.75,False,7.376564579065533,hcp,8.623371978547418,1.2468073994818845,False
lcp,confirmed,t1249,2127994235,26,0.5,False,6.807429923985168,plagioclase,8.0544140949969,1.2469841710117322,False
lcp,hand,t0507,14,66,1.0,False,1.6056224787499964,plagioclase,2.852626165445482,1.2470036866954857,False
lcp,confirmed,t1250,1548999180,106,0.5,False,9.160759234759084,plagioclase,10.408364492323456,1.2476052575643717,False
lcp,hand,t0598,93,506,1.0,False,1.6345333120227001,plagioclase,2.882324643604234,1.2477913315815339,False
lcp,hand,t0431,31,94,1.0,False,2.037597281263853,plagioclase,3.2859523792353698,1.2483550979715168,False
lcp,hand,t0602,268,108,1.0,False,1.6489829104955975,plagioclase,2.8979726296764303,1.2489897191808328,False
lcp,hand,t0505,76,97,1.0,False,1.1159389992428126,plagioclase,2.36689226969793,1.2509532704551176,False
lcp,confirmed,t1248,4138752485,14,0.75,False,6.138773216727591,hcp,7.389883213391321,1.2511099966637298,False
lcp,hand,t0601,279,77,1.0,False,0.9645399646544504,plagioclase,2.2183344692800953,1.253794504625645,False
lcp,hand,t0599,83,514,1.0,False,1.6380944153031163,plagioclase,2.8930801186291557,1.2549857033260394,False
lcp,hand,t0579,15,78,1.0,False,2.2700580936833834,hcp,3.5250555163858475,1.254997422702464,False
lcp,confirmed,t1320,3426826496,23,0.5,False,31.02550605639502,hcp,32.281497565094995,1.2559915086999744,False
lcp,hand,t0437,40,141,1.0,False,0.9356834843834596,plagioclase,2.191805783368182,1.2561222989847223,False
lcp,confirmed,t1249,1287468219,43,0.5,False,6.920288656879591,plagioclase,8.176715280116236,1.2564266232366448,False
lcp,confirmed,t1249,3651350016,95,0.5,False,6.525880391719717,plagioclase,7.782468104328695,1.2565877126089777,False
lcp,hand,t0436,38,17,1.0,False,0.8966126724313351,plagioclase,2.1534374153360307,1.2568247429046955,False
lcp,hand,t0433,439,131,1.0,False,4.938711622687993,hcp,6.196528397139405,1.2578167744514115,False
lcp,hand,t0504,76,20,1.0,False,2.8106836764055663,plagioclase,4.068505703851629,1.2578220274460623,False
lcp,hand,t0437,52,253,1.0,False,2.194412342880673,hcp,3.4531753367474827,1.2587629938668097,False
lcp,hand,t0601,309,5008,1.0,False,1.2646804641473404,plagioclase,2.5236891078923307,1.2590086437449903,False
lcp,hand,t0601,137,97,1.0,False,0.8145568834754844,plagioclase,2.0764869131420656,1.2619300296665812,False
lcp,hand,t0601,60,379,1.0,False,0.5608195194789909,plagioclase,1.823794419086361,1.2629748996073702,False
lcp,hand,t0507,10,189,1.0,False,2.579494415257941,plagioclase,3.8435584507656895,1.2640640355077486,False
lcp,hand,t0578,4,23,1.0,False,1.0997160155644692,plagioclase,2.3659019424722967,1.2661859269078275,False
lcp,hand,t0504,54,1103,1.0,False,1.3867536285379078,plagioclase,2.6564234024571864,1.2696697739192786,False
lcp,hand,t0436,116,432,1.0,False,0.6974804906471606,plagioclase,1.9698091382121579,1.2723286475649973,False
lcp,confirmed,t1322,754562659,100,1.0,False,4.679831351237082,hcp,5.953823160524269,1.2739918092871871,False
lcp,confirmed,t1250,3469652521,11,0.5,False,6.544018847379314,plagioclase,7.8186312026554265,1.2746123552761128,False
lcp,hand,t0359,5,2121,1.0,False,6.08382626490776,plagioclase,7.360996372120387,1.2771701072126271,False
lcp,confirmed,t1249,3590996815,992,0.5,False,6.78114384514669,plagioclase,8.058371591234133,1.2772277460874433,False
lcp,confirmed,t1176,2501293524,29,0.75,False,9.69161847398529,plagioclase,10.969261141854568,1.2776426678692783,False
lcp,hand,t0599,48,228,1.0,False,1.0926946401003648,plagioclase,2.3708595818294436,1.2781649417290788,False
lcp,confirmed,t1249,2804189036,14,0.75,False,6.512243214105365,plagioclase,7.7909016163149465,1.2786584022095813,False
lcp,hand,t0599,68,93,1.0,False,3.7972662040761733,plagioclase,5.0764441885185985,1.2791779844424251,False
lcp,hand,t0435,167,30,1.0,False,1.2357313121187998,plagioclase,2.517111609171062,1.281380297052262,False
lcp,hand,t0602,163,1190,1.0,False,1.5590649741031735,plagioclase,2.842194796505452,1.2831298224022785,False
alteration,tag,t1087,2087200649,467,1.0,False,2.012896010048889,olivine,3.2962631440962533,1.2833671340473645,False
lcp,confirmed,t1250,1324368850,63,1.0,False,7.70461070952643,hcp,8.988918678485621,1.2843079689591912,False
alteration,tag,t1087,216408573,27,1.0,False,2.7076010420407752,olivine,3.9923254553714242,1.284724413330649,False
lcp,confirmed,t1250,1770042878,476,0.75,False,6.850532139059563,plagioclase,8.13567411414287,1.285141975083306,False
lcp,confirmed,t1249,58382356,23601,1.0,False,3.1857357623656073,plagioclase,4.473009748789908,1.2872739864243004,False
lcp,hand,t0674,240,43,1.0,False,1.422801616556004,plagioclase,2.710221561064285,1.287419944508281,False
lcp,hand,t0601,143,45,1.0,False,1.151864384953683,plagioclase,2.4397477514570736,1.2878833665033906,False
lcp,hand,t0504,80,74,1.0,False,1.4316057883171311,plagioclase,2.7199990415621484,1.2883932532450173,False
alteration,confirmed,t1086,4197136776,2,1.0,True,4.4318069347668745,olivine,5.720283592104071,1.2884766573371964,False
lcp,confirmed,t1322,2353228136,113,0.75,False,5.390383731442729,plagioclase,6.678911348405877,1.2885276169631474,False
lcp,hand,t0599,101,195,1.0,False,1.1497572320531304,plagioclase,2.438371183053739,1.2886139510006085,False
lcp,hand,t0602,80,2992,1.0,False,2.4713690597108675,plagioclase,3.7612355282983567,1.2898664685874892,False
lcp,confirmed,t1249,3381510797,22943,1.0,False,4.475749479439082,plagioclase,5.765793493033639,1.2900440135945574,False
lcp,hand,t0599,126,460,1.0,False,1.9064093607581463,plagioclase,3.1968089119673957,1.2903995512092494,False
lcp,hand,t0528,179,958,1.0,False,3.058112045137188,plagioclase,4.348649683443631,1.2905376383064424,False
lcp,hand,t0599,283,462,1.0,False,1.3478851715253564,plagioclase,2.6403134662084358,1.2924282946830794,False
lcp,confirmed,t1249,290933366,11,0.5,False,6.884957549355113,plagioclase,8.177552964206335,1.2925954148512213,False
lcp,confirmed,t1250,576634677,18,0.5,False,6.308418375732103,plagioclase,7.602411121846004,1.2939927461139016,False
lcp,confirmed,t1250,1093827592,82,0.75,False,7.469652455139292,hcp,8.764196892979061,1.294544437839769,False
lcp,hand,t0363,84,139,1.0,False,2.9012983810864115,plagioclase,4.197446756702872,1.2961483756164607,False
lcp,hand,t0531,205,89,1.0,False,1.5775621738710648,plagioclase,2.8741964480980817,1.296634274227017,False
lcp,hand,t0508,24,312,1.0,False,1.3124277251060612,plagioclase,2.6100545964139688,1.2976268713079075,False
lcp,confirmed,t1249,2948233144,54,1.0,False,5.904963455013296,plagioclase,7.203476179708768,1.2985127246954722,False
lcp,hand,t0670,36,203,1.0,False,0.4859181272691601,plagioclase,1.78462694921263,1.29870882194347,False
lcp,hand,t0602,218,340,1.0,False,2.9471603069374295,plagioclase,4.247593410392385,1.3004331034549557,False
lcp,confirmed,t1321,31166822,18,0.75,False,3.978901070962444,hcp,5.2798078265709485,1.3009067556085046,False
lcp,confirmed,t1250,1725339156,245,1.0,False,7.904337951800465,plagioclase,9.20562830852562,1.301290356725155,False
lcp,confirmed,t1250,1994871242,29,0.5,False,8.307620076113167,plagioclase,9.609267046374017,1.3016469702608493,False
lcp,confirmed,t1249,3156562207,2066,1.0,False,6.714830574000013,plagioclase,8.016802912815846,1.3019723388158333,False
lcp,hand,t0598,173,599,1.0,False,1.810067231128317,plagioclase,3.1142623157431863,1.3041950846148693,False
lcp,confirmed,t1249,175909448,37,1.0,False,8.647978379712008,hcp,9.952478627968961,1.3045002482569537,False
lcp,hand,t0504,94,111,1.0,False,3.8933266528493307,plagioclase,5.199643102536827,1.3063164496874964,False
lcp,hand,t0597,46,155,1.0,False,1.4799252167963608,plagioclase,2.7864670513557637,1.3065418345594029,False
lcp,confirmed,t1250,256884250,12,0.5,False,8.96390251349187,plagioclase,10.27297851068203,1.3090759971901598,False
lcp,hand,t0670,307,39,1.0,False,2.6080701581514325,plagioclase,3.917851494487004,1.3097813363355715,False
lcp,confirmed,t1249,2374499423,31,1.0,False,5.546746303860284,plagioclase,6.857968005453107,1.3112217015928227,False
lcp,confirmed,t1250,109366784,35,0.5,False,8.041144012995913,plagioclase,9.352429877152172,1.3112858641562593,False
lcp,hand,t0670,174,34,1.0,False,4.311377979365008,plagioclase,5.623423956865481,1.312045977500473,False
lcp,confirmed,t1249,1153375457,16,1.0,False,4.587915265404654,hcp,5.900234670176798,1.3123194047721434,False
lcp,hand,t0599,49,63,1.0,False,2.9918223703763096,plagioclase,4.305084168325801,1.3132617979494916,False
lcp,hand,t0525,146,62,1.0,False,0.6273526657077343,plagioclase,1.9407021127843163,1.313349447076582,False
lcp,confirmed,t1249,66426881,46,0.75,False,6.927546792043547,plagioclase,8.241370391197508,1.3138235991539613,False
lcp,confirmed,t1321,1005234173,17,1.0,False,3.672940248025048,hcp,4.987755910982519,1.3148156629574705,False
lcp,hand,t0601,226,279,1.0,False,0.802177324484358,plagioclase,2.1177024313673254,1.3155251068829674,False
lcp,hand,t0507,68,350,1.0,False,1.503359346871033,plagioclase,2.818910630869862,1.315551283998829,False
alteration,tag,t1086,3887062361,5117,1.0,False,2.3166236273394936,olivine,3.6326163191875973,1.3159926918481037,False
lcp,hand,t0600,55,104,1.0,False,1.3001759780094924,plagioclase,2.6163296442945487,1.3161536662850564,False
lcp,confirmed,t1393,2516920944,40,0.5,False,11.545410678852175,plagioclase,12.862151498683833,1.316740819831658,False
lcp,confirmed,t1250,2102908896,26,0.5,False,8.087487495160367,plagioclase,9.404366301544547,1.3168788063841799,False
lcp,confirmed,t1250,3035954625,78,1.0,False,6.025799833440049,hcp,7.343679351293841,1.3178795178537923,False
lcp,hand,t0600,41,282,1.0,False,1.2131140635948459,plagioclase,2.5325038724630926,1.3193898088682467,False
lcp,hand,t0508,14,100,1.0,False,0.8371152126777875,plagioclase,2.157387137059081,1.3202719243812933,False
lcp,hand,t0597,58,699,1.0,False,1.5187082866590793,plagioclase,2.839036563732566,1.3203282770734868,False
lcp,hand,t0507,4,71,1.0,False,2.645474955006261,plagioclase,3.9663993575577607,1.3209244025515,False
lcp,confirmed,t1321,3577536051,9298,1.0,False,2.6079376521251865,plagioclase,3.929605481392808,1.3216678292676214,False
lcp,confirmed,t1249,2116256725,9,1.0,True,6.182886019042018,hcp,7.504578671385702,1.3216926523436845,False
lcp,confirmed,t1250,766741665,232,0.75,False,7.269321770051685,hcp,8.591108802168915,1.3217870321172294,False
lcp,hand,t0597,125,102,1.0,False,1.5509587191148602,plagioclase,2.873537354039839,1.3225786349249788,False
lcp,hand,t0576,20,13053,1.0,False,3.2972019688540937,plagioclase,4.620564425891217,1.3233624570371236,False
lcp,hand,t0434,128,332,1.0,False,1.0071692202210234,plagioclase,2.3305775834012894,1.323408363180266,False
lcp,confirmed,t1321,809773024,20,0.5,False,8.303632683056128,plagioclase,9.627123559599129,1.3234908765430013,False
lcp,confirmed,t1393,2691103657,245,0.5,False,20.215910733472505,plagioclase,21.53993402916418,1.3240232956916742,False
lcp,confirmed,t1249,1996410512,261,1.0,False,6.2584300278611815,hcp,7.582774287181674,1.3243442593204922,False
lcp,hand,t0597,30,3982,1.0,False,1.3825905854750815,plagioclase,2.7075594896277355,1.324968904152654,False
lcp,confirmed,t1249,4274418475,64,0.75,False,6.076208069072544,plagioclase,7.403016606377031,1.326808537304487,False
lcp,hand,t0601,38,123,1.0,False,3.871719623195784,plagioclase,5.200826149603124,1.3291065264073398,False
lcp,confirmed,t1250,2976314582,21,0.75,False,7.561852284954574,plagioclase,8.891022589865353,1.3291703049107788,False
lcp,hand,t0600,136,307,1.0,False,2.154276885617192,plagioclase,3.4854358583821656,1.3311589727649737,False
lcp,confirmed,t1250,4076386798,136,0.75,False,5.824337149468628,hcp,7.1558044329319435,1.3314672834633159,False
lcp,hand,t0507,2,113,1.0,False,4.111099393656708,plagioclase,5.443027669110595,1.3319282754538868,False
lcp,confirmed,t1250,1584958755,9,1.0,True,6.88903034663077,hcp,8.223179417265067,1.3341490706342967,False
lcp,confirmed,t1249,262563941,972,0.75,False,7.3358411674217034,plagioclase,8.670327539744623,1.3344863723229192,False
lcp,confirmed,t1322,3592407142,10,0.5,False,6.267944469916301,plagioclase,7.605184033021886,1.3372395631055847,False
lcp,hand,t0434,120,18,1.0,False,2.625282735761177,plagioclase,3.9646941693432503,1.339411433582073,False
lcp,confirmed,t1176,3100532116,9,0.75,True,8.051284702069179,hcp,9.390956649986485,1.3396719479173065,False
lcp,hand,t0599,236,1375,1.0,False,2.7180318519852285,plagioclase,4.057741524275035,1.3397096722898065,False
lcp,hand,t0504,98,363,1.0,False,1.051664311890125,plagioclase,2.3916760594211883,1.3400117475310633,False
lcp,confirmed,t1250,949502932,206,0.5,False,7.783944170164678,plagioclase,9.125970263347364,1.3420260931826862,False
lcp,hand,t0436,105,964,1.0,False,1.5572808147735275,plagioclase,2.8997457187840796,1.342464904010552,False
lcp,hand,t0504,82,157,1.0,False,1.2030771365168198,plagioclase,2.546253618145168,1.3431764816283482,False
lcp,hand,t0364,65,28,1.0,False,1.2965858863046404,plagioclase,2.6401713921575687,1.3435855058529282,False
lcp,confirmed,t1160,159719,1926,0.5,False,15.387135075492397,plagioclase,16.730907878708148,1.3437728032157512,False
lcp,confirmed,t1249,69277584,182,1.0,False,6.0304581605516585,plagioclase,7.375054012329802,1.3445958517781431,False
lcp,confirmed,t1250,614740021,64,1.0,False,5.564884620882503,plagioclase,6.909817625256709,1.344933004374206,False
lcp,confirmed,t1249,658317811,9,0.75,True,7.926625572791255,plagioclase,9.271684381317693,1.3450588085264377,False
lcp,hand,t0602,305,262,1.0,False,1.8401690401950794,plagioclase,3.1854087977710144,1.345239757575935,False
lcp,confirmed,t1250,1586691536,31,1.0,False,7.076839023071857,hcp,8.42298010856669,1.3461410854948337,False
lcp,hand,t0599,306,54,1.0,False,1.2985975605707953,plagioclase,2.6450810871594985,1.3464835265887032,False
lcp,confirmed,t1250,3191726778,16,0.5,False,8.286785902962276,plagioclase,9.634040000918027,1.3472540979557515,False
lcp,hand,t0670,96,30,1.0,False,2.772596250506649,plagioclase,4.119872655662219,1.34727640515557,False
lcp,confirmed,t1250,1195088215,124,1.0,False,8.351217175403656,plagioclase,9.69855361255904,1.3473364371553842,False
lcp,confirmed,t1249,3444752361,11,1.0,False,6.8960206671183,hcp,8.24351940521436,1.3474987380960606,False
lcp,hand,t0576,7,1988,1.0,False,5.363851034940907,plagioclase,6.711568620898933,1.3477175859580255,False
lcp,confirmed,t1322,294029203,46,1.0,False,5.292176315972878,hcp,6.64182571716888,1.349649401196002,False
lcp,hand,t0579,29,222,1.0,False,2.685783425570497,plagioclase,4.035594454292044,1.3498110287215468,False
lcp,confirmed,t1250,3662477867,69,0.75,False,7.30564588130458,plagioclase,8.655684789912947,1.3500389086083668,False
alteration,tag,t1090,2745358050,3637,1.0,False,1.3573404481615867,olivine,2.708638703505374,1.3512982553437873,False
lcp,confirmed,t1322,1865000248,43,1.0,False,5.726614855982647,plagioclase,7.078314778149875,1.351699922167228,False
lcp,hand,t0504,50,765,1.0,False,1.9267944976597597,plagioclase,3.278654236488092,1.3518597388283324,False
lcp,hand,t0507,6,240,1.0,False,2.40969065958417,plagioclase,3.7617028394083,1.35201217982413,False
lcp,hand,t0435,241,136,1.0,False,3.915932554757245,plagioclase,5.268072518816905,1.3521399640596599,False
lcp,hand,t0507,8,183,1.0,False,3.0153336534672834,plagioclase,4.37014131425468,1.354807660787397,False
lcp,hand,t0599,269,264,1.0,False,1.7329488521081087,plagioclase,3.088481271524229,1.3555324194161205,False
lcp,hand,t0433,76,222,1.0,False,2.783865533255302,plagioclase,4.1397181129312335,1.3558525796759313,False
lcp,hand,t0673,200,171,1.0,False,1.7550298604492542,plagioclase,3.111122280834697,1.356092420385443,False
lcp,confirmed,t1249,3700771661,136,0.75,False,6.522666684508445,plagioclase,7.8793816515768915,1.3567149670684469,False
lcp,hand,t0435,281,228,1.0,False,1.5914927221428894,plagioclase,2.94876869782756,1.3572759756846706,False
lcp,confirmed,t1249,31161119,10,1.0,False,6.316616297540967,hcp,7.675512264961094,1.3588959674201275,False
lcp,hand,t0599,90,57,1.0,False,0.8310408286205109,plagioclase,2.1904156167268827,1.3593747881063718,False
lcp,confirmed,t1250,944045279,31,0.75,False,8.427783381212167,plagioclase,9.787190279920797,1.3594068987086292,False
lcp,confirmed,t1322,1780621477,107,1.0,False,5.127148401979347,hcp,6.486784344038057,1.35963594205871,False
lcp,confirmed,t1322,1901133179,77,1.0,False,5.76511828988413,hcp,7.127112400234709,1.3619941103505786,False
lcp,confirmed,t1249,3929463622,132,1.0,False,5.776361460583067,plagioclase,7.13849313093458,1.3621316703515127,False
lcp,confirmed,t1249,2615557623,9,0.75,True,6.225887135713936,plagioclase,7.589385481680794,1.3634983459668577,False
lcp,hand,t0601,310,136,1.0,False,2.342684632632251,plagioclase,3.7075189008782914,1.3648342682460406,False
lcp,hand,t0531,248,269,1.0,False,0.9921334461285894,plagioclase,2.357315380686715,1.3651819345581253,False
lcp,confirmed,t1250,3354631759,11,1.0,False,5.234399127760239,plagioclase,6.603585439502403,1.3691863117421645,False
lcp,confirmed,t1249,4089756926,9513,1.0,False,4.06376281814887,plagioclase,5.433080263812278,1.369317445663408,False
lcp,confirmed,t1250,538039160,12,1.0,False,9.46742938183218,plagioclase,10.837643991961212,1.3702146101290325,False
lcp,confirmed,t1250,2117988963,31,0.75,False,7.338964487460764,plagioclase,8.710727929437201,1.3717634419764373,False
lcp,hand,t0601,308,122,1.0,False,2.740480122592864,plagioclase,4.112939487078066,1.3724593644852017,False
lcp,confirmed,t1250,3601424566,19,0.75,False,6.7671868967701805,plagioclase,8.139943428584022,1.3727565318138417,False
lcp,confirmed,t1249,223992796,17,0.75,False,6.000394582562067,plagioclase,7.374917455134301,1.3745228725722338,False
lcp,hand,t0601,35,122,1.0,False,3.77939238948445,plagioclase,5.1539634010227235,1.3745710115382734,False
lcp,hand,t0598,172,119,1.0,False,1.1040948380769513,plagioclase,2.481199078681853,1.3771042406049019,False
alteration,tag,t1086,287956219,292,1.0,False,0.6637116104793195,olivine,2.041140384144642,1.3774287736653223,False
lcp,confirmed,t1250,1420952859,39,1.0,False,6.65516734776309,hcp,8.032758296588833,1.377590948825743,False
lcp,confirmed,t1250,3249916515,2,1.0,True,7.681456603826065,hcp,9.059382068392933,1.377925464566868,False
lcp,confirmed,t1321,3702360219,26,0.75,False,6.402034150594627,plagioclase,7.780238367538511,1.3782042169438844,False
lcp,confirmed,t1249,3155459083,51,0.75,False,6.427401894887523,plagioclase,7.813608131975185,1.386206237087662,False
lcp,hand,t0599,267,196,1.0,False,4.021656124930348,plagioclase,5.410052033839533,1.3883959089091853,False
lcp,confirmed,t1249,1570112091,19,0.75,False,6.902118042627113,plagioclase,8.29132157648874,1.3892035338616262,False
lcp,confirmed,t1250,49105598,32,1.0,False,7.932009636877565,plagioclase,9.321597287297504,1.389587650419939,False
lcp,hand,t0598,275,45,1.0,False,3.0770815774650977,plagioclase,4.4679421199156275,1.3908605424505298,False
lcp,confirmed,t1249,2634303367,2,1.0,True,7.696853880292648,plagioclase,9.090031290384836,1.3931774100921883,False
lcp,hand,t0580,2,1229,1.0,False,2.5655593177291207,plagioclase,3.9587671483806863,1.3932078306515656,False
lcp,hand,t0599,294,381,1.0,False,1.2440975835024992,plagioclase,2.6373077710297275,1.3932101875272282,False
lcp,confirmed,t1250,3509537098,70,0.75,False,8.345063820705471,plagioclase,9.73936579297663,1.3943019722711583,False
lcp,confirmed,t1250,3354578614,49,1.0,False,6.603928970438537,plagioclase,7.998529076170674,1.3946001057321364,False
lcp,confirmed,t1249,359007744,32,1.0,False,5.7812022920818045,plagioclase,7.176791336631465,1.3955890445496602,False
lcp,hand,t0433,261,9,1.0,True,2.283465805726766,plagioclase,3.680000385717693,1.3965345799909272,False
lcp,confirmed,t1249,1794709434,63,1.0,False,5.381331513675442,plagioclase,6.77879978521487,1.3974682715394282,False
lcp,hand,t0507,0,358,1.0,False,4.664036836616257,plagioclase,6.061703847365784,1.3976670107495277,False
lcp,confirmed,t1322,2151992185,50,1.0,False,6.465838173970806,plagioclase,7.863930864847751,1.3980926908769442,False
lcp,hand,t0437,38,295,1.0,False,1.9290669287217248,plagioclase,3.3273423705696876,1.3982754418479628,False
alteration,tag,t1090,4128919382,4697,1.0,False,1.3609222640148912,olivine,2.759950752810969,1.3990284887960778,False
lcp,hand,t0525,271,97,1.0,False,0.8302120200565202,plagioclase,2.229572614310532,1.3993605942540117,False
lcp,confirmed,t1249,1341432178,18,0.75,False,7.070575824875073,plagioclase,8.4700800338422,1.3995042089671266,False
lcp,confirmed,t1249,986972592,131,1.0,False,7.3351070367530635,plagioclase,8.735037741878035,1.3999307051249712,False
lcp,confirmed,t1322,116447652,29,1.0,False,6.133659483134779,plagioclase,7.533794151816355,1.4001346686815763,False
lcp,confirmed,t1250,218616417,31,1.0,False,7.280950370050995,plagioclase,8.681367478667426,1.4004171086164305,False
lcp,hand,t0579,49,34,1.0,False,3.530078500953677,hcp,4.930895830892898,1.4008173299392213,False
lcp,hand,t0363,10,44,1.0,False,0.8795730494097547,plagioclase,2.281085064217971,1.4015120148082163,False
lcp,confirmed,t1249,2649009550,24,1.0,False,3.8351315153036443,plagioclase,5.237907907587062,1.402776392283418,False
lcp,hand,t0599,265,175,1.0,False,1.5305319229462284,plagioclase,2.9335755190527264,1.403043596106498,False
lcp,confirmed,t1250,2172621463,19,0.75,False,7.417580908833273,hcp,8.824613498183853,1.40703258935058,False
lcp,confirmed,t1249,901724477,196,1.0,False,6.260796405024683,plagioclase,7.66837116161029,1.407574756585607,False
lcp,confirmed,t1249,617582690,13,1.0,False,8.056261468065184,plagioclase,9.46397657224859,1.4077151041834064,False
lcp,confirmed,t1250,3063678047,26,1.0,False,5.465155390724217,plagioclase,6.87292079588708,1.4077654051628636,False
lcp,confirmed,t1250,556662640,13,1.0,False,5.979675636574182,plagioclase,7.3897043672926825,1.4100287307185004,False
lcp,confirmed,t1249,131041980,32,1.0,False,3.5628829191561535,plagioclase,4.975338256998369,1.4124553378422156,False
lcp,confirmed,t1249,1606488798,55,0.75,False,6.222632574528588,plagioclase,7.636070521849977,1.4134379473213885,False
lcp,hand,t0599,199,354,1.0,False,1.6715722318902928,plagioclase,3.086432839909738,1.4148606080194452,False
lcp,confirmed,t1250,1269811180,68,1.0,False,10.731021780946774,plagioclase,12.146601731312234,1.4155799503654602,False
lcp,hand,t0670,91,42,1.0,False,1.6430700232889834,plagioclase,3.0610083050231904,1.417938281734207,False
lcp,hand,t0526,249,62,1.0,False,1.9307366401502153,plagioclase,3.34915875475751,1.4184221146072946,False
lcp,hand,t0437,36,1036,1.0,False,1.536588706719998,plagioclase,2.956172414080877,1.4195837073608792,False
lcp,confirmed,t1322,3769056426,13,0.75,False,6.983516608734204,plagioclase,8.403218896044905,1.4197022873107006,False
lcp,hand,t0599,98,86,1.0,False,4.653000908312257,plagioclase,6.0728593184880975,1.4198584101758405,False
lcp,hand,t0602,206,271,1.0,False,2.095505745960017,plagioclase,3.5160581404425595,1.4205523944825424,False
lcp,hand,t0601,62,213,1.0,False,1.4395231395469923,plagioclase,2.860736334364317,1.4212131948173246,False
lcp,confirmed,t1249,2335918899,39,1.0,False,4.726536043240994,plagioclase,6.147982612254181,1.4214465690131872,False
lcp,confirmed,t1249,1676401525,157,1.0,False,7.721995551658809,plagioclase,9.145870477145357,1.4238749254865475,False
lcp,confirmed,t1249,2198409797,29,1.0,False,5.775667278375196,plagioclase,7.19997927160446,1.4243119932292636,False
lcp,confirmed,t1322,1004059960,17,1.0,False,6.796315826779456,plagioclase,8.221190898714458,1.4248750719350012,False
lcp,confirmed,t1249,1375487507,8,1.0,True,6.864839019171309,plagioclase,8.290264590326267,1.4254255711549577,False
lcp,confirmed,t1249,3410511258,11,0.75,False,5.643123940071829,plagioclase,7.072610816556716,1.4294868764848863,False
lcp,hand,t0579,25,89,1.0,False,3.2746813360246767,plagioclase,4.705923725060907,1.43124238903623,False
lcp,hand,t0579,23,71,1.0,False,3.2743162700268766,plagioclase,4.705806269711055,1.4314899996841786,False
lcp,hand,t0505,28,56,1.0,False,2.3358387246908223,plagioclase,3.768794814471294,1.4329560897804718,False
lcp,hand,t0505,30,53,1.0,False,1.4281637000081449,plagioclase,2.8613780214892555,1.4332143214811106,False
lcp,hand,t0674,115,33,1.0,False,2.1000458154892736,plagioclase,3.5333729027055334,1.4333270872162598,False
lcp,confirmed,t1249,2485158647,28,0.75,False,5.956974863897193,plagioclase,7.392563173747201,1.435588309850008,False
lcp,confirmed,t1249,186905037,26,1.0,False,5.015583402811312,plagioclase,6.453524593483471,1.4379411906721593,False
lcp,confirmed,t1249,3981915513,51,1.0,False,5.41893530538934,plagioclase,6.858525433338681,1.4395901279493408,False
lcp,confirmed,t1249,2685927246,49,1.0,False,4.669988654048904,plagioclase,6.1097994491786,1.439810795129696,False
lcp,confirmed,t1250,2747182399,9,0.75,True,6.441766313169932,plagioclase,7.8828774507474115,1.4411111375774794,False
lcp,confirmed,t1322,1462059388,19,1.0,False,5.8521748305792185,plagioclase,7.2939194692206835,1.441744638641465,False
lcp,confirmed,t1322,3715615325,25,1.0,False,5.169541749499301,plagioclase,6.611560848976046,1.4420190994767452,False
lcp,confirmed,t1249,2159781799,29,1.0,False,4.8176425633901685,plagioclase,6.25986206798091,1.4422195045907413,False
lcp,confirmed,t1249,3628348920,73,1.0,False,5.837667544232956,plagioclase,7.2806720749408305,1.4430045307078743,False
lcp,confirmed,t1249,2677343518,9,1.0,True,4.429875152976846,plagioclase,5.873178959303509,1.4433038063266626,False
lcp,confirmed,t1249,2845441175,28,1.0,False,5.510088460748049,plagioclase,6.959337416060252,1.4492489553122025,False
lcp,confirmed,t1249,1937077321,37,1.0,False,4.94413323727858,plagioclase,6.395351673168913,1.4512184358903335,False
lcp,confirmed,t1322,3529222007,502,1.0,False,5.87496086499483,plagioclase,7.326501686129799,1.4515408211349685,False
lcp,hand,t0599,207,146,1.0,False,2.6804166417516284,plagioclase,4.134701281220892,1.4542846394692632,False
lcp,confirmed,t1322,2067968162,440,1.0,False,6.667538030763782,plagioclase,8.121916409718791,1.4543783789550089,False
lcp,hand,t0507,70,100,1.0,False,1.0343483399332971,plagioclase,2.4903360301726876,1.4559876902393905,False
alteration,confirmed,t1087,3446503742,23,1.0,False,5.215845405904414,olivine,6.672770866905832,1.4569254610014184,False
lcp,confirmed,t1322,2386897258,24,1.0,False,6.271316051733948,plagioclase,7.729144920481453,1.4578288687475043,False
lcp,confirmed,t1249,191257557,22,1.0,False,6.420766118831877,plagioclase,7.878721162364716,1.4579550435328388,False
lcp,confirmed,t1249,165742545,16,1.0,False,6.747728700110701,plagioclase,8.207776046986792,1.4600473468760908,False
alteration,tag,t1087,3446503742,33,1.0,False,2.4706012199034877,olivine,3.932394669547719,1.4617934496442313,False
lcp,confirmed,t1249,1851782556,15,1.0,False,4.714291234380059,plagioclase,6.182284283706452,1.4679930493263935,False
lcp,confirmed,t1249,2607514928,19,1.0,False,5.387751849736928,plagioclase,6.856171479107406,1.4684196293704783,False
lcp,confirmed,t1322,2259135938,44,1.0,False,7.00943429698144,plagioclase,8.48179010192614,1.4723558049447005,False
lcp,confirmed,t1322,2345722116,339,1.0,False,7.100964049335738,plagioclase,8.580421186376956,1.4794571370412175,False
lcp,confirmed,t1249,766540492,16,1.0,False,4.812046886435712,plagioclase,6.29743982612762,1.4853929396919083,False
lcp,confirmed,t1249,1333486398,27,1.0,False,4.338355867392592,plagioclase,5.83099067046529,1.492634803072698,False
alteration,tag,t1086,3034861844,905,1.0,False,2.136441185085975,olivine,3.6339111847624928,1.4974699996765177,False
alteration,tag,t1086,937358676,2463,1.0,False,1.9718436398526156,olivine,3.511969305016986,1.5401256651643704,False
alteration,tag,t1086,3816151731,535,1.0,False,0.7616751100475565,olivine,2.30861451125626,1.5469394012087034,False
alteration,tag,t1086,3943353860,4707,1.0,False,2.1624180296720255,olivine,3.7107751455633133,1.5483571158912879,False
lcp,hand,t0603,29,130,1.0,False,0.0,plagioclase,1.55193668229337,1.55193668229337,False
alteration,tag,t1090,627216735,1328,1.0,False,1.564669647920526,hcp,3.1276655014469004,1.5629958535263744,False
alteration,confirmed,t1087,634579717,5,1.0,True,3.931448328375389,olivine,5.497162920896602,1.5657145925212128,False
alteration,tag,t1086,4138606716,35,1.0,False,0.5379528150844044,olivine,2.1297664010039465,1.5918135859195421,False
alteration,tag,t1087,3403596292,2027,1.0,False,3.930813386942097,olivine,5.526014760633873,1.595201373691776,False
alteration,tag,t1087,922839348,26,1.0,False,2.390599864514428,olivine,4.004453177183554,1.613853312669126,False
alteration,tag,t1090,3855927273,43,1.0,False,1.3821493926543793,plagioclase,2.9981104618589334,1.615961069204554,False
alteration,tag,t1086,2764871231,6331,1.0,False,3.5888052295126807,olivine,5.239082871372448,1.650277641859767,False
alteration,tag,t1087,2178132473,8623,1.0,False,2.6412308322741525,olivine,4.317831167273592,1.6766003349994398,False
alteration,tag,t1087,3811057088,26,1.0,False,2.6058919113429226,olivine,4.291163317248581,1.6852714059056586,False
alteration,tag,t1086,2955445046,91,1.0,False,1.5303676327692814,olivine,3.2515114674282604,1.721143834658979,False
alteration,tag,t1087,328075037,179,1.0,False,2.9144141274351427,olivine,4.643744336600178,1.729330209165035,False
alteration,confirmed,t1086,321094986,55,1.0,False,3.2516836979802335,olivine,4.992084494464778,1.7404007964845443,False
alteration,tag,t1086,694052940,91,1.0,False,0.563747069052348,olivine,2.3133850868921844,1.7496380178398363,False
alteration,tag,t1086,1549730320,1221,1.0,False,0.5773343624331951,olivine,2.3315337983420914,1.7541994359088964,False
alteration,tag,t1086,3168026938,112,1.0,False,0.9553271768627436,olivine,2.723400709000899,1.7680735321381555,False
alteration,tag,t1086,3911533454,8,1.0,True,0.6454856474500992,olivine,2.4326789019182598,1.7871932544681606,False
alteration,tag,t1090,1389556716,19,1.0,False,1.4010070770659147,olivine,3.1895127723975105,1.7885056953315959,False
alteration,tag,t1087,4152517084,13,1.0,False,1.6543334875572373,olivine,3.4429087439012345,1.7885752563439972,False
alteration,tag,t1087,3401113200,19,1.0,False,1.512101192276518,olivine,3.3208913674314213,1.8087901751549034,False
alteration,tag,t1087,2529162683,72,1.0,False,0.6316440298538009,olivine,2.44525726535947,1.8136132355056693,False
alteration,tag,t1086,2435696244,574,1.0,False,2.414537103800885,olivine,4.248083742549958,1.8335466387490729,False
alteration,confirmed,t1087,1328516991,10,1.0,False,1.4231809006422504,olivine,3.4430241731328537,2.0198432724906032,False
alteration,tag,t1086,3275963604,211,1.0,False,0.7205143245813487,olivine,2.8156495466329163,2.0951352220515678,False
alteration,tag,t1086,51662317,676,1.0,False,0.7053772867791701,olivine,2.800717990978837,2.095340704199667,False
alteration,tag,t1086,1398976785,360,1.0,False,0.0,olivine,2.3375921810741813,2.3375921810741813,False
